COMBUSTIBLE;ESTADO;FECHA_REGISTRO;ANIO_REGISTRO;CLASE;DEPARTAMENTO;CANTIDAD 
ELECTRICO;ACTIVO;28/09/2015;2015;MOTOCICLETA;Caqueta;1
ELECTRICO;ACTIVO;25/10/2021;2021;CAMIONETA;Cundinamarca;1
ELECTRICO;ACTIVO;31/10/2019;2019;AUTOMOVIL;Bogota D.C.;1
ELECTRICO;ACTIVO;27/08/2021;2021;AUTOMOVIL;Antioquia;1
ELECTRICO;ACTIVO;10/06/2020;2020;CAMIONETA;Antioquia;1
ELECTRICO;ACTIVO;14/03/2014;2014;MOTOCICLETA;Bogota D.C.;1
ELECTRICO;ACTIVO;11/06/2021;2021;MOTOTRICICLO;Cundinamarca;1
ELECTRICO;ACTIVO;22/12/2021;2021;CAMIONETA;Bogota D.C.;1
ELECTRICO;ACTIVO;23/06/2021;2021;AUTOMOVIL;Antioquia;1
ELECTRICO;ACTIVO;14/03/2022;2022;BUS;Bogota D.C.;1
ELECTRICO;ACTIVO;23/12/2016;2016;AUTOMOVIL;Antioquia;1
ELECTRICO;ACTIVO;18/03/2021;2021;AUTOMOVIL;Norte de Santander;1
ELECTRICO;ACTIVO;17/09/2021;2021;AUTOMOVIL;Antioquia;1
ELECTRICO;ACTIVO;15/03/2022;2022;AUTOMOVIL;Cundinamarca;1
ELECTRICO;ACTIVO;10/11/2016;2016;MOTOCARRO;Cundinamarca;1
ELECTRICO;ACTIVO;11/10/2016;2016;MOTOCARRO;Cundinamarca;1
ELECTRICO;ACTIVO;22/01/2013;2013;MOTOCICLETA;Antioquia;1
ELECTRICO;ACTIVO;5/09/2018;2018;CUADRICICLO;Bogota D.C.;1
ELECTRICO;ACTIVO;29/10/2021;2021;CUADRICICLO;Bogota D.C.;1
ELECTRICO;ACTIVO;10/03/2022;2022;CAMIONETA;Bogota D.C.;1
ELECTRICO;ACTIVO;14/01/2020;2020;CUADRICICLO;Bogota D.C.;1
ELECTRICO;ACTIVO;30/05/2019;2019;CUADRICICLO;Antioquia;1
ELECTRICO;ACTIVO;12/03/2022;2022;BUS;Bogota D.C.;1
ELECTRICO;ACTIVO;10/12/2019;2019;AUTOMOVIL;Bogota D.C.;1
ELECTRICO;ACTIVO;31/01/2019;2019;AUTOMOVIL;Bogota D.C.;1
ELECTRICO;ACTIVO;21/05/2021;2021;MOTOCICLETA;Atlantico;1
ELECTRICO;ACTIVO;3/12/2020;2020;CAMIONETA;Quindio;1
ELECTRICO;ACTIVO;12/07/2021;2021;AUTOMOVIL;Bogota D.C.;1
ELECTRICO;ACTIVO;3/10/2018;2018;CAMIONETA;Antioquia;1
ELECTRICO;ACTIVO;16/03/2022;2022;BUS;Bogota D.C.;1
ELECTRICO;ACTIVO;20/09/2019;2019;AUTOMOVIL;Antioquia;1
ELECTRICO;ACTIVO;4/03/2021;2021;AUTOMOVIL;Bogota D.C.;1
ELECTRICO;ACTIVO;27/12/2018;2018;AUTOMOVIL;Antioquia;1
ELECTRICO;ACTIVO;16/03/2012;2012;MOTOCICLETA;Santander;1
ELECTRICO;ACTIVO;26/12/2019;2019;AUTOMOVIL;Bogota D.C.;1
ELECTRICO;ACTIVO;15/02/2018;2018;CUADRICICLO;Valle del Cauca;1
ELECTRICO;ACTIVO;10/12/2020;2020;CAMION;Antioquia;1
ELECTRICO;ACTIVO;6/08/2015;2015;CAMIONETA;Valle del Cauca;1
ELECTRICO;ACTIVO;28/08/2021;2021;AUTOMOVIL;Bogota D.C.;1
ELECTRICO;ACTIVO;14/07/2014;2014;MOTOCICLETA;Antioquia;1
ELECTRICO;ACTIVO;30/08/2013;2013;MOTOCICLETA;Antioquia;1
ELECTRICO;ACTIVO;19/12/2019;2019;CAMION;Antioquia;1
ELECTRICO;ACTIVO;13/05/2021;2021;CUADRICICLO;Bogota D.C.;1
ELECTRICO;ACTIVO;21/07/2021;2021;AUTOMOVIL;Bolivar;1
ELECTRICO;ACTIVO;26/01/2022;2022;BUS;Bogota D.C.;1
ELECTRICO;ACTIVO;15/02/2012;2012;MOTOCICLETA;Antioquia;1
ELECTRICO;ACTIVO;7/07/2014;2014;MOTOCICLETA;Bogota D.C.;1
ELECTRICO;ACTIVO;3/11/2017;2017;AUTOMOVIL;Antioquia;1
ELECTRICO;ACTIVO;27/08/2013;2013;MOTOCICLETA;Antioquia;1
ELECTRICO;ACTIVO;28/02/2019;2019;CAMIONETA;Antioquia;1
ELECTRICO;ACTIVO;24/08/2015;2015;MOTOCICLETA;Huila;1
ELECTRICO;ACTIVO;15/01/2022;2022;CAMIONETA;Bogota D.C.;1
ELECTRICO;ACTIVO;26/04/2019;2019;AUTOMOVIL;Bogota D.C.;1
ELECTRICO;ACTIVO;29/12/2016;2016;AUTOMOVIL;Bogota D.C.;1
ELECTRICO;ACTIVO;18/02/2020;2020;CAMIONETA;Antioquia;1
ELECTRICO;ACTIVO;30/03/2022;2022;AUTOMOVIL;Cundinamarca;1
ELECTRICO;ACTIVO;12/05/2021;2021;CUADRICICLO;Antioquia;1
ELECTRICO;ACTIVO;11/09/2015;2015;AUTOMOVIL;Bolivar;1
ELECTRICO;ACTIVO;29/04/2010;2010;CAMIONETA;Valle del Cauca;1
ELECTRICO;ACTIVO;4/03/2020;2020;AUTOMOVIL;Bogota D.C.;1
ELECTRICO;ACTIVO;31/05/2021;2021;CUADRICICLO;Bogota D.C.;1
ELECTRICO;ACTIVO;10/11/2020;2020;BUS;Bogota D.C.;1
ELECTRICO;ACTIVO;13/11/2014;2014;MOTOCICLETA;Antioquia;1
ELECTRICO;ACTIVO;9/11/2018;2018;AUTOMOVIL;Antioquia;1
ELECTRICO;ACTIVO;15/07/2020;2020;CUADRICICLO;Bogota D.C.;1
ELECTRICO;ACTIVO;27/01/2022;2022;AUTOMOVIL;Bogota D.C.;1
ELECTRICO;ACTIVO;14/11/2020;2020;BUS;Bogota D.C.;1
ELECTRICO;ACTIVO;15/03/2022;2022;BUS;Bogota D.C.;1
ELECTRICO;ACTIVO;26/01/2021;2021;CAMIONETA;Antioquia;1
ELECTRICO;ACTIVO;14/05/2020;2020;AUTOMOVIL;Antioquia;1
ELECTRICO;ACTIVO;26/08/2020;2020;AUTOMOVIL;Bogota D.C.;1
ELECTRICO;ACTIVO;24/04/2017;2017;MOTOCICLETA;Antioquia;1
ELECTRICO;ACTIVO;26/10/2020;2020;AUTOMOVIL;Bogota D.C.;1
ELECTRICO;ACTIVO;16/06/2015;2015;MOTOCICLETA;Santander;1
ELECTRICO;ACTIVO;22/12/2012;2012;AUTOMOVIL;Valle del Cauca;1
ELECTRICO;ACTIVO;25/11/2021;2021;CAMION;Antioquia;1
ELECTRICO;ACTIVO;9/12/2020;2020;MOTOCICLETA;Antioquia;1
ELECTRICO;ACTIVO;16/10/2019;2019;TRICIMOTO;Valle del Cauca;1
ELECTRICO;ACTIVO;2/03/2021;2021;AUTOMOVIL;Valle del Cauca;1
ELECTRICO;ACTIVO;24/05/2013;2013;MOTOCICLETA;Bogota D.C.;1
ELECTRICO;ACTIVO;30/08/2019;2019;AUTOMOVIL;Bogota D.C.;1
ELECTRICO;ACTIVO;2/10/2017;2017;AUTOMOVIL;Bogota D.C.;1
ELECTRICO;ACTIVO;25/11/2021;2021;AUTOMOVIL;Antioquia;1
ELECTRICO;ACTIVO;1/02/2022;2022;BUS;Bogota D.C.;1
ELECTRICO;ACTIVO;28/12/2020;2020;CUADRICICLO;Antioquia;1
ELECTRICO;ACTIVO;2/12/2014;2014;MOTOCICLETA;Meta;1
ELECTRICO;ACTIVO;13/08/2019;2019;AUTOMOVIL;Antioquia;1
ELECTRICO;ACTIVO;24/08/2015;2015;AUTOMOVIL;Bogota D.C.;1
ELECTRICO;ACTIVO;15/11/2017;2017;AUTOMOVIL;Bogota D.C.;1
ELECTRICO;ACTIVO;30/07/2019;2019;CAMIONETA;Antioquia;1
ELECTRICO;ACTIVO;16/03/2022;2022;CAMIONETA;Antioquia;1
ELECTRICO;ACTIVO;31/08/2019;2019;AUTOMOVIL;Bogota D.C.;1
ELECTRICO;ACTIVO;18/01/2022;2022;CAMIONETA;Bogota D.C.;1
ELECTRICO;ACTIVO;28/11/2018;2018;AUTOMOVIL;Bogota D.C.;1
ELECTRICO;ACTIVO;21/09/2018;2018;AUTOMOVIL;Antioquia;1
ELECTRICO;ACTIVO;27/02/2020;2020;AUTOMOVIL;Bogota D.C.;1
ELECTRICO;ACTIVO;28/10/2020;2020;AUTOMOVIL;Antioquia;1
ELECTRICO;ACTIVO;29/01/2022;2022;CAMIONETA;Bogota D.C.;1
ELECTRICO;ACTIVO;29/10/2021;2021;AUTOMOVIL;Bogota D.C.;1
ELECTRICO;ACTIVO;29/11/2021;2021;AUTOMOVIL;Bogota D.C.;1
ELECTRICO;ACTIVO;24/01/2022;2022;BUS;Bogota D.C.;1
ELECTRICO;ACTIVO;26/09/2019;2019;AUTOMOVIL;Antioquia;1
ELECTRICO;ACTIVO;11/03/2022;2022;BUS;Bogota D.C.;1
ELECTRICO;ACTIVO;20/09/2019;2019;AUTOMOVIL;Antioquia;1
ELECTRICO;ACTIVO;9/11/2020;2020;BUS;Bogota D.C.;1
ELECTRICO;ACTIVO;30/07/2020;2020;CUADRICICLO;Antioquia;1
ELECTRICO;ACTIVO;15/09/2020;2020;CAMION;Antioquia;1
ELECTRICO;ACTIVO;5/09/2017;2017;AUTOMOVIL;Bogota D.C.;1
ELECTRICO;ACTIVO;27/02/2021;2021;AUTOMOVIL;Antioquia;1
ELECTRICO;ACTIVO;6/12/2019;2019;BUS;Antioquia;1
ELECTRICO;ACTIVO;15/08/2013;2013;AUTOMOVIL;Bogota D.C.;1
ELECTRICO;ACTIVO;29/12/2016;2016;MOTOCICLETA;Antioquia;1
ELECTRICO;ACTIVO;8/03/2021;2021;CAMIONETA;Bogota D.C.;1
ELECTRICO;ACTIVO;21/02/2022;2022;CAMIONETA;Cundinamarca;1
ELECTRICO;ACTIVO;23/07/2020;2020;CAMIONETA;Bogota D.C.;1
ELECTRICO;ACTIVO;7/12/2011;2011;MOTOCICLETA;Bogota D.C.;1
ELECTRICO;ACTIVO;28/12/2020;2020;AUTOMOVIL;Antioquia;1
ELECTRICO;ACTIVO;28/03/2019;2019;CAMIONETA;Caldas;1
ELECTRICO;ACTIVO;23/11/2012;2012;MOTOCICLETA;Bogota D.C.;1
ELECTRICO;ACTIVO;30/07/2020;2020;CUADRICICLO;Antioquia;1
ELECTRICO;ACTIVO;30/05/2017;2017;CAMIONETA;Bogota D.C.;1
ELECTRICO;ACTIVO;29/12/2020;2020;AUTOMOVIL;Risaralda;1
ELECTRICO;ACTIVO;5/12/2019;2019;AUTOMOVIL;Bogota D.C.;1
ELECTRICO;ACTIVO;15/11/2014;2014;MOTOCICLETA;Meta;1
ELECTRICO;ACTIVO;22/07/2014;2014;MOTOCICLETA;Santander;1
ELECTRICO;ACTIVO;19/04/2021;2021;AUTOMOVIL;Antioquia;1
ELECTRICO;ACTIVO;17/06/2020;2020;AUTOMOVIL;Bogota D.C.;1
ELECTRICO;ACTIVO;2/06/2021;2021;CUADRICICLO;Santander;1
ELECTRICO;ACTIVO;15/07/2021;2021;CAMIONETA;Antioquia;1
ELECTRICO;ACTIVO;11/10/2012;2012;MOTOCICLETA;Bogota D.C.;1
ELECTRICO;ACTIVO;19/12/2016;2016;AUTOMOVIL;Bogota D.C.;1
ELECTRICO;ACTIVO;28/10/2020;2020;AUTOMOVIL;Meta;1
ELECTRICO;ACTIVO;30/03/2022;2022;CUADRICICLO;Antioquia;1
ELECTRICO;ACTIVO;8/06/2020;2020;AUTOMOVIL;Bogota D.C.;1
ELECTRICO;ACTIVO;28/12/2020;2020;CUADRICICLO;Antioquia;1
ELECTRICO;ACTIVO;9/11/2020;2020;BUS;Bogota D.C.;1
ELECTRICO;ACTIVO;28/12/2020;2020;CUADRICICLO;Antioquia;1
ELECTRICO;ACTIVO;16/09/2021;2021;AUTOMOVIL;Cundinamarca;1
ELECTRICO;ACTIVO;13/02/2015;2015;MOTOCICLETA;Antioquia;1
ELECTRICO;ACTIVO;20/10/2021;2021;CAMION;Antioquia;1
ELECTRICO;ACTIVO;5/02/2019;2019;TRICIMOTO;Bogota D.C.;1
ELECTRICO;ACTIVO;13/11/2020;2020;BUS;Bogota D.C.;1
ELECTRICO;ACTIVO;26/11/2021;2021;CUADRICICLO;Bogota D.C.;1
ELECTRICO;ACTIVO;11/03/2020;2020;CAMIONETA;Antioquia;1
ELECTRICO;ACTIVO;11/11/2020;2020;BUS;Bogota D.C.;1
ELECTRICO;ACTIVO;11/03/2020;2020;CAMIONETA;Antioquia;1
ELECTRICO;ACTIVO;6/12/2019;2019;BUS;Antioquia;1
ELECTRICO;ACTIVO;2/11/2010;2010;MOTOCICLETA;Antioquia;1
ELECTRICO;ACTIVO;16/10/2015;2015;MOTOCICLETA;Bogota D.C.;1
ELECTRICO;ACTIVO;12/05/2021;2021;CUADRICICLO;Antioquia;1
ELECTRICO;ACTIVO;27/06/2016;2016;MOTOCICLETA;Bogota D.C.;1
ELECTRICO;ACTIVO;12/12/2018;2018;CUADRICICLO;Cundinamarca;1
ELECTRICO;ACTIVO;4/07/2018;2018;MOTOCICLETA;Valle del Cauca;1
ELECTRICO;ACTIVO;21/02/2022;2022;AUTOMOVIL;Bogota D.C.;1
ELECTRICO;ACTIVO;2/03/2021;2021;AUTOMOVIL;Bogota D.C.;1
ELECTRICO;ACTIVO;20/10/2014;2014;AUTOMOVIL;Bogota D.C.;1
ELECTRICO;ACTIVO;24/02/2021;2021;AUTOMOVIL;Bogota D.C.;1
ELECTRICO;ACTIVO;25/11/2021;2021;CAMION;Antioquia;1
ELECTRICO;ACTIVO;15/01/2022;2022;BUS;Bogota D.C.;1
ELECTRICO;ACTIVO;5/09/2012;2012;MOTOCICLETA;Bogota D.C.;1
ELECTRICO;ACTIVO;14/09/2021;2021;AUTOMOVIL;Bogota D.C.;1
ELECTRICO;ACTIVO;22/10/2021;2021;CAMIONETA;Antioquia;1
ELECTRICO;ACTIVO;29/12/2020;2020;MOTOCICLETA;Risaralda;1
ELECTRICO;ACTIVO;9/09/2019;2019;AUTOMOVIL;Bogota D.C.;1
ELECTRICO;ACTIVO;3/01/2022;2022;CAMION;Antioquia;1
ELECTRICO;ACTIVO;3/09/2014;2014;MOTOCICLETA;Valle del Cauca;1
ELECTRICO;ACTIVO;15/01/2022;2022;BUS;Bogota D.C.;1
ELECTRICO;ACTIVO;19/02/2020;2020;CAMIONETA;Antioquia;1
ELECTRICO;ACTIVO;30/12/2021;2021;CAMIONETA;Bogota D.C.;1
ELECTRICO;ACTIVO;25/03/2022;2022;CUADRICICLO;Antioquia;1
ELECTRICO;ACTIVO;28/11/2012;2012;MOTOCICLETA;Antioquia;1
ELECTRICO;ACTIVO;5/11/2020;2020;BUS;Bogota D.C.;1
ELECTRICO;ACTIVO;24/05/2013;2013;MOTOCICLETA;Bogota D.C.;1
ELECTRICO;ACTIVO;28/11/2019;2019;BUS;Antioquia;1
ELECTRICO;ACTIVO;28/11/2012;2012;MOTOCICLETA;Antioquia;1
ELECTRICO;ACTIVO;19/11/2021;2021;CAMIONETA;Cundinamarca;1
ELECTRICO;ACTIVO;15/08/2013;2013;AUTOMOVIL;Bogota D.C.;1
ELECTRICO;ACTIVO;15/07/2016;2016;CAMIONETA;Bogota D.C.;1
ELECTRICO;ACTIVO;30/07/2021;2021;AUTOMOVIL;Antioquia;1
ELECTRICO;ACTIVO;30/08/2010;2010;AUTOMOVIL;Bogota D.C.;1
ELECTRICO;ACTIVO;26/01/2022;2022;BUS;Bogota D.C.;1
ELECTRICO;ACTIVO;24/01/2022;2022;BUS;Bogota D.C.;1
ELECTRICO;ACTIVO;22/05/2019;2019;AUTOMOVIL;Bogota D.C.;1
ELECTRICO;ACTIVO;30/03/2019;2019;CUADRICICLO;Antioquia;1
ELECTRICO;ACTIVO;23/09/2016;2016;MOTOCICLETA;Valle del Cauca;1
ELECTRICO;ACTIVO;27/08/2019;2019;AUTOMOVIL;Bogota D.C.;1
ELECTRICO;ACTIVO;24/01/2022;2022;BUS;Bogota D.C.;1
ELECTRICO;ACTIVO;27/02/2020;2020;AUTOMOVIL;Bogota D.C.;1
ELECTRICO;ACTIVO;22/09/2021;2021;MOTOCARRO;Cundinamarca;1
ELECTRICO;ACTIVO;2/12/2021;2021;CAMIONETA;Bogota D.C.;1
ELECTRICO;ACTIVO;26/01/2022;2022;BUS;Bogota D.C.;1
ELECTRICO;ACTIVO;22/05/2019;2019;AUTOMOVIL;Bogota D.C.;1
ELECTRICO;ACTIVO;13/09/2019;2019;AUTOMOVIL;Bogota D.C.;1
ELECTRICO;ACTIVO;10/02/2021;2021;CUADRICICLO;Bogota D.C.;1
ELECTRICO;ACTIVO;24/02/2015;2015;MOTOCICLETA;Antioquia;1
ELECTRICO;ACTIVO;7/04/2017;2017;MOTOCICLETA;Antioquia;1
ELECTRICO;ACTIVO;5/12/2018;2018;MOTOCARRO;Antioquia;1
ELECTRICO;ACTIVO;29/12/2021;2021;AUTOMOVIL;Cundinamarca;1
ELECTRICO;ACTIVO;18/02/2019;2019;CUADRICICLO;Bogota D.C.;1
ELECTRICO;ACTIVO;16/03/2017;2017;CAMIONETA;Antioquia;1
ELECTRICO;ACTIVO;16/03/2017;2017;CAMIONETA;Antioquia;1
ELECTRICO;ACTIVO;14/02/2022;2022;CAMIONETA;Antioquia;1
ELECTRICO;ACTIVO;8/09/2015;2015;MOTOCICLETA;Antioquia;1
ELECTRICO;ACTIVO;6/08/2021;2021;CAMIONETA;Archipielago de San Andres;1
ELECTRICO;ACTIVO;5/04/2021;2021;CAMIONETA;Bogota D.C.;1
ELECTRICO;ACTIVO;15/05/2020;2020;AUTOMOVIL;Bogota D.C.;1
ELECTRICO;ACTIVO;10/04/2019;2019;AUTOMOVIL;Antioquia;1
ELECTRICO;ACTIVO;26/02/2021;2021;AUTOMOVIL;Antioquia;1
ELECTRICO;ACTIVO;18/09/2020;2020;AUTOMOVIL;Antioquia;1
ELECTRICO;ACTIVO;19/01/2022;2022;BUS;Bogota D.C.;1
ELECTRICO;ACTIVO;23/07/2020;2020;CAMIONETA;Bogota D.C.;1
ELECTRICO;ACTIVO;12/02/2014;2014;MOTOCICLETA;Antioquia;1
ELECTRICO;ACTIVO;24/04/2015;2015;MOTOCICLETA;Cundinamarca;1
ELECTRICO;ACTIVO;28/06/2014;2014;MOTOCICLETA;Antioquia;1
ELECTRICO;ACTIVO;9/11/2021;2021;MOTOCARRO;Valle del Cauca;1
ELECTRICO;ACTIVO;18/11/2011;2011;MOTOCICLETA;Antioquia;1
ELECTRICO;ACTIVO;15/03/2017;2017;AUTOMOVIL;Bogota D.C.;1
ELECTRICO;ACTIVO;27/12/2018;2018;AUTOMOVIL;Cundinamarca;1
ELECTRICO;ACTIVO;13/01/2021;2021;MOTOCICLETA;Antioquia;1
ELECTRICO;ACTIVO;5/08/2015;2015;MOTOCICLETA;Santander;1
ELECTRICO;ACTIVO;27/01/2021;2021;TRICIMOTO;Valle del Cauca;1
ELECTRICO;ACTIVO;27/04/2016;2016;AUTOMOVIL;Caldas;1
ELECTRICO;ACTIVO;25/05/2013;2013;MOTOCICLETA;Bogota D.C.;1
ELECTRICO;ACTIVO;23/05/2018;2018;AUTOMOVIL;Antioquia;1
ELECTRICO;ACTIVO;18/02/2022;2022;BUS;Bogota D.C.;1
ELECTRICO;ACTIVO;10/10/2019;2019;AUTOMOVIL;Antioquia;1
ELECTRICO;ACTIVO;28/12/2020;2020;CUADRICICLO;Antioquia;1
ELECTRICO;ACTIVO;30/06/2016;2016;MOTOCICLETA;Antioquia;1
ELECTRICO;ACTIVO;28/06/2012;2012;MOTOCICLETA;Bogota D.C.;1
ELECTRICO;ACTIVO;17/04/2018;2018;CUADRICICLO;Bogota D.C.;1
ELECTRICO;ACTIVO;6/12/2012;2012;AUTOMOVIL;Bogota D.C.;1
ELECTRICO;ACTIVO;19/10/2017;2017;CUADRICICLO;Bogota D.C.;1
ELECTRICO;ACTIVO;10/03/2021;2021;AUTOMOVIL;Bogota D.C.;1
ELECTRICO;ACTIVO;23/10/2015;2015;AUTOMOVIL;Bogota D.C.;1
ELECTRICO;ACTIVO;28/12/2020;2020;CUADRICICLO;Antioquia;1
ELECTRICO;ACTIVO;26/03/2022;2022;CAMIONETA;Antioquia;1
ELECTRICO;ACTIVO;18/06/2015;2015;AUTOMOVIL;Bogota D.C.;1
ELECTRICO;ACTIVO;13/11/2020;2020;BUS;Bogota D.C.;1
ELECTRICO;ACTIVO;30/08/2019;2019;AUTOMOVIL;Cundinamarca;1
ELECTRICO;ACTIVO;6/08/2014;2014;MOTOCICLETA;Bogota D.C.;1
ELECTRICO;ACTIVO;30/03/2011;2011;MOTOCICLETA;Antioquia;1
ELECTRICO;ACTIVO;26/12/2019;2019;AUTOMOVIL;Bogota D.C.;1
ELECTRICO;ACTIVO;31/01/2022;2022;CAMION;Antioquia;1
ELECTRICO;ACTIVO;29/12/2020;2020;CAMIONETA;Cundinamarca;1
ELECTRICO;ACTIVO;9/11/2017;2017;AUTOMOVIL;Bogota D.C.;1
ELECTRICO;ACTIVO;24/05/2013;2013;MOTOCICLETA;Bogota D.C.;1
ELECTRICO;ACTIVO;23/10/2019;2019;AUTOMOVIL;Bogota D.C.;1
ELECTRICO;ACTIVO;13/02/2015;2015;MOTOCICLETA;Antioquia;1
ELECTRICO;ACTIVO;22/10/2021;2021;CAMIONETA;Antioquia;1
ELECTRICO;ACTIVO;14/01/2021;2021;MICROBUS;Valle del Cauca;1
ELECTRICO;ACTIVO;31/08/2021;2021;CUADRICICLO;Cundinamarca;1
ELECTRICO;ACTIVO;27/09/2021;2021;CUADRICICLO;Antioquia;1
ELECTRICO;ACTIVO;24/06/2021;2021;AUTOMOVIL;Bogota D.C.;1
ELECTRICO;ACTIVO;11/11/2020;2020;BUS;Bogota D.C.;1
ELECTRICO;ACTIVO;9/12/2021;2021;CAMIONETA;Antioquia;1
ELECTRICO;ACTIVO;28/10/2020;2020;AUTOMOVIL;Meta;1
ELECTRICO;ACTIVO;17/12/2019;2019;CAMION;Cundinamarca;1
ELECTRICO;ACTIVO;17/03/2022;2022;CAMIONETA;Bogota D.C.;1
ELECTRICO;ACTIVO;1/02/2021;2021;BUS;Bogota D.C.;1
ELECTRICO;ACTIVO;2/10/2020;2020;AUTOMOVIL;Bogota D.C.;1
ELECTRICO;ACTIVO;27/10/2021;2021;CAMIONETA;Antioquia;1
ELECTRICO;ACTIVO;14/12/2021;2021;CAMIONETA;Valle del Cauca;1
ELECTRICO;ACTIVO;28/12/2021;2021;AUTOMOVIL;Bogota D.C.;1
ELECTRICO;ACTIVO;22/09/2021;2021;CAMIONETA;Bogota D.C.;1
ELECTRICO;ACTIVO;11/01/2022;2022;AUTOMOVIL;Bogota D.C.;1
ELECTRICO;ACTIVO;22/07/2021;2021;CAMIONETA;Cundinamarca;1
ELECTRICO;ACTIVO;16/02/2021;2021;AUTOMOVIL;Bogota D.C.;1
ELECTRICO;ACTIVO;18/10/2011;2011;CAMIONETA;Cundinamarca;1
ELECTRICO;ACTIVO;26/02/2019;2019;MOTOCICLETA;Valle del Cauca;1
ELECTRICO;ACTIVO;14/12/2020;2020;AUTOMOVIL;Bogota D.C.;1
ELECTRICO;ACTIVO;28/06/2018;2018;CUADRICICLO;Bogota D.C.;1
ELECTRICO;ACTIVO;22/01/2022;2022;CAMIONETA;Antioquia;1
ELECTRICO;ACTIVO;15/10/2020;2020;BUS;Bogota D.C.;1
ELECTRICO;ACTIVO;26/06/2020;2020;MOTOCICLETA;Antioquia;1
ELECTRICO;ACTIVO;15/11/2018;2018;MOTOCICLETA;Antioquia;1
ELECTRICO;ACTIVO;7/07/2021;2021;AUTOMOVIL;Bogota D.C.;1
ELECTRICO;ACTIVO;28/05/2018;2018;AUTOMOVIL;Antioquia;1
ELECTRICO;ACTIVO;10/03/2016;2016;MOTOCICLETA;Norte de Santander;1
ELECTRICO;ACTIVO;23/08/2019;2019;AUTOMOVIL;Bogota D.C.;1
ELECTRICO;ACTIVO;11/03/2022;2022;MOTOCICLETA;Bogota D.C.;1
ELECTRICO;ACTIVO;3/08/2017;2017;MOTOCICLETA;Valle del Cauca;1
ELECTRICO;ACTIVO;23/05/2013;2013;MOTOCICLETA;Bogota D.C.;1
ELECTRICO;ACTIVO;30/07/2019;2019;CAMIONETA;Antioquia;1
ELECTRICO;ACTIVO;30/09/2021;2021;CAMIONETA;Bogota D.C.;1
ELECTRICO;ACTIVO;30/03/2017;2017;MOTOCICLETA;Antioquia;1
ELECTRICO;ACTIVO;13/01/2021;2021;AUTOMOVIL;Cundinamarca;1
ELECTRICO;ACTIVO;11/05/2021;2021;CUADRICICLO;Antioquia;1
ELECTRICO;ACTIVO;22/06/2021;2021;CUADRICICLO;Bogota D.C.;1
ELECTRICO;ACTIVO;28/11/2018;2018;AUTOMOVIL;Antioquia;1
ELECTRICO;ACTIVO;4/08/2020;2020;AUTOMOVIL;Bogota D.C.;1
ELECTRICO;ACTIVO;15/02/2020;2020;AUTOMOVIL;Antioquia;1
ELECTRICO;ACTIVO;26/01/2022;2022;BUS;Bogota D.C.;1
ELECTRICO;ACTIVO;31/07/2020;2020;CUADRICICLO;Antioquia;1
ELECTRICO;ACTIVO;11/11/2020;2020;BUS;Bogota D.C.;1
ELECTRICO;ACTIVO;12/03/2022;2022;BUS;Bogota D.C.;1
ELECTRICO;ACTIVO;15/12/2018;2018;AUTOMOVIL;Bogota D.C.;1
ELECTRICO;ACTIVO;30/03/2022;2022;CUADRICICLO;Antioquia;1
ELECTRICO;ACTIVO;21/12/2015;2015;MOTOCICLETA;Valle del Cauca;1
ELECTRICO;ACTIVO;7/03/2013;2013;MOTOCICLETA;Antioquia;1
ELECTRICO;ACTIVO;9/11/2020;2020;BUS;Bogota D.C.;1
ELECTRICO;ACTIVO;31/01/2022;2022;BUS;Bogota D.C.;1
ELECTRICO;ACTIVO;22/12/2021;2021;CUADRICICLO;Bogota D.C.;1
ELECTRICO;ACTIVO;31/07/2020;2020;CUADRICICLO;Antioquia;1
ELECTRICO;ACTIVO;14/04/2021;2021;CAMIONETA;Bogota D.C.;1
ELECTRICO;ACTIVO;24/05/2013;2013;MOTOCICLETA;Bogota D.C.;1
ELECTRICO;ACTIVO;16/03/2022;2022;BUS;Bogota D.C.;1
ELECTRICO;ACTIVO;21/01/2022;2022;BUS;Bogota D.C.;1
ELECTRICO;ACTIVO;11/06/2019;2019;AUTOMOVIL;Bogota D.C.;1
ELECTRICO;ACTIVO;13/09/2019;2019;AUTOMOVIL;Bogota D.C.;1
ELECTRICO;ACTIVO;24/04/2017;2017;AUTOMOVIL;Bogota D.C.;1
ELECTRICO;ACTIVO;30/10/2018;2018;AUTOMOVIL;Bogota D.C.;1
ELECTRICO;ACTIVO;26/10/2021;2021;MOTOCARRO;Huila;1
ELECTRICO;ACTIVO;30/10/2020;2020;AUTOMOVIL;Bogota D.C.;1
ELECTRICO;ACTIVO;19/11/2014;2014;MOTOCICLETA;Antioquia;1
ELECTRICO;ACTIVO;28/10/2015;2015;AUTOMOVIL;Antioquia;1
ELECTRICO;ACTIVO;20/06/2015;2015;AUTOMOVIL;Bogota D.C.;1
ELECTRICO;ACTIVO;19/09/2019;2019;AUTOMOVIL;Cundinamarca;1
ELECTRICO;ACTIVO;22/01/2022;2022;BUS;Bogota D.C.;1
ELECTRICO;ACTIVO;15/06/2013;2013;MOTOCICLETA;Bogota D.C.;1
ELECTRICO;ACTIVO;7/02/2022;2022;CAMIONETA;Cauca;1
ELECTRICO;ACTIVO;19/02/2022;2022;BUS;Bogota D.C.;1
ELECTRICO;ACTIVO;26/09/2011;2011;MOTOCICLETA;Antioquia;1
ELECTRICO;ACTIVO;13/09/2019;2019;CAMION;Cundinamarca;1
ELECTRICO;ACTIVO;11/11/2020;2020;BUS;Bogota D.C.;1
ELECTRICO;ACTIVO;19/02/2015;2015;MOTOCICLETA;Antioquia;1
ELECTRICO;ACTIVO;22/02/2019;2019;CAMIONETA;Cundinamarca;1
ELECTRICO;ACTIVO;2/02/2021;2021;BUS;Bogota D.C.;1
ELECTRICO;ACTIVO;13/02/2015;2015;MOTOCICLETA;Cordoba;1
ELECTRICO;ACTIVO;8/10/2020;2020;MOTOCARRO;Valle del Cauca;1
ELECTRICO;ACTIVO;25/02/2022;2022;BUS;Bogota D.C.;1
ELECTRICO;ACTIVO;13/08/2015;2015;AUTOMOVIL;Bogota D.C.;1
ELECTRICO;ACTIVO;23/12/2021;2021;CAMIONETA;Antioquia;1
ELECTRICO;ACTIVO;29/12/2021;2021;CAMION;Antioquia;1
ELECTRICO;ACTIVO;25/10/2014;2014;MOTOCICLETA;Antioquia;1
ELECTRICO;ACTIVO;17/12/2021;2021;CAMIONETA;Bogota D.C.;1
ELECTRICO;ACTIVO;29/05/2021;2021;CUADRICICLO;Bogota D.C.;1
ELECTRICO;ACTIVO;24/05/2013;2013;MOTOCICLETA;Bogota D.C.;1
ELECTRICO;ACTIVO;9/12/2019;2019;CAMION;Cundinamarca;1
ELECTRICO;ACTIVO;10/11/2021;2021;MOTOCARRO;Cundinamarca;1
ELECTRICO;ACTIVO;27/10/2021;2021;CAMIONETA;Antioquia;1
ELECTRICO;ACTIVO;9/04/2014;2014;MOTOCICLETA;Bogota D.C.;1
ELECTRICO;ACTIVO;9/11/2020;2020;BUS;Bogota D.C.;1
ELECTRICO;ACTIVO;12/02/2014;2014;MOTOCICLETA;Bogota D.C.;1
ELECTRICO;ACTIVO;9/12/2020;2020;MOTOCICLETA;Antioquia;1
ELECTRICO;ACTIVO;14/05/2021;2021;MOTOCARRO;Cundinamarca;1
ELECTRICO;ACTIVO;2/02/2021;2021;BUS;Bogota D.C.;1
ELECTRICO;ACTIVO;24/03/2022;2022;AUTOMOVIL;Bogota D.C.;1
ELECTRICO;ACTIVO;8/08/2019;2019;AUTOMOVIL;Antioquia;1
ELECTRICO;ACTIVO;25/11/2021;2021;CAMION;Antioquia;1
ELECTRICO;ACTIVO;28/01/2022;2022;BUS;Bogota D.C.;1
ELECTRICO;ACTIVO;28/07/2021;2021;CAMIONETA;Bogota D.C.;1
ELECTRICO;ACTIVO;29/12/2018;2018;AUTOMOVIL;Bogota D.C.;1
ELECTRICO;ACTIVO;29/10/2019;2019;TRICIMOTO;Atlantico;1
ELECTRICO;ACTIVO;10/06/2019;2019;AUTOMOVIL;Bogota D.C.;1
ELECTRICO;ACTIVO;1/11/2018;2018;CAMION;Antioquia;1
ELECTRICO;ACTIVO;27/06/2016;2016;MOTOCICLETA;Risaralda;1
ELECTRICO;ACTIVO;23/11/2018;2018;AUTOMOVIL;Antioquia;1
ELECTRICO;ACTIVO;7/03/2022;2022;CAMIONETA;Bogota D.C.;1
ELECTRICO;ACTIVO;29/12/2021;2021;AUTOMOVIL;Bogota D.C.;1
ELECTRICO;ACTIVO;10/11/2020;2020;BUS;Bogota D.C.;1
ELECTRICO;ACTIVO;11/02/2021;2021;AUTOMOVIL;Antioquia;1
ELECTRICO;ACTIVO;1/02/2022;2022;BUS;Bogota D.C.;1
ELECTRICO;ACTIVO;1/04/2015;2015;MOTOCICLETA;Meta;1
ELECTRICO;ACTIVO;24/04/2017;2017;MOTOCICLETA;Antioquia;1
ELECTRICO;ACTIVO;30/11/2020;2020;CUADRICICLO;Antioquia;1
ELECTRICO;ACTIVO;16/06/2021;2021;MOTOCARRO;Valle del Cauca;1
ELECTRICO;ACTIVO;16/03/2022;2022;BUS;Bogota D.C.;1
ELECTRICO;ACTIVO;17/04/2013;2013;MOTOCICLETA;Bogota D.C.;1
ELECTRICO;ACTIVO;12/03/2022;2022;BUS;Bogota D.C.;1
ELECTRICO;ACTIVO;6/01/2022;2022;CAMIONETA;Antioquia;1
ELECTRICO;ACTIVO;27/10/2021;2021;CAMIONETA;Antioquia;1
ELECTRICO;ACTIVO;15/08/2013;2013;AUTOMOVIL;Bogota D.C.;1
ELECTRICO;ACTIVO;28/12/2020;2020;CUADRICICLO;Antioquia;1
ELECTRICO;ACTIVO;10/11/2016;2016;MOTOCARRO;Cundinamarca;1
ELECTRICO;ACTIVO;27/01/2022;2022;BUS;Bogota D.C.;1
ELECTRICO;ACTIVO;5/05/2020;2020;CUADRICICLO;Bogota D.C.;1
ELECTRICO;ACTIVO;30/03/2022;2022;CUADRICICLO;Antioquia;1
ELECTRICO;ACTIVO;20/06/2020;2020;AUTOMOVIL;Bogota D.C.;1
ELECTRICO;ACTIVO;11/01/2022;2022;AUTOMOVIL;Bogota D.C.;1
ELECTRICO;ACTIVO;19/11/2021;2021;CAMIONETA;Cundinamarca;1
ELECTRICO;ACTIVO;10/12/2020;2020;CAMIONETA;Bogota D.C.;1
ELECTRICO;ACTIVO;10/06/2011;2011;MOTOCICLETA;Antioquia;1
ELECTRICO;ACTIVO;30/07/2020;2020;CUADRICICLO;Antioquia;1
ELECTRICO;ACTIVO;2/10/2020;2020;CUADRICICLO;Bogota D.C.;1
ELECTRICO;ACTIVO;14/03/2022;2022;BUS;Bogota D.C.;1
ELECTRICO;ACTIVO;24/04/2015;2015;MOTOCICLETA;Cundinamarca;1
ELECTRICO;ACTIVO;10/03/2016;2016;AUTOMOVIL;Bogota D.C.;1
ELECTRICO;ACTIVO;27/06/2020;2020;CAMIONETA;Bogota D.C.;1
ELECTRICO;ACTIVO;3/11/2021;2021;CAMION;Antioquia;1
ELECTRICO;ACTIVO;28/08/2013;2013;MOTOCICLETA;Bogota D.C.;1
ELECTRICO;ACTIVO;30/07/2014;2014;MOTOCICLETA;Antioquia;1
ELECTRICO;ACTIVO;10/03/2022;2022;AUTOMOVIL;Bogota D.C.;1
ELECTRICO;ACTIVO;17/03/2022;2022;BUS;Bogota D.C.;1
ELECTRICO;ACTIVO;22/11/2021;2021;CAMIONETA;Bogota D.C.;1
ELECTRICO;ACTIVO;26/10/2021;2021;AUTOMOVIL;Cundinamarca;1
ELECTRICO;ACTIVO;30/03/2021;2021;TRICIMOTO;Valle del Cauca;1
ELECTRICO;ACTIVO;31/01/2022;2022;BUS;Bogota D.C.;1
ELECTRICO;ACTIVO;15/10/2021;2021;CUADRICICLO;Antioquia;1
ELECTRICO;ACTIVO;15/01/2022;2022;BUS;Bogota D.C.;1
ELECTRICO;ACTIVO;23/08/2016;2016;MOTOCICLETA;Santander;1
ELECTRICO;ACTIVO;26/03/2021;2021;CAMION;Antioquia;1
ELECTRICO;ACTIVO;29/12/2021;2021;CAMION;Antioquia;1
ELECTRICO;ACTIVO;22/11/2019;2019;AUTOMOVIL;Bogota D.C.;1
ELECTRICO;ACTIVO;25/10/2019;2019;TRICIMOTO;Valle del Cauca;1
ELECTRICO;ACTIVO;4/11/2021;2021;CUADRICICLO;Valle del Cauca;1
ELECTRICO;ACTIVO;28/11/2019;2019;BUS;Antioquia;1
ELECTRICO;ACTIVO;2/06/2012;2012;MOTOCICLETA;Antioquia;1
ELECTRICO;ACTIVO;10/06/2020;2020;AUTOMOVIL;Bogota D.C.;1
ELECTRICO;ACTIVO;9/03/2021;2021;CAMION;Antioquia;1
ELECTRICO;ACTIVO;28/12/2020;2020;CUADRICICLO;Antioquia;1
ELECTRICO;ACTIVO;15/09/2020;2020;CAMION;Antioquia;1
ELECTRICO;ACTIVO;12/10/2021;2021;CUADRICICLO;Antioquia;1
ELECTRICO;ACTIVO;14/08/2021;2021;CAMION;Antioquia;1
ELECTRICO;ACTIVO;1/02/2021;2021;BUS;Bogota D.C.;1
ELECTRICO;ACTIVO;14/09/2018;2018;CUADRICICLO;Antioquia;1
ELECTRICO;ACTIVO;24/11/2021;2021;CAMION;Antioquia;1
ELECTRICO;ACTIVO;25/10/2019;2019;AUTOMOVIL;Bogota D.C.;1
ELECTRICO;ACTIVO;19/11/2020;2020;BUS;Bogota D.C.;1
ELECTRICO;ACTIVO;27/03/2012;2012;MOTOCICLETA;Antioquia;1
ELECTRICO;ACTIVO;25/02/2021;2021;AUTOMOVIL;Santander;1
ELECTRICO;ACTIVO;25/09/2019;2019;AUTOMOVIL;Bogota D.C.;1
ELECTRICO;ACTIVO;14/03/2022;2022;BUS;Bogota D.C.;1
ELECTRICO;ACTIVO;30/12/2021;2021;BUS;Bogota D.C.;1
ELECTRICO;ACTIVO;30/11/2019;2019;AUTOMOVIL;Bogota D.C.;1
ELECTRICO;ACTIVO;10/04/2015;2015;MOTOCICLETA;Cauca;1
ELECTRICO;ACTIVO;23/07/2020;2020;AUTOMOVIL;Antioquia;1
ELECTRICO;ACTIVO;18/05/2012;2012;MOTOCICLETA;Bogota D.C.;1
ELECTRICO;ACTIVO;14/03/2022;2022;BUS;Bogota D.C.;1
ELECTRICO;ACTIVO;12/09/2012;2012;MOTOCICLETA;Bogota D.C.;1
ELECTRICO;ACTIVO;20/02/2019;2019;AUTOMOVIL;Bogota D.C.;1
ELECTRICO;ACTIVO;18/01/2022;2022;CAMIONETA;Bogota D.C.;1
ELECTRICO;ACTIVO;2/12/2016;2016;AUTOMOVIL;Valle del Cauca;1
ELECTRICO;ACTIVO;9/03/2019;2019;MOTOCICLETA;Antioquia;1
ELECTRICO;ACTIVO;8/02/2022;2022;CAMIONETA;Cauca;1
ELECTRICO;ACTIVO;19/02/2022;2022;AUTOMOVIL;Antioquia;1
ELECTRICO;ACTIVO;27/07/2018;2018;CUADRICICLO;Bogota D.C.;1
ELECTRICO;ACTIVO;30/07/2020;2020;CUADRICICLO;Antioquia;1
ELECTRICO;ACTIVO;5/10/2020;2020;MOTOCICLETA;Cordoba;1
ELECTRICO;ACTIVO;26/10/2013;2013;MOTOCICLETA;Bogota D.C.;1
ELECTRICO;ACTIVO;15/08/2013;2013;AUTOMOVIL;Bogota D.C.;1
ELECTRICO;ACTIVO;31/01/2022;2022;CAMION;Antioquia;1
ELECTRICO;ACTIVO;1/03/2021;2021;AUTOMOVIL;Cundinamarca;1
ELECTRICO;ACTIVO;11/12/2020;2020;CAMIONETA;Cundinamarca;1
ELECTRICO;ACTIVO;26/01/2022;2022;BUS;Bogota D.C.;1
ELECTRICO;ACTIVO;24/05/2013;2013;MOTOCICLETA;Bogota D.C.;1
ELECTRICO;ACTIVO;10/11/2021;2021;MOTOCARRO;Cundinamarca;1
ELECTRICO;ACTIVO;13/08/2019;2019;CUADRICICLO;Caldas;1
ELECTRICO;ACTIVO;21/01/2022;2022;CUADRICICLO;Bogota D.C.;1
ELECTRICO;ACTIVO;25/11/2021;2021;CAMION;Antioquia;1
ELECTRICO;ACTIVO;25/11/2020;2020;CAMION;Valle del Cauca;1
ELECTRICO;ACTIVO;8/11/2012;2012;MOTOCICLETA;Antioquia;1
ELECTRICO;ACTIVO;25/06/2020;2020;AUTOMOVIL;Bogota D.C.;1
ELECTRICO;ACTIVO;2/09/2016;2016;MOTOCICLETA;Bogota D.C.;1
ELECTRICO;ACTIVO;5/02/2022;2022;AUTOMOVIL;Antioquia;1
ELECTRICO;ACTIVO;17/06/2011;2011;MOTOCICLETA;Bogota D.C.;1
ELECTRICO;ACTIVO;21/10/2015;2015;AUTOMOVIL;Bogota D.C.;1
ELECTRICO;ACTIVO;25/03/2022;2022;CUADRICICLO;Antioquia;1
ELECTRICO;ACTIVO;22/01/2022;2022;BUS;Bogota D.C.;1
ELECTRICO;ACTIVO;5/02/2022;2022;BUS;Bogota D.C.;1
ELECTRICO;ACTIVO;14/11/2020;2020;BUS;Bogota D.C.;1
ELECTRICO;ACTIVO;8/04/2019;2019;AUTOMOVIL;Bogota D.C.;1
ELECTRICO;ACTIVO;30/07/2019;2019;CAMIONETA;Antioquia;1
ELECTRICO;ACTIVO;30/01/2018;2018;CUADRICICLO;Bogota D.C.;1
ELECTRICO;ACTIVO;26/04/2012;2012;MOTOCICLETA;Antioquia;1
ELECTRICO;ACTIVO;15/03/2013;2013;MOTOCICLETA;Antioquia;1
ELECTRICO;ACTIVO;6/07/2016;2016;AUTOMOVIL;Bogota D.C.;1
ELECTRICO;ACTIVO;28/11/2019;2019;BUS;Antioquia;1
ELECTRICO;ACTIVO;5/12/2018;2018;MOTOCARRO;Antioquia;1
ELECTRICO;ACTIVO;10/03/2022;2022;CAMIONETA;Bogota D.C.;1
ELECTRICO;ACTIVO;17/03/2021;2021;MOTOCARRO;Cundinamarca;1
ELECTRICO;ACTIVO;19/02/2021;2021;CAMIONETA;Bogota D.C.;1
ELECTRICO;ACTIVO;22/05/2020;2020;CUADRICICLO;Antioquia;1
ELECTRICO;ACTIVO;30/09/2020;2020;AUTOMOVIL;Bogota D.C.;1
ELECTRICO;ACTIVO;26/09/2019;2019;CAMION;Cundinamarca;1
ELECTRICO;ACTIVO;28/05/2021;2021;CAMIONETA;Bogota D.C.;1
ELECTRICO;ACTIVO;3/12/2020;2020;BUS;Bogota D.C.;1
ELECTRICO;ACTIVO;30/09/2021;2021;AUTOMOVIL;Antioquia;1
ELECTRICO;ACTIVO;25/09/2020;2020;BUS;Cordoba;1
ELECTRICO;ACTIVO;23/08/2021;2021;AUTOMOVIL;Bogota D.C.;1
ELECTRICO;ACTIVO;17/10/2020;2020;CAMIONETA;Antioquia;1
ELECTRICO;ACTIVO;1/06/2017;2017;MOTOCICLETA;Valle del Cauca;1
ELECTRICO;ACTIVO;7/09/2015;2015;MOTOCICLETA;Antioquia;1
ELECTRICO;ACTIVO;26/11/2021;2021;CAMION;Antioquia;1
ELECTRICO;ACTIVO;29/02/2020;2020;AUTOMOVIL;Bogota D.C.;1
ELECTRICO;ACTIVO;10/12/2020;2020;MOTOCICLETA;Antioquia;1
ELECTRICO;ACTIVO;22/10/2021;2021;CAMIONETA;Antioquia;1
ELECTRICO;ACTIVO;31/03/2022;2022;CAMION;Antioquia;1
ELECTRICO;ACTIVO;5/11/2015;2015;AUTOMOVIL;Bogota D.C.;1
ELECTRICO;ACTIVO;28/12/2018;2018;AUTOMOVIL;Bogota D.C.;1
ELECTRICO;ACTIVO;19/02/2022;2022;BUS;Bogota D.C.;1
ELECTRICO;ACTIVO;24/01/2022;2022;BUS;Bogota D.C.;1
ELECTRICO;ACTIVO;14/11/2017;2017;AUTOMOVIL;Bogota D.C.;1
ELECTRICO;ACTIVO;22/11/2021;2021;TRICIMOTO;Norte de Santander;1
ELECTRICO;ACTIVO;25/05/2015;2015;MOTOCICLETA;Antioquia;1
ELECTRICO;ACTIVO;18/03/2022;2022;BUS;Bogota D.C.;1
ELECTRICO;ACTIVO;29/06/2018;2018;CUADRICICLO;Antioquia;1
ELECTRICO;ACTIVO;28/07/2021;2021;CUADRICICLO;Cundinamarca;1
ELECTRICO;ACTIVO;9/07/2020;2020;CAMION;Antioquia;1
ELECTRICO;ACTIVO;12/11/2021;2021;CAMIONETA;Bogota D.C.;1
ELECTRICO;ACTIVO;12/12/2014;2014;MOTOCICLETA;Santander;1
ELECTRICO;ACTIVO;8/11/2018;2018;AUTOMOVIL;Antioquia;1
ELECTRICO;ACTIVO;29/10/2019;2019;AUTOMOVIL;Antioquia;1
ELECTRICO;ACTIVO;7/02/2017;2017;AUTOMOVIL;Bogota D.C.;1
ELECTRICO;ACTIVO;22/11/2021;2021;TRICIMOTO;Cundinamarca;1
ELECTRICO;ACTIVO;6/05/2020;2020;AUTOMOVIL;Cundinamarca;1
ELECTRICO;ACTIVO;15/02/2019;2019;CUADRICICLO;Valle del Cauca;1
ELECTRICO;ACTIVO;13/08/2019;2019;AUTOMOVIL;Bogota D.C.;1
ELECTRICO;ACTIVO;24/05/2013;2013;MOTOCICLETA;Bogota D.C.;1
ELECTRICO;ACTIVO;1/02/2021;2021;BUS;Bogota D.C.;1
ELECTRICO;ACTIVO;25/04/2019;2019;AUTOMOVIL;Antioquia;1
ELECTRICO;ACTIVO;31/01/2019;2019;AUTOMOVIL;Bogota D.C.;1
ELECTRICO;ACTIVO;17/12/2021;2021;CUADRICICLO;Bogota D.C.;1
ELECTRICO;ACTIVO;5/02/2013;2013;MOTOCICLETA;Bogota D.C.;1
ELECTRICO;ACTIVO;31/10/2014;2014;MOTOCICLETA;Antioquia;1
ELECTRICO;ACTIVO;24/01/2022;2022;BUS;Bogota D.C.;1
ELECTRICO;ACTIVO;18/10/2019;2019;AUTOMOVIL;Bogota D.C.;1
ELECTRICO;ACTIVO;21/04/2017;2017;AUTOMOVIL;Bogota D.C.;1
ELECTRICO;ACTIVO;13/08/2013;2013;MOTOCICLETA;Bogota D.C.;1
ELECTRICO;ACTIVO;11/08/2021;2021;AUTOMOVIL;Bogota D.C.;1
ELECTRICO;ACTIVO;20/02/2017;2017;MOTOCICLETA;Antioquia;1
ELECTRICO;ACTIVO;25/06/2021;2021;CAMIONETA;Cundinamarca;1
ELECTRICO;ACTIVO;10/07/2018;2018;AUTOMOVIL;Cundinamarca;1
ELECTRICO;ACTIVO;18/01/2017;2017;CAMIONETA;Cundinamarca;1
ELECTRICO;ACTIVO;29/04/2016;2016;AUTOMOVIL;Bogota D.C.;1
ELECTRICO;ACTIVO;18/02/2015;2015;CAMIONETA;Valle del Cauca;1
ELECTRICO;ACTIVO;3/08/2020;2020;CUADRICICLO;Antioquia;1
ELECTRICO;ACTIVO;28/07/2020;2020;CAMIONETA;Antioquia;1
ELECTRICO;ACTIVO;1/03/2019;2019;CUADRICICLO;Bogota D.C.;1
ELECTRICO;ACTIVO;25/03/2022;2022;CUADRICICLO;Antioquia;1
ELECTRICO;ACTIVO;25/02/2022;2022;BUS;Bogota D.C.;1
ELECTRICO;ACTIVO;1/02/2022;2022;CAMION;Antioquia;1
ELECTRICO;ACTIVO;16/09/2020;2020;AUTOMOVIL;Valle del Cauca;1
ELECTRICO;ACTIVO;3/12/2020;2020;BUS;Bogota D.C.;1
ELECTRICO;ACTIVO;3/11/2021;2021;CAMION;Antioquia;1
ELECTRICO;ACTIVO;13/01/2021;2021;MOTOCICLETA;Antioquia;1
ELECTRICO;ACTIVO;13/11/2020;2020;BUS;Bogota D.C.;1
ELECTRICO;ACTIVO;24/05/2013;2013;MOTOCICLETA;Bogota D.C.;1
ELECTRICO;ACTIVO;31/08/2019;2019;AUTOMOVIL;Bogota D.C.;1
ELECTRICO;ACTIVO;4/02/2022;2022;AUTOMOVIL;Antioquia;1
ELECTRICO;ACTIVO;27/02/2022;2022;BUS;Bogota D.C.;1
ELECTRICO;ACTIVO;19/08/2011;2011;MOTOCICLETA;Antioquia;1
ELECTRICO;ACTIVO;28/10/2015;2015;AUTOMOVIL;Antioquia;1
ELECTRICO;ACTIVO;31/01/2022;2022;CAMION;Antioquia;1
ELECTRICO;ACTIVO;16/03/2012;2012;MOTOCICLETA;Santander;1
ELECTRICO;ACTIVO;19/06/2015;2015;AUTOMOVIL;Bogota D.C.;1
ELECTRICO;ACTIVO;1/02/2021;2021;BUS;Bogota D.C.;1
ELECTRICO;ACTIVO;9/03/2020;2020;CAMION;Cundinamarca;1
ELECTRICO;ACTIVO;18/09/2015;2015;AUTOMOVIL;Antioquia;1
ELECTRICO;ACTIVO;25/03/2022;2022;BUS;Bogota D.C.;1
ELECTRICO;ACTIVO;30/12/2015;2015;MOTOCICLETA;Risaralda;1
ELECTRICO;ACTIVO;7/02/2017;2017;AUTOMOVIL;Bogota D.C.;1
ELECTRICO;ACTIVO;29/05/2020;2020;CUADRICICLO;Antioquia;1
ELECTRICO;ACTIVO;31/07/2020;2020;CUADRICICLO;Antioquia;1
ELECTRICO;ACTIVO;1/02/2021;2021;BUS;Bogota D.C.;1
ELECTRICO;ACTIVO;19/09/2014;2014;MOTOCICLETA;Huila;1
ELECTRICO;ACTIVO;11/11/2020;2020;BUS;Bogota D.C.;1
ELECTRICO;ACTIVO;5/08/2019;2019;AUTOMOVIL;Cundinamarca;1
ELECTRICO;ACTIVO;18/09/2021;2021;CAMIONETA;Bogota D.C.;1
ELECTRICO;ACTIVO;28/12/2020;2020;CUADRICICLO;Antioquia;1
ELECTRICO;ACTIVO;15/03/2021;2021;CAMION;Antioquia;1
ELECTRICO;ACTIVO;24/05/2013;2013;MOTOCICLETA;Bogota D.C.;1
ELECTRICO;ACTIVO;30/03/2022;2022;CUADRICICLO;Antioquia;1
ELECTRICO;ACTIVO;9/07/2020;2020;CAMION;Antioquia;1
ELECTRICO;ACTIVO;14/03/2022;2022;BUS;Bogota D.C.;1
ELECTRICO;ACTIVO;30/01/2021;2021;CUADRICICLO;Bogota D.C.;1
ELECTRICO;ACTIVO;5/07/2019;2019;AUTOMOVIL;Bogota D.C.;1
ELECTRICO;ACTIVO;11/03/2020;2020;CAMIONETA;Antioquia;1
ELECTRICO;ACTIVO;7/06/2019;2019;CAMIONETA;Antioquia;1
ELECTRICO;ACTIVO;3/12/2020;2020;BUS;Bogota D.C.;1
ELECTRICO;ACTIVO;10/03/2021;2021;CAMION;Antioquia;1
ELECTRICO;ACTIVO;20/10/2017;2017;CUADRICICLO;Antioquia;1
ELECTRICO;ACTIVO;10/11/2021;2021;MOTOCARRO;Cundinamarca;1
ELECTRICO;ACTIVO;18/12/2019;2019;BUS;Antioquia;1
ELECTRICO;ACTIVO;26/06/2019;2019;AUTOMOVIL;Santander;1
ELECTRICO;ACTIVO;13/01/2020;2020;CUADRICICLO;Antioquia;1
ELECTRICO;ACTIVO;17/11/2021;2021;CAMIONETA;Cundinamarca;1
ELECTRICO;ACTIVO;15/02/2021;2021;AUTOMOVIL;Antioquia;1
ELECTRICO;ACTIVO;1/02/2021;2021;BUS;Bogota D.C.;1
ELECTRICO;ACTIVO;9/02/2016;2016;MOTOCICLETA;Bogota D.C.;1
ELECTRICO;ACTIVO;28/12/2020;2020;CUADRICICLO;Antioquia;1
ELECTRICO;ACTIVO;27/08/2021;2021;CUADRICICLO;Cundinamarca;1
ELECTRICO;ACTIVO;17/08/2016;2016;AUTOMOVIL;Bogota D.C.;1
ELECTRICO;ACTIVO;25/08/2020;2020;MOTOCICLETA;Huila;1
ELECTRICO;ACTIVO;12/11/2020;2020;BUS;Bogota D.C.;1
ELECTRICO;ACTIVO;21/01/2021;2021;AUTOMOVIL;Bogota D.C.;1
ELECTRICO;ACTIVO;3/12/2020;2020;BUS;Bogota D.C.;1
ELECTRICO;ACTIVO;23/07/2019;2019;CUADRICICLO;Bogota D.C.;1
ELECTRICO;ACTIVO;26/06/2019;2019;AUTOMOVIL;Antioquia;1
ELECTRICO;ACTIVO;24/02/2022;2022;BUS;Bogota D.C.;1
ELECTRICO;ACTIVO;11/11/2020;2020;BUS;Bogota D.C.;1
ELECTRICO;ACTIVO;15/10/2019;2019;TRICIMOTO;Cundinamarca;1
ELECTRICO;ACTIVO;25/11/2021;2021;AUTOMOVIL;Bogota D.C.;1
ELECTRICO;ACTIVO;11/10/2016;2016;MOTOCARRO;Cundinamarca;1
ELECTRICO;ACTIVO;2/11/2021;2021;AUTOMOVIL;Bogota D.C.;1
ELECTRICO;ACTIVO;11/11/2020;2020;BUS;Bogota D.C.;1
ELECTRICO;ACTIVO;24/07/2015;2015;MOTOCICLETA;Valle del Cauca;1
ELECTRICO;ACTIVO;13/09/2019;2019;AUTOMOVIL;Bogota D.C.;1
ELECTRICO;ACTIVO;22/12/2016;2016;AUTOMOVIL;Bogota D.C.;1
ELECTRICO;ACTIVO;10/11/2020;2020;BUS;Bogota D.C.;1
ELECTRICO;ACTIVO;24/06/2021;2021;AUTOMOVIL;Cundinamarca;1
ELECTRICO;ACTIVO;27/06/2016;2016;MOTOCICLETA;Antioquia;1
ELECTRICO;ACTIVO;17/03/2022;2022;CAMIONETA;Bogota D.C.;1
ELECTRICO;ACTIVO;3/11/2021;2021;CAMIONETA;Bogota D.C.;1
ELECTRICO;ACTIVO;27/10/2020;2020;MOTOTRICICLO;Bogota D.C.;1
ELECTRICO;ACTIVO;15/04/2019;2019;AUTOMOVIL;Bogota D.C.;1
ELECTRICO;ACTIVO;30/10/2014;2014;MOTOCICLETA;Santander;1
ELECTRICO;ACTIVO;15/01/2022;2022;BUS;Bogota D.C.;1
ELECTRICO;ACTIVO;11/11/2020;2020;BUS;Bogota D.C.;1
ELECTRICO;ACTIVO;7/12/2021;2021;CAMIONETA;Bogota D.C.;1
ELECTRICO;ACTIVO;16/11/2016;2016;AUTOMOVIL;Bogota D.C.;1
ELECTRICO;ACTIVO;20/05/2019;2019;AUTOMOVIL;Bogota D.C.;1
ELECTRICO;ACTIVO;29/12/2018;2018;AUTOMOVIL;Bogota D.C.;1
ELECTRICO;ACTIVO;31/01/2022;2022;AUTOMOVIL;Bogota D.C.;1
ELECTRICO;ACTIVO;12/11/2020;2020;BUS;Bogota D.C.;1
ELECTRICO;ACTIVO;30/05/2017;2017;CAMIONETA;Bogota D.C.;1
ELECTRICO;ACTIVO;20/01/2022;2022;CAMIONETA;Bogota D.C.;1
ELECTRICO;ACTIVO;1/10/2019;2019;AUTOMOVIL;Bogota D.C.;1
ELECTRICO;ACTIVO;15/08/2013;2013;AUTOMOVIL;Bogota D.C.;1
ELECTRICO;ACTIVO;28/12/2020;2020;CUADRICICLO;Antioquia;1
ELECTRICO;ACTIVO;25/11/2021;2021;CAMION;Antioquia;1
ELECTRICO;ACTIVO;7/05/2018;2018;MOTOCICLETA;Risaralda;1
ELECTRICO;ACTIVO;17/03/2016;2016;AUTOMOVIL;Tolima;1
ELECTRICO;ACTIVO;24/05/2013;2013;MOTOCICLETA;Bogota D.C.;1
ELECTRICO;ACTIVO;28/12/2018;2018;AUTOMOVIL;Bogota D.C.;1
ELECTRICO;ACTIVO;27/11/2019;2019;AUTOMOVIL;Bogota D.C.;1
ELECTRICO;ACTIVO;4/12/2020;2020;BUS;Bogota D.C.;1
ELECTRICO;ACTIVO;31/07/2020;2020;CUADRICICLO;Antioquia;1
ELECTRICO;ACTIVO;17/09/2020;2020;CUADRICICLO;Antioquia;1
ELECTRICO;ACTIVO;23/07/2020;2020;AUTOMOVIL;Antioquia;1
ELECTRICO;ACTIVO;4/11/2016;2016;MOTOCICLETA;Antioquia;1
ELECTRICO;ACTIVO;24/07/2015;2015;MOTOCICLETA;Bogota D.C.;1
ELECTRICO;ACTIVO;18/07/2019;2019;AUTOMOVIL;Bogota D.C.;1
ELECTRICO;ACTIVO;18/02/2022;2022;BUS;Bogota D.C.;1
ELECTRICO;ACTIVO;8/06/2016;2016;AUTOMOVIL;Bogota D.C.;1
ELECTRICO;ACTIVO;28/12/2020;2020;CUADRICICLO;Antioquia;1
ELECTRICO;ACTIVO;25/07/2015;2015;MOTOCICLETA;Bogota D.C.;1
ELECTRICO;ACTIVO;27/09/2019;2019;AUTOMOVIL;Bogota D.C.;1
ELECTRICO;ACTIVO;18/02/2021;2021;AUTOMOVIL;Bogota D.C.;1
ELECTRICO;ACTIVO;14/01/2015;2015;MOTOCICLETA;Valle del Cauca;1
ELECTRICO;ACTIVO;13/01/2022;2022;CAMIONETA;Risaralda;1
ELECTRICO;ACTIVO;13/05/2021;2021;AUTOMOVIL;Bogota D.C.;1
ELECTRICO;ACTIVO;15/12/2020;2020;AUTOMOVIL;Cundinamarca;1
ELECTRICO;ACTIVO;4/01/2022;2022;CAMIONETA;Antioquia;1
ELECTRICO;ACTIVO;18/06/2015;2015;AUTOMOVIL;Bogota D.C.;1
ELECTRICO;ACTIVO;23/01/2017;2017;MOTOCICLETA;Santander;1
ELECTRICO;ACTIVO;29/04/2016;2016;AUTOMOVIL;Antioquia;1
ELECTRICO;ACTIVO;19/01/2022;2022;BUS;Bogota D.C.;1
ELECTRICO;ACTIVO;9/12/2019;2019;CAMION;Cundinamarca;1
ELECTRICO;ACTIVO;10/05/2019;2019;CUADRICICLO;Bogota D.C.;1
ELECTRICO;ACTIVO;10/10/2020;2020;CAMIONETA;Antioquia;1
ELECTRICO;ACTIVO;9/11/2018;2018;CAMIONETA;Bogota D.C.;1
ELECTRICO;ACTIVO;11/11/2020;2020;BUS;Bogota D.C.;1
ELECTRICO;ACTIVO;24/08/2019;2019;AUTOMOVIL;Bogota D.C.;1
ELECTRICO;ACTIVO;13/11/2020;2020;BUS;Bogota D.C.;1
ELECTRICO;ACTIVO;26/05/2021;2021;CUADRICICLO;Bogota D.C.;1
ELECTRICO;ACTIVO;13/01/2022;2022;CAMIONETA;Antioquia;1
ELECTRICO;ACTIVO;2/03/2013;2013;MOTOCICLETA;Bogota D.C.;1
ELECTRICO;ACTIVO;14/05/2014;2014;MOTOCICLETA;Bogota D.C.;1
ELECTRICO;ACTIVO;19/07/2018;2018;AUTOMOVIL;Cundinamarca;1
ELECTRICO;ACTIVO;3/12/2021;2021;MOTOCARRO;Cundinamarca;1
ELECTRICO;ACTIVO;19/11/2021;2021;CAMIONETA;Cundinamarca;1
ELECTRICO;ACTIVO;4/05/2015;2015;MOTOCICLETA;Antioquia;1
ELECTRICO;ACTIVO;5/02/2022;2022;BUS;Bogota D.C.;1
ELECTRICO;ACTIVO;25/02/2022;2022;BUS;Bogota D.C.;1
ELECTRICO;ACTIVO;26/05/2021;2021;CAMIONETA;Antioquia;1
ELECTRICO;ACTIVO;30/05/2017;2017;CAMIONETA;Bogota D.C.;1
ELECTRICO;ACTIVO;28/06/2021;2021;AUTOMOVIL;Meta;1
ELECTRICO;ACTIVO;25/11/2021;2021;CAMION;Antioquia;1
ELECTRICO;ACTIVO;15/01/2016;2016;MOTOCICLETA;Santander;1
ELECTRICO;ACTIVO;15/02/2021;2021;CUADRICICLO;Antioquia;1
ELECTRICO;ACTIVO;16/09/2019;2019;AUTOMOVIL;Bogota D.C.;1
ELECTRICO;ACTIVO;24/11/2021;2021;CAMIONETA;Narino;1
ELECTRICO;ACTIVO;1/02/2021;2021;BUS;Bogota D.C.;1
ELECTRICO;ACTIVO;30/09/2014;2014;MOTOCICLETA;Santander;1
ELECTRICO;ACTIVO;9/12/2019;2019;CAMION;Cundinamarca;1
ELECTRICO;ACTIVO;17/12/2021;2021;CAMIONETA;Bogota D.C.;1
ELECTRICO;ACTIVO;24/02/2021;2021;AUTOMOVIL;Cundinamarca;1
ELECTRICO;ACTIVO;28/11/2018;2018;AUTOMOVIL;Antioquia;1
ELECTRICO;ACTIVO;9/03/2022;2022;CUADRICICLO;Bogota D.C.;1
ELECTRICO;ACTIVO;10/03/2022;2022;BUS;Bolivar;1
ELECTRICO;ACTIVO;27/08/2021;2021;AUTOMOVIL;Bogota D.C.;1
ELECTRICO;ACTIVO;25/10/2021;2021;MOTOCARRO;Cundinamarca;1
ELECTRICO;ACTIVO;15/07/2019;2019;AUTOMOVIL;Bogota D.C.;1
ELECTRICO;ACTIVO;16/03/2021;2021;CAMIONETA;Antioquia;1
ELECTRICO;ACTIVO;3/03/2021;2021;CUADRICICLO;Huila;1
ELECTRICO;ACTIVO;13/10/2020;2020;CUADRICICLO;Cundinamarca;1
ELECTRICO;ACTIVO;24/11/2021;2021;CAMIONETA;Cundinamarca;1
ELECTRICO;ACTIVO;27/12/2013;2013;MOTOCICLETA;Antioquia;1
ELECTRICO;ACTIVO;25/09/2020;2020;CUADRICICLO;Bogota D.C.;1
ELECTRICO;ACTIVO;25/07/2011;2011;MOTOCICLETA;Antioquia;1
ELECTRICO;ACTIVO;5/10/2020;2020;AUTOMOVIL;Cundinamarca;1
ELECTRICO;ACTIVO;30/04/2019;2019;AUTOMOVIL;Bogota D.C.;1
ELECTRICO;ACTIVO;30/03/2022;2022;CUADRICICLO;Antioquia;1
ELECTRICO;ACTIVO;26/08/2016;2016;AUTOMOVIL;Huila;1
ELECTRICO;ACTIVO;19/07/2021;2021;AUTOMOVIL;Meta;1
ELECTRICO;ACTIVO;27/10/2021;2021;CAMIONETA;Antioquia;1
ELECTRICO;ACTIVO;15/06/2021;2021;CAMIONETA;Cundinamarca;1
ELECTRICO;ACTIVO;25/01/2022;2022;AUTOMOVIL;Antioquia;1
ELECTRICO;ACTIVO;10/11/2021;2021;MOTOCARRO;Cundinamarca;1
ELECTRICO;ACTIVO;31/01/2022;2022;BUS;Bogota D.C.;1
ELECTRICO;ACTIVO;11/03/2022;2022;BUS;Bogota D.C.;1
ELECTRICO;ACTIVO;10/12/2020;2020;CAMION;Antioquia;1
ELECTRICO;ACTIVO;7/01/2021;2021;AUTOMOVIL;Antioquia;1
ELECTRICO;ACTIVO;19/06/2015;2015;AUTOMOVIL;Bogota D.C.;1
ELECTRICO;ACTIVO;11/05/2018;2018;MOTOCICLETA;Antioquia;1
ELECTRICO;ACTIVO;28/12/2020;2020;CUADRICICLO;Antioquia;1
ELECTRICO;ACTIVO;23/03/2022;2022;BUS;Bogota D.C.;1
ELECTRICO;ACTIVO;27/08/2013;2013;MOTOCICLETA;Norte de Santander;1
ELECTRICO;ACTIVO;13/06/2015;2015;AUTOMOVIL;Antioquia;1
ELECTRICO;ACTIVO;13/04/2021;2021;AUTOMOVIL;Bogota D.C.;1
ELECTRICO;ACTIVO;29/01/2016;2016;AUTOMOVIL;Valle del Cauca;1
ELECTRICO;ACTIVO;9/09/2019;2019;BUS;Valle del Cauca;1
ELECTRICO;ACTIVO;12/03/2021;2021;CAMION;Cundinamarca;1
ELECTRICO;ACTIVO;7/06/2017;2017;MOTOCICLETA;Huila;1
ELECTRICO;ACTIVO;14/01/2022;2022;CAMIONETA;Bogota D.C.;1
ELECTRICO;ACTIVO;28/11/2020;2020;AUTOMOVIL;Bogota D.C.;1
ELECTRICO;ACTIVO;5/03/2021;2021;CAMIONETA;Valle del Cauca;1
ELECTRICO;ACTIVO;29/12/2020;2020;CAMIONETA;Cundinamarca;1
ELECTRICO;ACTIVO;9/02/2016;2016;AUTOMOVIL;Antioquia;1
ELECTRICO;ACTIVO;11/12/2012;2012;AUTOMOVIL;Antioquia;1
ELECTRICO;ACTIVO;25/09/2020;2020;AUTOMOVIL;Antioquia;1
ELECTRICO;ACTIVO;21/05/2015;2015;MOTOCICLETA;Santander;1
ELECTRICO;ACTIVO;4/09/2019;2019;CUADRICICLO;Caldas;1
ELECTRICO;ACTIVO;30/01/2020;2020;CUADRICICLO;Antioquia;1
ELECTRICO;ACTIVO;22/03/2022;2022;CAMIONETA;Santander;1
ELECTRICO;ACTIVO;27/12/2017;2017;CUADRICICLO;Risaralda;1
ELECTRICO;ACTIVO;24/02/2021;2021;TRICIMOTO;Valle del Cauca;1
ELECTRICO;ACTIVO;17/02/2021;2021;CAMIONETA;Antioquia;1
ELECTRICO;ACTIVO;11/03/2022;2022;CAMIONETA;Antioquia;1
ELECTRICO;ACTIVO;10/09/2019;2019;AUTOMOVIL;Antioquia;1
ELECTRICO;ACTIVO;27/02/2021;2021;AUTOMOVIL;Bogota D.C.;1
ELECTRICO;ACTIVO;10/12/2020;2020;CAMION;Antioquia;1
ELECTRICO;ACTIVO;13/03/2015;2015;AUTOMOVIL;Bogota D.C.;1
ELECTRICO;ACTIVO;8/04/2019;2019;CUADRICICLO;Antioquia;1
ELECTRICO;ACTIVO;4/08/2020;2020;CUADRICICLO;Antioquia;1
ELECTRICO;ACTIVO;24/01/2022;2022;BUS;Bogota D.C.;1
ELECTRICO;ACTIVO;30/03/2022;2022;CAMIONETA;Antioquia;1
ELECTRICO;ACTIVO;11/02/2021;2021;AUTOMOVIL;Antioquia;1
ELECTRICO;ACTIVO;9/12/2019;2019;CAMION;Cundinamarca;1
ELECTRICO;ACTIVO;10/11/2020;2020;BUS;Bogota D.C.;1
ELECTRICO;ACTIVO;28/12/2020;2020;AUTOMOVIL;Bogota D.C.;1
ELECTRICO;ACTIVO;11/12/2012;2012;AUTOMOVIL;Antioquia;1
ELECTRICO;ACTIVO;27/01/2016;2016;AUTOMOVIL;Bogota D.C.;1
ELECTRICO;ACTIVO;11/11/2020;2020;BUS;Bogota D.C.;1
ELECTRICO;ACTIVO;17/03/2021;2021;MOTOCARRO;Cundinamarca;1
ELECTRICO;ACTIVO;10/11/2020;2020;BUS;Bogota D.C.;1
ELECTRICO;ACTIVO;28/03/2018;2018;AUTOMOVIL;Bogota D.C.;1
ELECTRICO;ACTIVO;3/12/2020;2020;BUS;Bogota D.C.;1
ELECTRICO;ACTIVO;29/06/2021;2021;AUTOMOVIL;Cundinamarca;1
ELECTRICO;ACTIVO;30/03/2017;2017;AUTOMOVIL;Bogota D.C.;1
ELECTRICO;ACTIVO;1/02/2022;2022;BUS;Bogota D.C.;1
ELECTRICO;ACTIVO;15/10/2021;2021;CUADRICICLO;Antioquia;1
ELECTRICO;ACTIVO;30/01/2016;2016;AUTOMOVIL;Antioquia;1
ELECTRICO;ACTIVO;26/06/2019;2019;CAMIONETA;Antioquia;1
ELECTRICO;ACTIVO;25/11/2020;2020;CAMION;Valle del Cauca;1
ELECTRICO;ACTIVO;23/08/2021;2021;AUTOMOVIL;Bogota D.C.;1
ELECTRICO;ACTIVO;24/09/2019;2019;CUADRICICLO;Bogota D.C.;1
ELECTRICO;ACTIVO;18/09/2021;2021;AUTOMOVIL;Bogota D.C.;1
ELECTRICO;ACTIVO;7/02/2018;2018;MOTOCICLETA;Antioquia;1
ELECTRICO;ACTIVO;28/12/2020;2020;CUADRICICLO;Antioquia;1
ELECTRICO;ACTIVO;12/08/2019;2019;AUTOMOVIL;Bogota D.C.;1
ELECTRICO;ACTIVO;7/07/2020;2020;CAMIONETA;Antioquia;1
ELECTRICO;ACTIVO;14/02/2022;2022;CAMIONETA;Antioquia;1
ELECTRICO;ACTIVO;20/12/2018;2018;AUTOMOVIL;Bogota D.C.;1
ELECTRICO;ACTIVO;9/12/2019;2019;CAMION;Cundinamarca;1
ELECTRICO;ACTIVO;9/04/2021;2021;TRICIMOTO;Valle del Cauca;1
ELECTRICO;ACTIVO;24/02/2021;2021;TRICIMOTO;Valle del Cauca;1
ELECTRICO;ACTIVO;4/03/2021;2021;CAMIONETA;Santander;1
ELECTRICO;ACTIVO;15/01/2022;2022;BUS;Bogota D.C.;1
ELECTRICO;ACTIVO;8/05/2019;2019;CUADRICICLO;Antioquia;1
ELECTRICO;ACTIVO;26/10/2017;2017;AUTOMOVIL;Antioquia;1
ELECTRICO;ACTIVO;25/02/2022;2022;BUS;Bogota D.C.;1
ELECTRICO;ACTIVO;19/07/2019;2019;AUTOMOVIL;Bogota D.C.;1
ELECTRICO;ACTIVO;19/01/2019;2019;AUTOMOVIL;Bogota D.C.;1
ELECTRICO;ACTIVO;5/12/2014;2014;MOTOCICLETA;Valle del Cauca;1
ELECTRICO;ACTIVO;6/03/2020;2020;AUTOMOVIL;Bogota D.C.;1
ELECTRICO;ACTIVO;21/01/2022;2022;BUS;Bogota D.C.;1
ELECTRICO;ACTIVO;25/02/2016;2016;AUTOMOVIL;Antioquia;1
ELECTRICO;ACTIVO;26/03/2019;2019;CUADRICICLO;Bogota D.C.;1
ELECTRICO;ACTIVO;8/07/2015;2015;AUTOMOVIL;Antioquia;1
ELECTRICO;ACTIVO;16/05/2019;2019;AUTOMOVIL;Bogota D.C.;1
ELECTRICO;ACTIVO;11/05/2021;2021;CUADRICICLO;Antioquia;1
ELECTRICO;ACTIVO;5/11/2013;2013;MOTOCICLETA;Antioquia;1
ELECTRICO;ACTIVO;6/12/2019;2019;AUTOMOVIL;Bogota D.C.;1
ELECTRICO;ACTIVO;17/09/2020;2020;AUTOMOVIL;Bogota D.C.;1
ELECTRICO;ACTIVO;6/11/2015;2015;MOTOCICLETA;Bogota D.C.;1
ELECTRICO;ACTIVO;17/03/2022;2022;BUS;Bogota D.C.;1
ELECTRICO;ACTIVO;20/10/2015;2015;AUTOMOVIL;Bogota D.C.;1
ELECTRICO;ACTIVO;31/07/2020;2020;CUADRICICLO;Antioquia;1
ELECTRICO;ACTIVO;12/12/2013;2013;MOTOCICLETA;Bogota D.C.;1
ELECTRICO;ACTIVO;11/03/2020;2020;CUADRICICLO;Bogota D.C.;1
ELECTRICO;ACTIVO;11/02/2022;2022;BUS;Bogota D.C.;1
ELECTRICO;ACTIVO;23/05/2013;2013;MOTOCICLETA;Bogota D.C.;1
ELECTRICO;ACTIVO;16/03/2020;2020;CUADRICICLO;Bogota D.C.;1
ELECTRICO;ACTIVO;22/01/2020;2020;CAMION;Cundinamarca;1
ELECTRICO;ACTIVO;9/02/2022;2022;BUS;Bogota D.C.;1
ELECTRICO;ACTIVO;28/12/2020;2020;CUADRICICLO;Antioquia;1
ELECTRICO;ACTIVO;16/05/2019;2019;CAMIONETA;Antioquia;1
ELECTRICO;ACTIVO;18/02/2020;2020;TRICIMOTO;Valle del Cauca;1
ELECTRICO;ACTIVO;24/01/2022;2022;BUS;Bogota D.C.;1
ELECTRICO;ACTIVO;30/03/2022;2022;CUADRICICLO;Antioquia;1
ELECTRICO;ACTIVO;30/06/2018;2018;AUTOMOVIL;Antioquia;1
ELECTRICO;ACTIVO;10/11/2020;2020;BUS;Bogota D.C.;1
ELECTRICO;ACTIVO;27/01/2022;2022;BUS;Bogota D.C.;1
ELECTRICO;ACTIVO;24/11/2021;2021;CAMIONETA;Cundinamarca;1
ELECTRICO;ACTIVO;22/03/2019;2019;AUTOMOVIL;Bogota D.C.;1
ELECTRICO;ACTIVO;31/07/2019;2019;AUTOMOVIL;Antioquia;1
ELECTRICO;ACTIVO;15/12/2021;2021;CUADRICICLO;Bogota D.C.;1
ELECTRICO;ACTIVO;28/12/2021;2021;AUTOMOVIL;Caldas;1
ELECTRICO;ACTIVO;15/07/2011;2011;MOTOCICLETA;Bogota D.C.;1
ELECTRICO;ACTIVO;7/02/2019;2019;AUTOMOVIL;Bogota D.C.;1
ELECTRICO;ACTIVO;30/07/2021;2021;CAMIONETA;Valle del Cauca;1
ELECTRICO;ACTIVO;18/02/2021;2021;TRICIMOTO;Valle del Cauca;1
ELECTRICO;ACTIVO;12/07/2013;2013;MOTOCICLETA;Norte de Santander;1
ELECTRICO;ACTIVO;19/07/2019;2019;CAMIONETA;Antioquia;1
ELECTRICO;ACTIVO;11/09/2015;2015;AUTOMOVIL;Antioquia;1
ELECTRICO;ACTIVO;20/05/2015;2015;MOTOCICLETA;Antioquia;1
ELECTRICO;ACTIVO;10/11/2020;2020;BUS;Bogota D.C.;1
ELECTRICO;ACTIVO;14/05/2015;2015;AUTOMOVIL;Bogota D.C.;1
ELECTRICO;ACTIVO;9/09/2019;2019;BUS;Valle del Cauca;1
ELECTRICO;ACTIVO;31/05/2018;2018;AUTOMOVIL;Antioquia;1
ELECTRICO;ACTIVO;20/01/2016;2016;MOTOCICLETA;Santander;1
ELECTRICO;ACTIVO;23/12/2015;2015;MOTOCICLETA;Risaralda;1
ELECTRICO;ACTIVO;6/11/2021;2021;CAMIONETA;Antioquia;1
ELECTRICO;ACTIVO;11/02/2016;2016;AUTOMOVIL;Bogota D.C.;1
ELECTRICO;ACTIVO;14/03/2022;2022;BUS;Bogota D.C.;1
ELECTRICO;ACTIVO;25/03/2022;2022;BUS;Bogota D.C.;1
ELECTRICO;ACTIVO;25/06/2020;2020;AUTOMOVIL;Bogota D.C.;1
ELECTRICO;ACTIVO;5/08/2020;2020;TRICIMOTO;Valle del Cauca;1
ELECTRICO;ACTIVO;6/05/2020;2020;AUTOMOVIL;Antioquia;1
ELECTRICO;ACTIVO;26/02/2021;2021;AUTOMOVIL;Antioquia;1
ELECTRICO;ACTIVO;18/03/2022;2022;BUS;Bogota D.C.;1
ELECTRICO;ACTIVO;2/12/2016;2016;AUTOMOVIL;Antioquia;1
ELECTRICO;ACTIVO;25/03/2022;2022;CUADRICICLO;Antioquia;1
ELECTRICO;ACTIVO;26/02/2021;2021;AUTOMOVIL;Antioquia;1
ELECTRICO;ACTIVO;20/10/2020;2020;AUTOMOVIL;Bogota D.C.;1
ELECTRICO;ACTIVO;16/03/2022;2022;AUTOMOVIL;Bogota D.C.;1
ELECTRICO;ACTIVO;31/07/2020;2020;TRICIMOTO;Santander;1
ELECTRICO;ACTIVO;31/07/2020;2020;CUADRICICLO;Antioquia;1
ELECTRICO;ACTIVO;28/08/2021;2021;AUTOMOVIL;Antioquia;1
ELECTRICO;ACTIVO;10/11/2021;2021;MOTOCARRO;Cundinamarca;1
ELECTRICO;ACTIVO;14/05/2021;2021;MOTOCARRO;Cundinamarca;1
ELECTRICO;ACTIVO;4/12/2020;2020;BUS;Bogota D.C.;1
ELECTRICO;ACTIVO;25/11/2021;2021;CAMION;Antioquia;1
ELECTRICO;ACTIVO;15/03/2022;2022;BUS;Bogota D.C.;1
ELECTRICO;ACTIVO;12/03/2022;2022;BUS;Bogota D.C.;1
ELECTRICO;ACTIVO;24/02/2021;2021;CUADRICICLO;Antioquia;1
ELECTRICO;ACTIVO;31/05/2018;2018;AUTOMOVIL;Bogota D.C.;1
ELECTRICO;ACTIVO;12/11/2021;2021;CAMIONETA;Bogota D.C.;1
ELECTRICO;ACTIVO;6/08/2021;2021;MOTOCARRO;Bogota D.C.;1
ELECTRICO;ACTIVO;10/06/2019;2019;CUADRICICLO;Bogota D.C.;1
ELECTRICO;ACTIVO;15/01/2022;2022;BUS;Bogota D.C.;1
ELECTRICO;ACTIVO;25/03/2022;2022;CAMIONETA;Santander;1
ELECTRICO;ACTIVO;21/01/2015;2015;MOTOCICLETA;Valle del Cauca;1
ELECTRICO;ACTIVO;26/02/2021;2021;AUTOMOVIL;Antioquia;1
ELECTRICO;ACTIVO;4/12/2020;2020;BUS;Bogota D.C.;1
ELECTRICO;ACTIVO;26/03/2022;2022;CAMIONETA;Bogota D.C.;1
ELECTRICO;ACTIVO;10/12/2020;2020;CAMION;Antioquia;1
ELECTRICO;ACTIVO;29/09/2020;2020;AUTOMOVIL;Antioquia;1
ELECTRICO;ACTIVO;14/03/2022;2022;CAMIONETA;Bogota D.C.;1
ELECTRICO;ACTIVO;6/03/2015;2015;MOTOCICLETA;Valle del Cauca;1
ELECTRICO;ACTIVO;15/05/2021;2021;AUTOMOVIL;Antioquia;1
ELECTRICO;ACTIVO;19/01/2022;2022;TRICIMOTO;Huila;1
ELECTRICO;ACTIVO;21/09/2020;2020;AUTOMOVIL;Bogota D.C.;1
ELECTRICO;ACTIVO;10/11/2021;2021;MOTOCARRO;Cundinamarca;1
ELECTRICO;ACTIVO;8/02/2022;2022;AUTOMOVIL;Antioquia;1
ELECTRICO;ACTIVO;6/08/2014;2014;MOTOCICLETA;Cordoba;1
ELECTRICO;ACTIVO;21/05/2014;2014;MOTOCICLETA;Antioquia;1
ELECTRICO;ACTIVO;11/11/2020;2020;BUS;Bogota D.C.;1
ELECTRICO;ACTIVO;28/01/2021;2021;CUADRICICLO;Bogota D.C.;1
ELECTRICO;ACTIVO;3/12/2020;2020;BUS;Bogota D.C.;1
ELECTRICO;ACTIVO;4/12/2020;2020;BUS;Bogota D.C.;1
ELECTRICO;ACTIVO;14/02/2022;2022;CAMIONETA;Antioquia;1
ELECTRICO;ACTIVO;21/02/2022;2022;CAMIONETA;Cundinamarca;1
ELECTRICO;ACTIVO;24/02/2021;2021;AUTOMOVIL;Cundinamarca;1
ELECTRICO;ACTIVO;15/01/2022;2022;BUS;Bogota D.C.;1
ELECTRICO;ACTIVO;31/01/2022;2022;BUS;Bogota D.C.;1
ELECTRICO;ACTIVO;20/04/2015;2015;MOTOCICLETA;Santander;1
ELECTRICO;ACTIVO;26/08/2019;2019;AUTOMOVIL;Antioquia;1
ELECTRICO;ACTIVO;1/02/2022;2022;CAMION;Antioquia;1
ELECTRICO;ACTIVO;1/02/2022;2022;AUTOMOVIL;Antioquia;1
ELECTRICO;ACTIVO;7/09/2016;2016;AUTOMOVIL;Caldas;1
ELECTRICO;ACTIVO;1/06/2017;2017;MOTOCICLETA;Antioquia;1
ELECTRICO;ACTIVO;29/01/2015;2015;MOTOCICLETA;Valle del Cauca;1
ELECTRICO;ACTIVO;28/12/2020;2020;CUADRICICLO;Antioquia;1
ELECTRICO;ACTIVO;26/02/2014;2014;MOTOCICLETA;Santander;1
ELECTRICO;ACTIVO;30/05/2017;2017;CAMIONETA;Bogota D.C.;1
ELECTRICO;ACTIVO;15/01/2022;2022;BUS;Bogota D.C.;1
ELECTRICO;ACTIVO;7/09/2018;2018;AUTOMOVIL;Bogota D.C.;1
ELECTRICO;ACTIVO;29/10/2015;2015;MOTOCICLETA;Antioquia;1
ELECTRICO;ACTIVO;8/02/2019;2019;AUTOMOVIL;Bogota D.C.;1
ELECTRICO;ACTIVO;29/11/2019;2019;AUTOMOVIL;Bogota D.C.;1
ELECTRICO;ACTIVO;30/10/2021;2021;AUTOMOVIL;Antioquia;1
ELECTRICO;ACTIVO;28/12/2021;2021;CAMIONETA;Cundinamarca;1
ELECTRICO;ACTIVO;18/03/2020;2020;AUTOMOVIL;Cundinamarca;1
ELECTRICO;ACTIVO;27/09/2016;2016;AUTOMOVIL;Bogota D.C.;1
ELECTRICO;ACTIVO;30/08/2019;2019;AUTOMOVIL;Bogota D.C.;1
ELECTRICO;ACTIVO;1/02/2022;2022;BUS;Bogota D.C.;1
ELECTRICO;ACTIVO;6/03/2017;2017;MOTOCICLETA;Antioquia;1
ELECTRICO;ACTIVO;20/11/2018;2018;CUADRICICLO;Antioquia;1
ELECTRICO;ACTIVO;17/03/2021;2021;MOTOCARRO;Cundinamarca;1
ELECTRICO;ACTIVO;9/11/2017;2017;CUADRICICLO;Antioquia;1
ELECTRICO;ACTIVO;9/07/2020;2020;CAMION;Antioquia;1
ELECTRICO;ACTIVO;31/05/2021;2021;AUTOMOVIL;Bogota D.C.;1
ELECTRICO;ACTIVO;2/09/2021;2021;CAMIONETA;Bogota D.C.;1
ELECTRICO;ACTIVO;25/07/2011;2011;MOTOCICLETA;Antioquia;1
ELECTRICO;ACTIVO;3/03/2020;2020;CAMIONETA;Cundinamarca;1
ELECTRICO;ACTIVO;16/01/2018;2018;AUTOMOVIL;Bogota D.C.;1
ELECTRICO;ACTIVO;23/12/2016;2016;AUTOMOVIL;Bogota D.C.;1
ELECTRICO;ACTIVO;28/06/2018;2018;MOTOCICLETA;Antioquia;1
ELECTRICO;ACTIVO;5/09/2017;2017;AUTOMOVIL;Antioquia;1
ELECTRICO;ACTIVO;1/03/2013;2013;CAMIONETA;Antioquia;1
ELECTRICO;ACTIVO;19/02/2021;2021;MOTOCICLETA;Valle del Cauca;1
ELECTRICO;ACTIVO;15/11/2019;2019;TRICIMOTO;Valle del Cauca;1
ELECTRICO;ACTIVO;28/03/2018;2018;AUTOMOVIL;Antioquia;1
ELECTRICO;ACTIVO;30/03/2011;2011;MOTOCICLETA;Antioquia;1
ELECTRICO;ACTIVO;24/05/2013;2013;MOTOCICLETA;Bogota D.C.;1
ELECTRICO;ACTIVO;1/11/2016;2016;MOTOCICLETA;Antioquia;1
ELECTRICO;ACTIVO;27/09/2021;2021;CAMIONETA;Santander;1
ELECTRICO;ACTIVO;16/04/2015;2015;MOTOCICLETA;Antioquia;1
ELECTRICO;ACTIVO;3/05/2021;2021;CAMIONETA;Antioquia;1
ELECTRICO;ACTIVO;24/09/2016;2016;AUTOMOVIL;Antioquia;1
ELECTRICO;ACTIVO;6/04/2021;2021;CUADRICICLO;Cundinamarca;1
ELECTRICO;ACTIVO;15/01/2022;2022;BUS;Bogota D.C.;1
ELECTRICO;ACTIVO;31/08/2017;2017;AUTOMOVIL;Bogota D.C.;1
ELECTRICO;ACTIVO;26/03/2021;2021;CAMION;Antioquia;1
ELECTRICO;ACTIVO;12/05/2016;2016;AUTOMOVIL;Cundinamarca;1
ELECTRICO;ACTIVO;23/04/2019;2019;AUTOMOVIL;Bogota D.C.;1
ELECTRICO;ACTIVO;29/12/2021;2021;CAMIONETA;Antioquia;1
ELECTRICO;ACTIVO;4/10/2021;2021;TRICIMOTO;Valle del Cauca;1
ELECTRICO;ACTIVO;17/11/2021;2021;AUTOMOVIL;Bogota D.C.;1
ELECTRICO;ACTIVO;16/03/2021;2021;CUADRICICLO;Bogota D.C.;1
ELECTRICO;ACTIVO;29/11/2021;2021;CAMIONETA;Bogota D.C.;1
ELECTRICO;ACTIVO;31/01/2022;2022;CAMION;Antioquia;1
ELECTRICO;ACTIVO;30/06/2015;2015;MOTOCICLETA;Santander;1
ELECTRICO;ACTIVO;24/11/2015;2015;MOTOCICLETA;Antioquia;1
ELECTRICO;ACTIVO;27/07/2019;2019;AUTOMOVIL;Bogota D.C.;1
ELECTRICO;ACTIVO;3/07/2019;2019;CUADRICICLO;Bogota D.C.;1
ELECTRICO;ACTIVO;11/02/2021;2021;CUADRICICLO;Cundinamarca;1
ELECTRICO;ACTIVO;15/06/2013;2013;MOTOCICLETA;Bogota D.C.;1
ELECTRICO;ACTIVO;12/03/2021;2021;CAMION;Cundinamarca;1
ELECTRICO;ACTIVO;15/08/2013;2013;AUTOMOVIL;Bogota D.C.;1
ELECTRICO;ACTIVO;12/11/2021;2021;CAMIONETA;Bogota D.C.;1
ELECTRICO;ACTIVO;1/03/2021;2021;CUADRICICLO;Cundinamarca;1
ELECTRICO;ACTIVO;28/08/2015;2015;MOTOCICLETA;Santander;1
ELECTRICO;ACTIVO;30/12/2021;2021;BUS;Bogota D.C.;1
ELECTRICO;ACTIVO;10/12/2014;2014;MOTOCICLETA;Bogota D.C.;1
ELECTRICO;ACTIVO;18/01/2018;2018;MOTOCICLETA;Valle del Cauca;1
ELECTRICO;ACTIVO;29/12/2020;2020;CUADRICICLO;Bogota D.C.;1
ELECTRICO;ACTIVO;11/07/2020;2020;CAMION;Cundinamarca;1
ELECTRICO;ACTIVO;15/04/2021;2021;CAMION;Antioquia;1
ELECTRICO;ACTIVO;9/09/2019;2019;BUS;Valle del Cauca;1
ELECTRICO;ACTIVO;29/10/2012;2012;MOTOCICLETA;Valle del Cauca;1
ELECTRICO;ACTIVO;5/12/2019;2019;CAMION;Cundinamarca;1
ELECTRICO;ACTIVO;11/10/2018;2018;AUTOMOVIL;Bogota D.C.;1
ELECTRICO;ACTIVO;26/04/2019;2019;AUTOMOVIL;Bogota D.C.;1
ELECTRICO;ACTIVO;16/12/2021;2021;CAMIONETA;Atlantico;1
ELECTRICO;ACTIVO;20/09/2019;2019;AUTOMOVIL;Antioquia;1
ELECTRICO;ACTIVO;8/08/2019;2019;AUTOMOVIL;Bogota D.C.;1
ELECTRICO;ACTIVO;18/11/2020;2020;MOTOTRICICLO;Cundinamarca;1
ELECTRICO;ACTIVO;8/08/2014;2014;MOTOCICLETA;Santander;1
ELECTRICO;ACTIVO;8/03/2012;2012;MOTOCICLETA;Bogota D.C.;1
ELECTRICO;ACTIVO;14/01/2015;2015;MOTOCICLETA;Bogota D.C.;1
ELECTRICO;ACTIVO;6/12/2012;2012;AUTOMOVIL;Bogota D.C.;1
ELECTRICO;ACTIVO;22/01/2015;2015;MOTOCICLETA;Valle del Cauca;1
ELECTRICO;ACTIVO;23/08/2021;2021;CAMION;Cundinamarca;1
ELECTRICO;ACTIVO;29/12/2016;2016;MOTOCICLETA;Antioquia;1
ELECTRICO;ACTIVO;1/02/2022;2022;CAMION;Antioquia;1
ELECTRICO;ACTIVO;13/05/2015;2015;AUTOMOVIL;Bogota D.C.;1
ELECTRICO;ACTIVO;24/04/2018;2018;CUADRICICLO;Bogota D.C.;1
ELECTRICO;ACTIVO;29/09/2021;2021;CUADRICICLO;Bogota D.C.;1
ELECTRICO;ACTIVO;1/07/2016;2016;AUTOMOVIL;Bogota D.C.;1
ELECTRICO;ACTIVO;16/02/2022;2022;AUTOMOVIL;Bogota D.C.;1
ELECTRICO;ACTIVO;12/11/2020;2020;BUS;Bogota D.C.;1
ELECTRICO;ACTIVO;29/07/2014;2014;CAMIONETA;Antioquia;1
ELECTRICO;ACTIVO;18/11/2019;2019;AUTOMOVIL;Antioquia;1
ELECTRICO;ACTIVO;21/05/2020;2020;CAMIONETA;Antioquia;1
ELECTRICO;ACTIVO;20/03/2013;2013;MOTOCICLETA;Bogota D.C.;1
ELECTRICO;ACTIVO;24/01/2022;2022;BUS;Bogota D.C.;1
ELECTRICO;ACTIVO;27/02/2018;2018;CUADRICICLO;Antioquia;1
ELECTRICO;ACTIVO;31/07/2020;2020;AUTOMOVIL;Bogota D.C.;1
ELECTRICO;ACTIVO;20/12/2021;2021;CUADRICICLO;Bogota D.C.;1
ELECTRICO;ACTIVO;5/08/2019;2019;AUTOMOVIL;Antioquia;1
ELECTRICO;ACTIVO;5/03/2021;2021;CAMIONETA;Bogota D.C.;1
ELECTRICO;ACTIVO;18/01/2018;2018;MOTOCICLETA;Valle del Cauca;1
ELECTRICO;ACTIVO;22/10/2021;2021;CAMIONETA;Antioquia;1
ELECTRICO;ACTIVO;4/02/2016;2016;CAMIONETA;Valle del Cauca;1
ELECTRICO;ACTIVO;30/04/2016;2016;MOTOCICLETA;Bogota D.C.;1
ELECTRICO;ACTIVO;25/02/2022;2022;BUS;Bogota D.C.;1
ELECTRICO;ACTIVO;28/11/2019;2019;BUS;Antioquia;1
ELECTRICO;ACTIVO;14/09/2021;2021;CAMIONETA;Valle del Cauca;1
ELECTRICO;ACTIVO;8/08/2019;2019;AUTOMOVIL;Antioquia;1
ELECTRICO;ACTIVO;5/10/2019;2019;AUTOMOVIL;Bogota D.C.;1
ELECTRICO;ACTIVO;25/10/2010;2010;CAMIONETA;Cundinamarca;1
ELECTRICO;ACTIVO;24/05/2013;2013;MOTOCICLETA;Bogota D.C.;1
ELECTRICO;ACTIVO;23/05/2013;2013;MOTOCICLETA;Bogota D.C.;1
ELECTRICO;ACTIVO;22/12/2018;2018;CUADRICICLO;Bogota D.C.;1
ELECTRICO;ACTIVO;27/05/2021;2021;CAMIONETA;Antioquia;1
ELECTRICO;ACTIVO;4/12/2020;2020;BUS;Bogota D.C.;1
ELECTRICO;ACTIVO;8/11/2018;2018;CUADRICICLO;Antioquia;1
ELECTRICO;ACTIVO;28/10/2020;2020;AUTOMOVIL;Meta;1
ELECTRICO;ACTIVO;1/09/2021;2021;AUTOMOVIL;Valle del Cauca;1
ELECTRICO;ACTIVO;4/12/2020;2020;BUS;Bogota D.C.;1
ELECTRICO;ACTIVO;19/03/2020;2020;CUADRICICLO;Antioquia;1
ELECTRICO;ACTIVO;6/11/2021;2021;CAMIONETA;Antioquia;1
ELECTRICO;ACTIVO;18/06/2015;2015;AUTOMOVIL;Atlantico;1
ELECTRICO;ACTIVO;24/04/2012;2012;MOTOCICLETA;Bogota D.C.;1
ELECTRICO;ACTIVO;15/10/2019;2019;CUADRICICLO;Bogota D.C.;1
ELECTRICO;ACTIVO;27/10/2021;2021;AUTOMOVIL;Antioquia;1
ELECTRICO;ACTIVO;5/11/2020;2020;BUS;Bogota D.C.;1
ELECTRICO;ACTIVO;30/03/2022;2022;CUADRICICLO;Antioquia;1
ELECTRICO;ACTIVO;30/04/2021;2021;AUTOMOVIL;Bogota D.C.;1
ELECTRICO;ACTIVO;4/12/2021;2021;AUTOMOVIL;Bogota D.C.;1
ELECTRICO;ACTIVO;30/10/2014;2014;MOTOCICLETA;Norte de Santander;1
ELECTRICO;ACTIVO;30/07/2019;2019;AUTOMOVIL;Bogota D.C.;1
ELECTRICO;ACTIVO;3/12/2020;2020;BUS;Bogota D.C.;1
ELECTRICO;ACTIVO;25/08/2021;2021;CUADRICICLO;Antioquia;1
ELECTRICO;ACTIVO;28/12/2018;2018;CUADRICICLO;Antioquia;1
ELECTRICO;ACTIVO;28/07/2016;2016;AUTOMOVIL;Antioquia;1
ELECTRICO;ACTIVO;24/12/2020;2020;CAMION;Antioquia;1
ELECTRICO;ACTIVO;28/11/2019;2019;BUS;Antioquia;1
ELECTRICO;ACTIVO;16/09/2021;2021;AUTOMOVIL;Bogota D.C.;1
ELECTRICO;ACTIVO;28/06/2019;2019;CUADRICICLO;Antioquia;1
ELECTRICO;ACTIVO;11/12/2020;2020;CAMION;Antioquia;1
ELECTRICO;ACTIVO;31/03/2021;2021;AUTOMOVIL;Bogota D.C.;1
ELECTRICO;ACTIVO;15/07/2015;2015;AUTOMOVIL;Bogota D.C.;1
ELECTRICO;ACTIVO;5/12/2019;2019;AUTOMOVIL;Bogota D.C.;1
ELECTRICO;ACTIVO;3/12/2020;2020;BUS;Bogota D.C.;1
ELECTRICO;ACTIVO;28/12/2016;2016;MOTOCARRO;Cundinamarca;1
ELECTRICO;ACTIVO;11/11/2020;2020;BUS;Bogota D.C.;1
ELECTRICO;ACTIVO;30/03/2022;2022;CUADRICICLO;Antioquia;1
ELECTRICO;ACTIVO;3/03/2021;2021;MOTOCARRO;Cundinamarca;1
ELECTRICO;ACTIVO;9/04/2014;2014;MOTOCICLETA;Bogota D.C.;1
ELECTRICO;ACTIVO;26/01/2022;2022;BUS;Bogota D.C.;1
ELECTRICO;ACTIVO;15/01/2022;2022;BUS;Bogota D.C.;1
ELECTRICO;ACTIVO;13/08/2018;2018;CUADRICICLO;Bogota D.C.;1
ELECTRICO;ACTIVO;13/12/2021;2021;CAMIONETA;Antioquia;1
ELECTRICO;ACTIVO;30/06/2015;2015;AUTOMOVIL;Bogota D.C.;1
ELECTRICO;ACTIVO;21/02/2022;2022;CAMIONETA;Cundinamarca;1
ELECTRICO;ACTIVO;31/01/2020;2020;AUTOMOVIL;Bogota D.C.;1
ELECTRICO;ACTIVO;10/02/2017;2017;AUTOMOVIL;Bogota D.C.;1
ELECTRICO;ACTIVO;3/02/2015;2015;MOTOCICLETA;Bogota D.C.;1
ELECTRICO;ACTIVO;12/11/2019;2019;AUTOMOVIL;Antioquia;1
ELECTRICO;ACTIVO;13/10/2010;2010;MOTOCICLETA;Bogota D.C.;1
ELECTRICO;ACTIVO;24/07/2012;2012;MOTOCICLETA;Valle del Cauca;1
ELECTRICO;ACTIVO;9/07/2020;2020;CAMION;Antioquia;1
ELECTRICO;ACTIVO;12/03/2021;2021;CAMION;Cundinamarca;1
ELECTRICO;ACTIVO;19/02/2022;2022;CAMIONETA;Antioquia;1
ELECTRICO;ACTIVO;13/01/2016;2016;MOTOCICLETA;Risaralda;1
ELECTRICO;ACTIVO;8/02/2013;2013;MOTOCICLETA;Bogota D.C.;1
ELECTRICO;ACTIVO;16/06/2015;2015;MOTOCICLETA;Santander;1
ELECTRICO;ACTIVO;27/05/2015;2015;MOTOCICLETA;Valle del Cauca;1
ELECTRICO;ACTIVO;16/06/2020;2020;CUADRICICLO;Cundinamarca;1
ELECTRICO;ACTIVO;24/02/2021;2021;AUTOMOVIL;Cundinamarca;1
ELECTRICO;ACTIVO;19/10/2011;2011;CAMIONETA;Cundinamarca;1
ELECTRICO;ACTIVO;8/01/2016;2016;CAMIONETA;Bogota D.C.;1
ELECTRICO;ACTIVO;19/11/2021;2021;CAMIONETA;Cundinamarca;1
ELECTRICO;ACTIVO;21/03/2012;2012;MOTOCICLETA;Valle del Cauca;1
ELECTRICO;ACTIVO;28/01/2022;2022;CAMIONETA;Cundinamarca;1
ELECTRICO;ACTIVO;11/03/2022;2022;CAMIONETA;Antioquia;1
ELECTRICO;ACTIVO;25/08/2018;2018;AUTOMOVIL;Antioquia;1
ELECTRICO;ACTIVO;11/09/2020;2020;AUTOMOVIL;Antioquia;1
ELECTRICO;ACTIVO;29/12/2020;2020;CAMIONETA;Cundinamarca;1
ELECTRICO;ACTIVO;14/10/2021;2021;CAMIONETA;Antioquia;1
ELECTRICO;ACTIVO;25/01/2022;2022;AUTOMOVIL;Bogota D.C.;1
ELECTRICO;ACTIVO;17/11/2015;2015;MOTOCICLETA;Caqueta;1
ELECTRICO;ACTIVO;6/09/2017;2017;AUTOMOVIL;Bogota D.C.;1
ELECTRICO;ACTIVO;9/06/2021;2021;CAMIONETA;Antioquia;1
ELECTRICO;ACTIVO;11/06/2020;2020;AUTOMOVIL;Bogota D.C.;1
ELECTRICO;ACTIVO;29/01/2010;2010;MICROBUS;Cundinamarca;1
ELECTRICO;ACTIVO;7/12/2016;2016;AUTOMOVIL;Bogota D.C.;1
ELECTRICO;ACTIVO;25/02/2021;2021;AUTOMOVIL;Bogota D.C.;1
ELECTRICO;ACTIVO;11/11/2016;2016;MOTOCICLETA;Antioquia;1
ELECTRICO;ACTIVO;4/10/2017;2017;CUADRICICLO;Antioquia;1
ELECTRICO;ACTIVO;2/02/2021;2021;BUS;Bogota D.C.;1
ELECTRICO;ACTIVO;23/03/2022;2022;BUS;Bogota D.C.;1
ELECTRICO;ACTIVO;14/01/2016;2016;AUTOMOVIL;Antioquia;1
ELECTRICO;ACTIVO;11/02/2014;2014;MOTOCICLETA;Santander;1
ELECTRICO;ACTIVO;7/01/2021;2021;AUTOMOVIL;Bolivar;1
ELECTRICO;ACTIVO;14/03/2022;2022;BUS;Bogota D.C.;1
ELECTRICO;ACTIVO;13/05/2021;2021;CUADRICICLO;Antioquia;1
ELECTRICO;ACTIVO;15/02/2022;2022;AUTOMOVIL;Bogota D.C.;1
ELECTRICO;ACTIVO;25/11/2016;2016;AUTOMOVIL;Antioquia;1
ELECTRICO;ACTIVO;31/01/2022;2022;CAMIONETA;Bogota D.C.;1
ELECTRICO;ACTIVO;28/02/2019;2019;CAMIONETA;Antioquia;1
ELECTRICO;ACTIVO;28/05/2018;2018;AUTOMOVIL;Bogota D.C.;1
ELECTRICO;ACTIVO;22/08/2017;2017;MOTOCICLETA;Antioquia;1
ELECTRICO;ACTIVO;15/08/2020;2020;CAMIONETA;Bogota D.C.;1
ELECTRICO;ACTIVO;25/02/2022;2022;BUS;Bogota D.C.;1
ELECTRICO;ACTIVO;27/11/2018;2018;AUTOMOVIL;Bogota D.C.;1
ELECTRICO;ACTIVO;8/02/2021;2021;CAMIONETA;Antioquia;1
ELECTRICO;ACTIVO;26/01/2022;2022;BUS;Bogota D.C.;1
ELECTRICO;ACTIVO;13/08/2011;2011;MOTOCICLETA;Bogota D.C.;1
ELECTRICO;ACTIVO;31/01/2022;2022;CAMION;Antioquia;1
ELECTRICO;ACTIVO;17/11/2021;2021;CAMIONETA;Cundinamarca;1
ELECTRICO;ACTIVO;27/10/2021;2021;AUTOMOVIL;Bogota D.C.;1
ELECTRICO;ACTIVO;7/03/2014;2014;MOTOCICLETA;Norte de Santander;1
ELECTRICO;ACTIVO;30/11/2021;2021;CAMIONETA;Bogota D.C.;1
ELECTRICO;ACTIVO;3/08/2019;2019;AUTOMOVIL;Cundinamarca;1
ELECTRICO;ACTIVO;5/07/2018;2018;AUTOMOVIL;Bogota D.C.;1
ELECTRICO;ACTIVO;31/01/2022;2022;CAMIONETA;Cundinamarca;1
ELECTRICO;ACTIVO;28/12/2018;2018;CAMIONETA;Valle del Cauca;1
ELECTRICO;ACTIVO;12/10/2021;2021;CUADRICICLO;Antioquia;1
ELECTRICO;ACTIVO;2/02/2018;2018;AUTOMOVIL;Bogota D.C.;1
ELECTRICO;ACTIVO;27/02/2022;2022;BUS;Bogota D.C.;1
ELECTRICO;ACTIVO;10/12/2020;2020;CAMION;Antioquia;1
ELECTRICO;ACTIVO;21/12/2020;2020;AUTOMOVIL;Valle del Cauca;1
ELECTRICO;ACTIVO;25/10/2010;2010;CAMIONETA;Cundinamarca;1
ELECTRICO;ACTIVO;30/09/2020;2020;AUTOMOVIL;Bogota D.C.;1
ELECTRICO;ACTIVO;4/12/2020;2020;BUS;Bogota D.C.;1
ELECTRICO;ACTIVO;22/07/2021;2021;CAMIONETA;Cundinamarca;1
ELECTRICO;ACTIVO;9/11/2021;2021;CUADRICICLO;Antioquia;1
ELECTRICO;ACTIVO;30/07/2019;2019;CAMIONETA;Antioquia;1
ELECTRICO;ACTIVO;19/08/2014;2014;CAMIONETA;Antioquia;1
ELECTRICO;ACTIVO;30/12/2021;2021;AUTOMOVIL;Cundinamarca;1
ELECTRICO;ACTIVO;2/01/2014;2014;MOTOCICLETA;Antioquia;1
ELECTRICO;ACTIVO;31/05/2021;2021;CUADRICICLO;Santander;1
ELECTRICO;ACTIVO;2/12/2020;2020;CAMIONETA;Valle del Cauca;1
ELECTRICO;ACTIVO;3/11/2020;2020;BUS;Bogota D.C.;1
ELECTRICO;ACTIVO;10/12/2014;2014;MOTOCICLETA;Bogota D.C.;1
ELECTRICO;ACTIVO;25/02/2022;2022;BUS;Bogota D.C.;1
ELECTRICO;ACTIVO;27/11/2021;2021;CAMION;Antioquia;1
ELECTRICO;ACTIVO;26/01/2022;2022;BUS;Bogota D.C.;1
ELECTRICO;ACTIVO;29/12/2021;2021;AUTOMOVIL;Cundinamarca;1
ELECTRICO;ACTIVO;6/05/2019;2019;AUTOMOVIL;Bogota D.C.;1
ELECTRICO;ACTIVO;15/01/2022;2022;BUS;Bogota D.C.;1
ELECTRICO;ACTIVO;24/11/2015;2015;MOTOCICLETA;Antioquia;1
ELECTRICO;ACTIVO;15/10/2019;2019;CAMIONETA;Antioquia;1
ELECTRICO;ACTIVO;4/08/2015;2015;AUTOMOVIL;Antioquia;1
ELECTRICO;ACTIVO;22/07/2019;2019;CUADRICICLO;Bogota D.C.;1
ELECTRICO;ACTIVO;6/06/2019;2019;AUTOMOVIL;Bogota D.C.;1
ELECTRICO;ACTIVO;29/11/2021;2021;CAMIONETA;Antioquia;1
ELECTRICO;ACTIVO;9/11/2020;2020;BUS;Bogota D.C.;1
ELECTRICO;ACTIVO;28/03/2018;2018;AUTOMOVIL;Bogota D.C.;1
ELECTRICO;ACTIVO;3/03/2022;2022;CAMIONETA;Cundinamarca;1
ELECTRICO;ACTIVO;25/02/2016;2016;AUTOMOVIL;Bogota D.C.;1
ELECTRICO;ACTIVO;18/05/2021;2021;CUADRICICLO;Bogota D.C.;1
ELECTRICO;ACTIVO;15/01/2022;2022;BUS;Bogota D.C.;1
ELECTRICO;ACTIVO;1/03/2011;2011;MOTOCICLETA;Antioquia;1
ELECTRICO;ACTIVO;10/09/2014;2014;MOTOCICLETA;Bogota D.C.;1
ELECTRICO;ACTIVO;31/01/2022;2022;CAMION;Antioquia;1
ELECTRICO;ACTIVO;3/04/2017;2017;AUTOMOVIL;Antioquia;1
ELECTRICO;ACTIVO;11/09/2018;2018;AUTOMOVIL;Antioquia;1
ELECTRICO;ACTIVO;31/10/2014;2014;MOTOCICLETA;Antioquia;1
ELECTRICO;ACTIVO;25/09/2020;2020;BUS;Cordoba;1
ELECTRICO;ACTIVO;29/12/2021;2021;CAMION;Antioquia;1
ELECTRICO;ACTIVO;23/05/2013;2013;MOTOCICLETA;Bogota D.C.;1
ELECTRICO;ACTIVO;31/07/2020;2020;CUADRICICLO;Antioquia;1
ELECTRICO;ACTIVO;30/04/2021;2021;CUADRICICLO;Bogota D.C.;1
ELECTRICO;ACTIVO;8/02/2018;2018;AUTOMOVIL;Bogota D.C.;1
ELECTRICO;ACTIVO;3/04/2018;2018;MOTOCICLETA;Antioquia;1
ELECTRICO;ACTIVO;4/11/2021;2021;AUTOMOVIL;Bogota D.C.;1
ELECTRICO;ACTIVO;11/03/2020;2020;CUADRICICLO;Bolivar;1
ELECTRICO;ACTIVO;13/08/2020;2020;MOTOCICLETA;Antioquia;1
ELECTRICO;ACTIVO;1/02/2021;2021;BUS;Bogota D.C.;1
ELECTRICO;ACTIVO;18/10/2011;2011;CAMIONETA;Cundinamarca;1
ELECTRICO;ACTIVO;11/11/2020;2020;BUS;Bogota D.C.;1
ELECTRICO;ACTIVO;18/01/2017;2017;CAMIONETA;Cundinamarca;1
ELECTRICO;ACTIVO;3/09/2021;2021;CUADRICICLO;Cundinamarca;1
ELECTRICO;ACTIVO;9/12/2019;2019;CAMION;Cundinamarca;1
ELECTRICO;ACTIVO;27/10/2021;2021;CAMIONETA;Antioquia;1
ELECTRICO;ACTIVO;18/10/2011;2011;CAMIONETA;Cundinamarca;1
ELECTRICO;ACTIVO;19/11/2016;2016;AUTOMOVIL;Bogota D.C.;1
ELECTRICO;ACTIVO;31/05/2018;2018;AUTOMOVIL;Antioquia;1
ELECTRICO;ACTIVO;14/02/2022;2022;CAMIONETA;Antioquia;1
ELECTRICO;ACTIVO;28/12/2020;2020;CUADRICICLO;Antioquia;1
ELECTRICO;ACTIVO;19/03/2019;2019;AUTOMOVIL;Bogota D.C.;1
ELECTRICO;ACTIVO;25/05/2013;2013;MOTOCICLETA;Bogota D.C.;1
ELECTRICO;ACTIVO;23/07/2020;2020;AUTOMOVIL;Bogota D.C.;1
ELECTRICO;ACTIVO;27/06/2016;2016;MOTOCICLETA;Risaralda;1
ELECTRICO;ACTIVO;11/04/2019;2019;AUTOMOVIL;Bogota D.C.;1
ELECTRICO;ACTIVO;18/02/2021;2021;TRICIMOTO;Guainia;1
ELECTRICO;ACTIVO;31/01/2019;2019;AUTOMOVIL;Bogota D.C.;1
ELECTRICO;ACTIVO;12/06/2015;2015;AUTOMOVIL;Risaralda;1
ELECTRICO;ACTIVO;9/11/2020;2020;BUS;Bogota D.C.;1
ELECTRICO;ACTIVO;20/04/2016;2016;MOTOCICLETA;Antioquia;1
ELECTRICO;ACTIVO;2/12/2015;2015;MOTOCICLETA;Bogota D.C.;1
ELECTRICO;ACTIVO;29/06/2018;2018;AUTOMOVIL;Antioquia;1
ELECTRICO;ACTIVO;31/07/2020;2020;CUADRICICLO;Antioquia;1
ELECTRICO;ACTIVO;9/09/2019;2019;BUS;Valle del Cauca;1
ELECTRICO;ACTIVO;4/07/2015;2015;AUTOMOVIL;Antioquia;1
ELECTRICO;ACTIVO;11/11/2020;2020;BUS;Bogota D.C.;1
ELECTRICO;ACTIVO;24/06/2021;2021;CAMIONETA;Antioquia;1
ELECTRICO;ACTIVO;27/01/2022;2022;BUS;Bogota D.C.;1
ELECTRICO;ACTIVO;11/12/2012;2012;AUTOMOVIL;Antioquia;1
ELECTRICO;ACTIVO;11/11/2020;2020;BUS;Bogota D.C.;1
ELECTRICO;ACTIVO;12/10/2021;2021;CUADRICICLO;Antioquia;1
ELECTRICO;ACTIVO;2/12/2021;2021;MOTOCICLETA;Antioquia;1
ELECTRICO;ACTIVO;26/01/2022;2022;BUS;Bogota D.C.;1
ELECTRICO;ACTIVO;12/02/2022;2022;CAMIONETA;Antioquia;1
ELECTRICO;ACTIVO;26/01/2022;2022;BUS;Bogota D.C.;1
ELECTRICO;ACTIVO;24/01/2022;2022;BUS;Bogota D.C.;1
ELECTRICO;ACTIVO;15/01/2022;2022;BUS;Bogota D.C.;1
ELECTRICO;ACTIVO;8/10/2015;2015;MOTOCICLETA;Cundinamarca;1
ELECTRICO;ACTIVO;19/08/2011;2011;MOTOCICLETA;Antioquia;1
ELECTRICO;ACTIVO;10/04/2015;2015;MOTOCICLETA;Antioquia;1
ELECTRICO;ACTIVO;25/09/2020;2020;BUS;Cordoba;1
ELECTRICO;ACTIVO;18/11/2020;2020;AUTOMOVIL;Bogota D.C.;1
ELECTRICO;ACTIVO;28/10/2019;2019;MOTOCARRO;Antioquia;1
ELECTRICO;ACTIVO;13/10/2020;2020;CUADRICICLO;Cundinamarca;1
ELECTRICO;ACTIVO;23/05/2013;2013;MOTOCICLETA;Bogota D.C.;1
ELECTRICO;ACTIVO;6/12/2019;2019;BUS;Antioquia;1
ELECTRICO;ACTIVO;17/05/2013;2013;MOTOCICLETA;Valle del Cauca;1
ELECTRICO;ACTIVO;18/12/2014;2014;MOTOCICLETA;Bogota D.C.;1
ELECTRICO;ACTIVO;30/07/2019;2019;CAMIONETA;Antioquia;1
ELECTRICO;ACTIVO;14/12/2018;2018;AUTOMOVIL;Bogota D.C.;1
ELECTRICO;ACTIVO;8/10/2020;2020;CAMIONETA;Bogota D.C.;1
ELECTRICO;ACTIVO;8/03/2022;2022;CUADRICICLO;Antioquia;1
ELECTRICO;ACTIVO;8/07/2015;2015;AUTOMOVIL;Bogota D.C.;1
ELECTRICO;ACTIVO;28/03/2018;2018;AUTOMOVIL;Antioquia;1
ELECTRICO;ACTIVO;1/10/2019;2019;AUTOMOVIL;Antioquia;1
ELECTRICO;ACTIVO;29/06/2018;2018;CUADRICICLO;Antioquia;1
ELECTRICO;ACTIVO;24/10/2018;2018;CAMIONETA;Antioquia;1
ELECTRICO;ACTIVO;29/04/2019;2019;AUTOMOVIL;Bogota D.C.;1
ELECTRICO;ACTIVO;28/02/2017;2017;AUTOMOVIL;Bogota D.C.;1
ELECTRICO;ACTIVO;17/03/2021;2021;CAMIONETA;Bogota D.C.;1
ELECTRICO;ACTIVO;24/05/2013;2013;MOTOCICLETA;Bogota D.C.;1
ELECTRICO;ACTIVO;28/12/2020;2020;CUADRICICLO;Antioquia;1
ELECTRICO;ACTIVO;18/06/2019;2019;CUADRICICLO;Antioquia;1
ELECTRICO;ACTIVO;30/03/2022;2022;CUADRICICLO;Antioquia;1
ELECTRICO;ACTIVO;17/06/2016;2016;AUTOMOVIL;Antioquia;1
ELECTRICO;ACTIVO;3/02/2017;2017;MOTOCICLETA;Antioquia;1
ELECTRICO;ACTIVO;12/11/2021;2021;AUTOMOVIL;Bogota D.C.;1
ELECTRICO;ACTIVO;28/09/2021;2021;CAMIONETA;Bogota D.C.;1
ELECTRICO;ACTIVO;25/03/2022;2022;CUADRICICLO;Antioquia;1
ELECTRICO;ACTIVO;25/11/2021;2021;CAMION;Antioquia;1
ELECTRICO;ACTIVO;9/02/2022;2022;MOTOCICLETA;Bogota D.C.;1
ELECTRICO;ACTIVO;3/10/2019;2019;CUADRICICLO;Bogota D.C.;1
ELECTRICO;ACTIVO;1/09/2021;2021;AUTOMOVIL;Antioquia;1
ELECTRICO;ACTIVO;18/02/2022;2022;BUS;Bogota D.C.;1
ELECTRICO;ACTIVO;30/08/2016;2016;MOTOCICLETA;Antioquia;1
ELECTRICO;ACTIVO;25/02/2021;2021;AUTOMOVIL;Santander;1
ELECTRICO;ACTIVO;24/05/2013;2013;MOTOCICLETA;Bogota D.C.;1
ELECTRICO;ACTIVO;6/04/2021;2021;TRICIMOTO;Valle del Cauca;1
ELECTRICO;ACTIVO;3/03/2020;2020;CAMIONETA;Cundinamarca;1
ELECTRICO;ACTIVO;22/05/2021;2021;CAMIONETA;Antioquia;1
ELECTRICO;ACTIVO;19/12/2020;2020;CAMIONETA;Antioquia;1
ELECTRICO;ACTIVO;17/06/2019;2019;CUADRICICLO;Bogota D.C.;1
ELECTRICO;ACTIVO;10/11/2020;2020;BUS;Bogota D.C.;1
ELECTRICO;ACTIVO;28/12/2021;2021;AUTOMOVIL;Bogota D.C.;1
ELECTRICO;ACTIVO;8/07/2021;2021;AUTOMOVIL;Bogota D.C.;1
ELECTRICO;ACTIVO;31/03/2022;2022;CAMIONETA;Antioquia;1
ELECTRICO;ACTIVO;24/02/2021;2021;AUTOMOVIL;Cundinamarca;1
ELECTRICO;ACTIVO;4/12/2020;2020;BUS;Bogota D.C.;1
ELECTRICO;ACTIVO;22/03/2014;2014;MOTOCICLETA;Antioquia;1
ELECTRICO;ACTIVO;12/04/2019;2019;AUTOMOVIL;Bogota D.C.;1
ELECTRICO;ACTIVO;31/01/2022;2022;BUS;Bogota D.C.;1
ELECTRICO;ACTIVO;24/11/2021;2021;CAMIONETA;Cundinamarca;1
ELECTRICO;ACTIVO;4/08/2021;2021;CAMIONETA;Bogota D.C.;1
ELECTRICO;ACTIVO;24/11/2015;2015;MOTOCICLETA;Antioquia;1
ELECTRICO;ACTIVO;14/10/2021;2021;CAMIONETA;Bogota D.C.;1
ELECTRICO;ACTIVO;26/01/2022;2022;BUS;Bogota D.C.;1
ELECTRICO;ACTIVO;1/10/2020;2020;CAMIONETA;Bogota D.C.;1
ELECTRICO;ACTIVO;9/07/2021;2021;MOTOCARRO;Antioquia;1
ELECTRICO;ACTIVO;17/07/2018;2018;AUTOMOVIL;Bogota D.C.;1
ELECTRICO;ACTIVO;3/12/2021;2021;MOTOCARRO;Cundinamarca;1
ELECTRICO;ACTIVO;26/08/2020;2020;AUTOMOVIL;Bogota D.C.;1
ELECTRICO;ACTIVO;19/11/2020;2020;TRICIMOTO;Valle del Cauca;1
ELECTRICO;ACTIVO;21/09/2021;2021;AUTOMOVIL;Bogota D.C.;1
ELECTRICO;ACTIVO;1/02/2021;2021;BUS;Bogota D.C.;1
ELECTRICO;ACTIVO;29/12/2018;2018;CUADRICICLO;Bogota D.C.;1
ELECTRICO;ACTIVO;13/06/2015;2015;MOTOCICLETA;Bogota D.C.;1
ELECTRICO;ACTIVO;12/07/2013;2013;MOTOCICLETA;Antioquia;1
ELECTRICO;ACTIVO;11/02/2016;2016;CAMIONETA;Bogota D.C.;1
ELECTRICO;ACTIVO;13/09/2019;2019;CAMION;Cundinamarca;1
ELECTRICO;ACTIVO;28/12/2020;2020;CUADRICICLO;Antioquia;1
ELECTRICO;ACTIVO;9/12/2021;2021;CAMIONETA;Antioquia;1
ELECTRICO;ACTIVO;27/02/2020;2020;AUTOMOVIL;Bogota D.C.;1
ELECTRICO;ACTIVO;10/06/2020;2020;CAMION;Cundinamarca;1
ELECTRICO;ACTIVO;18/03/2021;2021;CAMION;Antioquia;1
ELECTRICO;ACTIVO;28/08/2018;2018;CUADRICICLO;Antioquia;1
ELECTRICO;ACTIVO;9/08/2019;2019;AUTOMOVIL;Bogota D.C.;1
ELECTRICO;ACTIVO;21/05/2015;2015;MOTOCICLETA;Cauca;1
ELECTRICO;ACTIVO;12/10/2021;2021;CUADRICICLO;Antioquia;1
ELECTRICO;ACTIVO;9/07/2020;2020;CAMION;Antioquia;1
ELECTRICO;ACTIVO;30/01/2021;2021;AUTOMOVIL;Bogota D.C.;1
ELECTRICO;ACTIVO;4/12/2020;2020;BUS;Bogota D.C.;1
ELECTRICO;ACTIVO;1/10/2021;2021;TRICIMOTO;Valle del Cauca;1
ELECTRICO;ACTIVO;27/10/2016;2016;MOTOCICLETA;Santander;1
ELECTRICO;ACTIVO;6/12/2012;2012;AUTOMOVIL;Bogota D.C.;1
ELECTRICO;ACTIVO;22/05/2020;2020;AUTOMOVIL;Antioquia;1
ELECTRICO;ACTIVO;28/12/2020;2020;CUADRICICLO;Antioquia;1
ELECTRICO;ACTIVO;25/06/2020;2020;CAMION;Antioquia;1
ELECTRICO;ACTIVO;13/11/2020;2020;BUS;Bogota D.C.;1
ELECTRICO;ACTIVO;28/12/2021;2021;CAMIONETA;Bogota D.C.;1
ELECTRICO;ACTIVO;19/12/2019;2019;AUTOMOVIL;Atlantico;1
ELECTRICO;ACTIVO;29/09/2017;2017;AUTOMOVIL;Bogota D.C.;1
ELECTRICO;ACTIVO;14/05/2020;2020;CAMIONETA;Bogota D.C.;1
ELECTRICO;ACTIVO;5/01/2013;2013;MOTOCICLETA;Antioquia;1
ELECTRICO;ACTIVO;6/03/2020;2020;CAMION;Cundinamarca;1
ELECTRICO;ACTIVO;30/07/2019;2019;CAMIONETA;Antioquia;1
ELECTRICO;ACTIVO;8/11/2018;2018;CAMIONETA;Bogota D.C.;1
ELECTRICO;ACTIVO;7/03/2022;2022;CAMIONETA;Bogota D.C.;1
ELECTRICO;ACTIVO;10/06/2020;2020;TRICIMOTO;Antioquia;1
ELECTRICO;ACTIVO;8/11/2019;2019;AUTOMOVIL;Bogota D.C.;1
ELECTRICO;ACTIVO;16/12/2016;2016;AUTOMOVIL;Bogota D.C.;1
ELECTRICO;ACTIVO;4/12/2020;2020;BUS;Bogota D.C.;1
ELECTRICO;ACTIVO;26/04/2021;2021;AUTOMOVIL;Huila;1
ELECTRICO;ACTIVO;10/10/2018;2018;AUTOMOVIL;Bogota D.C.;1
ELECTRICO;ACTIVO;7/12/2020;2020;BUS;Bogota D.C.;1
ELECTRICO;ACTIVO;11/03/2020;2020;CUADRICICLO;Cundinamarca;1
ELECTRICO;ACTIVO;9/04/2013;2013;MOTOCICLETA;Bogota D.C.;1
ELECTRICO;ACTIVO;21/10/2011;2011;MOTOCICLETA;Bogota D.C.;1
ELECTRICO;ACTIVO;25/02/2022;2022;CAMIONETA;Antioquia;1
ELECTRICO;ACTIVO;11/11/2020;2020;BUS;Bogota D.C.;1
ELECTRICO;ACTIVO;12/12/2014;2014;MOTOCICLETA;Santander;1
ELECTRICO;ACTIVO;31/01/2019;2019;AUTOMOVIL;Bogota D.C.;1
ELECTRICO;ACTIVO;10/02/2021;2021;CAMIONETA;Antioquia;1
ELECTRICO;ACTIVO;27/09/2019;2019;CAMIONETA;Antioquia;1
ELECTRICO;ACTIVO;20/05/2013;2013;MOTOCICLETA;Cordoba;1
ELECTRICO;ACTIVO;30/06/2021;2021;AUTOMOVIL;Bogota D.C.;1
ELECTRICO;ACTIVO;24/01/2022;2022;BUS;Bogota D.C.;1
ELECTRICO;ACTIVO;29/12/2021;2021;AUTOMOVIL;Cundinamarca;1
ELECTRICO;ACTIVO;11/02/2021;2021;AUTOMOVIL;Antioquia;1
ELECTRICO;ACTIVO;5/02/2022;2022;BUS;Bogota D.C.;1
ELECTRICO;ACTIVO;12/10/2018;2018;AUTOMOVIL;Bogota D.C.;1
ELECTRICO;ACTIVO;23/05/2019;2019;CUADRICICLO;Bogota D.C.;1
ELECTRICO;ACTIVO;25/05/2015;2015;MOTOCICLETA;Antioquia;1
ELECTRICO;ACTIVO;18/03/2020;2020;AUTOMOVIL;Bogota D.C.;1
ELECTRICO;ACTIVO;11/03/2020;2020;AUTOMOVIL;Bogota D.C.;1
ELECTRICO;ACTIVO;23/05/2019;2019;AUTOMOVIL;Bogota D.C.;1
ELECTRICO;ACTIVO;17/01/2020;2020;CAMIONETA;Meta;1
ELECTRICO;ACTIVO;13/10/2020;2020;CUADRICICLO;Cundinamarca;1
ELECTRICO;ACTIVO;15/01/2022;2022;BUS;Bogota D.C.;1
ELECTRICO;ACTIVO;30/03/2015;2015;MOTOCICLETA;Bogota D.C.;1
ELECTRICO;ACTIVO;13/08/2013;2013;MOTOCICLETA;Bogota D.C.;1
ELECTRICO;ACTIVO;17/05/2019;2019;AUTOMOVIL;Antioquia;1
ELECTRICO;ACTIVO;14/03/2022;2022;BUS;Bogota D.C.;1
ELECTRICO;ACTIVO;19/02/2013;2013;MOTOCICLETA;Bogota D.C.;1
ELECTRICO;ACTIVO;3/04/2019;2019;CAMIONETA;Cauca;1
ELECTRICO;ACTIVO;22/12/2021;2021;AUTOMOVIL;Antioquia;1
ELECTRICO;ACTIVO;16/05/2013;2013;MOTOCICLETA;Antioquia;1
ELECTRICO;ACTIVO;25/01/2022;2022;AUTOMOVIL;Bogota D.C.;1
ELECTRICO;ACTIVO;17/09/2020;2020;AUTOMOVIL;Bogota D.C.;1
ELECTRICO;ACTIVO;11/03/2020;2020;AUTOMOVIL;Antioquia;1
ELECTRICO;ACTIVO;18/08/2015;2015;AUTOMOVIL;Antioquia;1
ELECTRICO;ACTIVO;30/10/2019;2019;AUTOMOVIL;Bogota D.C.;1
ELECTRICO;ACTIVO;9/05/2019;2019;CUADRICICLO;Santander;1
ELECTRICO;ACTIVO;30/07/2020;2020;CAMIONETA;Antioquia;1
ELECTRICO;ACTIVO;30/12/2020;2020;AUTOMOVIL;Antioquia;1
ELECTRICO;ACTIVO;11/03/2022;2022;CAMIONETA;Antioquia;1
ELECTRICO;ACTIVO;25/09/2014;2014;MOTOCICLETA;Valle del Cauca;1
ELECTRICO;ACTIVO;5/08/2015;2015;MOTOCICLETA;Santander;1
ELECTRICO;ACTIVO;5/12/2018;2018;MOTOCARRO;Antioquia;1
ELECTRICO;ACTIVO;23/03/2022;2022;BUS;Bogota D.C.;1
ELECTRICO;ACTIVO;10/11/2021;2021;MOTOCARRO;Cundinamarca;1
ELECTRICO;ACTIVO;22/11/2017;2017;CUADRICICLO;Bogota D.C.;1
ELECTRICO;ACTIVO;29/05/2020;2020;AUTOMOVIL;Antioquia;1
ELECTRICO;ACTIVO;4/05/2011;2011;MOTOCICLETA;Antioquia;1
ELECTRICO;ACTIVO;26/07/2019;2019;AUTOMOVIL;Santander;1
ELECTRICO;ACTIVO;6/10/2021;2021;CAMIONETA;Bogota D.C.;1
ELECTRICO;ACTIVO;17/02/2022;2022;CAMIONETA;Antioquia;1
ELECTRICO;ACTIVO;2/03/2022;2022;CUADRICICLO;Valle del Cauca;1
ELECTRICO;ACTIVO;9/07/2020;2020;CAMION;Antioquia;1
ELECTRICO;ACTIVO;2/06/2020;2020;MOTOCICLETA;Antioquia;1
ELECTRICO;ACTIVO;27/11/2021;2021;AUTOMOVIL;Bogota D.C.;1
ELECTRICO;ACTIVO;4/12/2020;2020;BUS;Bogota D.C.;1
ELECTRICO;ACTIVO;13/06/2011;2011;MOTOCICLETA;Antioquia;1
ELECTRICO;ACTIVO;30/03/2022;2022;CUADRICICLO;Antioquia;1
ELECTRICO;ACTIVO;17/03/2021;2021;CUADRICICLO;Bogota D.C.;1
ELECTRICO;ACTIVO;14/03/2022;2022;CAMIONETA;Antioquia;1
ELECTRICO;ACTIVO;23/12/2020;2020;TRICIMOTO;Valle del Cauca;1
ELECTRICO;ACTIVO;27/01/2022;2022;BUS;Bogota D.C.;1
ELECTRICO;ACTIVO;4/12/2020;2020;BUS;Bogota D.C.;1
ELECTRICO;ACTIVO;3/12/2020;2020;BUS;Bogota D.C.;1
ELECTRICO;ACTIVO;6/12/2014;2014;MOTOCICLETA;Antioquia;1
ELECTRICO;ACTIVO;15/01/2019;2019;CUADRICICLO;Antioquia;1
ELECTRICO;ACTIVO;18/12/2019;2019;AUTOMOVIL;Antioquia;1
ELECTRICO;ACTIVO;12/07/2018;2018;AUTOMOVIL;Bogota D.C.;1
ELECTRICO;ACTIVO;26/01/2016;2016;MOTOCICLETA;Valle del Cauca;1
ELECTRICO;ACTIVO;13/08/2014;2014;MOTOCICLETA;Antioquia;1
ELECTRICO;ACTIVO;17/03/2020;2020;AUTOMOVIL;Bogota D.C.;1
ELECTRICO;ACTIVO;24/12/2020;2020;CAMION;Antioquia;1
ELECTRICO;ACTIVO;28/12/2020;2020;MOTOCICLETA;Valle del Cauca;1
ELECTRICO;ACTIVO;3/12/2021;2021;MOTOCARRO;Cundinamarca;1
ELECTRICO;ACTIVO;22/03/2022;2022;CAMIONETA;Santander;1
ELECTRICO;ACTIVO;12/12/2019;2019;AUTOMOVIL;Bogota D.C.;1
ELECTRICO;ACTIVO;30/09/2021;2021;AUTOMOVIL;Antioquia;1
ELECTRICO;ACTIVO;17/09/2021;2021;AUTOMOVIL;Antioquia;1
ELECTRICO;ACTIVO;26/01/2022;2022;BUS;Bogota D.C.;1
ELECTRICO;ACTIVO;19/04/2021;2021;CUADRICICLO;Bogota D.C.;1
ELECTRICO;ACTIVO;18/02/2022;2022;BUS;Bogota D.C.;1
ELECTRICO;ACTIVO;9/11/2020;2020;BUS;Bogota D.C.;1
ELECTRICO;ACTIVO;23/09/2020;2020;CAMIONETA;Bogota D.C.;1
ELECTRICO;ACTIVO;23/03/2022;2022;CAMIONETA;Antioquia;1
ELECTRICO;ACTIVO;24/09/2021;2021;AUTOMOVIL;Bogota D.C.;1
ELECTRICO;ACTIVO;3/09/2020;2020;CAMIONETA;Antioquia;1
ELECTRICO;ACTIVO;3/05/2019;2019;AUTOMOVIL;Bogota D.C.;1
ELECTRICO;ACTIVO;23/11/2012;2012;MOTOCICLETA;Bogota D.C.;1
ELECTRICO;ACTIVO;29/08/2017;2017;AUTOMOVIL;Bogota D.C.;1
ELECTRICO;ACTIVO;3/07/2020;2020;AUTOMOVIL;Bogota D.C.;1
ELECTRICO;ACTIVO;13/08/2013;2013;MOTOCICLETA;Bogota D.C.;1
ELECTRICO;ACTIVO;3/11/2017;2017;AUTOMOVIL;Antioquia;1
ELECTRICO;ACTIVO;16/10/2021;2021;CAMIONETA;Antioquia;1
ELECTRICO;ACTIVO;10/08/2017;2017;MOTOCICLETA;Norte de Santander;1
ELECTRICO;ACTIVO;25/03/2015;2015;MOTOCICLETA;Antioquia;1
ELECTRICO;ACTIVO;26/11/2020;2020;AUTOMOVIL;Bogota D.C.;1
ELECTRICO;ACTIVO;28/12/2020;2020;CUADRICICLO;Antioquia;1
ELECTRICO;ACTIVO;8/02/2022;2022;CAMIONETA;Cundinamarca;1
ELECTRICO;ACTIVO;6/12/2021;2021;AUTOMOVIL;Bogota D.C.;1
ELECTRICO;ACTIVO;20/11/2013;2013;MOTOCICLETA;Antioquia;1
ELECTRICO;ACTIVO;27/08/2020;2020;CAMIONETA;Antioquia;1
ELECTRICO;ACTIVO;9/07/2020;2020;CAMION;Antioquia;1
ELECTRICO;ACTIVO;23/11/2020;2020;CAMIONETA;Antioquia;1
ELECTRICO;ACTIVO;22/03/2022;2022;CAMIONETA;Santander;1
ELECTRICO;ACTIVO;6/04/2018;2018;CUADRICICLO;Bogota D.C.;1
ELECTRICO;ACTIVO;21/11/2014;2014;MOTOCICLETA;Norte de Santander;1
ELECTRICO;ACTIVO;3/07/2019;2019;CUADRICICLO;Antioquia;1
ELECTRICO;ACTIVO;27/06/2020;2020;AUTOMOVIL;Bogota D.C.;1
ELECTRICO;ACTIVO;2/06/2021;2021;MOTOCARRO;Cundinamarca;1
ELECTRICO;ACTIVO;9/09/2015;2015;AUTOMOVIL;Antioquia;1
ELECTRICO;ACTIVO;21/07/2021;2021;AUTOMOVIL;Santander;1
ELECTRICO;ACTIVO;16/09/2019;2019;CUADRICICLO;Bogota D.C.;1
ELECTRICO;ACTIVO;18/02/2022;2022;BUS;Bogota D.C.;1
ELECTRICO;ACTIVO;22/09/2021;2021;AUTOMOVIL;Bogota D.C.;1
ELECTRICO;ACTIVO;19/08/2015;2015;MOTOCICLETA;Bogota D.C.;1
ELECTRICO;ACTIVO;29/02/2020;2020;AUTOMOVIL;Bogota D.C.;1
ELECTRICO;ACTIVO;31/01/2019;2019;AUTOMOVIL;Bogota D.C.;1
ELECTRICO;ACTIVO;4/11/2020;2020;AUTOMOVIL;Bogota D.C.;1
ELECTRICO;ACTIVO;4/05/2017;2017;MOTOCICLETA;Antioquia;1
ELECTRICO;ACTIVO;15/12/2021;2021;CUADRICICLO;Bogota D.C.;1
ELECTRICO;ACTIVO;5/06/2018;2018;AUTOMOVIL;Bogota D.C.;1
ELECTRICO;ACTIVO;1/06/2012;2012;MOTOCICLETA;Valle del Cauca;1
ELECTRICO;ACTIVO;24/05/2013;2013;MOTOCICLETA;Bogota D.C.;1
ELECTRICO;ACTIVO;30/09/2021;2021;CAMIONETA;Bogota D.C.;1
ELECTRICO;ACTIVO;17/12/2019;2019;CAMION;Cundinamarca;1
ELECTRICO;ACTIVO;9/09/2014;2014;MOTOCICLETA;Antioquia;1
ELECTRICO;ACTIVO;16/10/2021;2021;CUADRICICLO;Antioquia;1
ELECTRICO;ACTIVO;25/02/2021;2021;CUADRICICLO;Antioquia;1
ELECTRICO;ACTIVO;13/03/2015;2015;MOTOCICLETA;Antioquia;1
ELECTRICO;ACTIVO;31/07/2020;2020;CUADRICICLO;Antioquia;1
ELECTRICO;ACTIVO;15/08/2018;2018;CUADRICICLO;Antioquia;1
ELECTRICO;ACTIVO;30/03/2022;2022;CUADRICICLO;Antioquia;1
ELECTRICO;ACTIVO;1/02/2022;2022;BUS;Bogota D.C.;1
ELECTRICO;ACTIVO;12/03/2022;2022;BUS;Bogota D.C.;1
ELECTRICO;ACTIVO;10/11/2021;2021;MOTOCARRO;Cundinamarca;1
ELECTRICO;ACTIVO;20/12/2021;2021;AUTOMOVIL;Antioquia;1
ELECTRICO;ACTIVO;1/02/2021;2021;BUS;Bogota D.C.;1
ELECTRICO;ACTIVO;13/01/2014;2014;MOTOCICLETA;Bogota D.C.;1
ELECTRICO;ACTIVO;15/09/2020;2020;CAMION;Antioquia;1
ELECTRICO;ACTIVO;11/11/2020;2020;BUS;Bogota D.C.;1
ELECTRICO;ACTIVO;5/03/2020;2020;CUADRICICLO;Bogota D.C.;1
ELECTRICO;ACTIVO;26/05/2021;2021;CAMIONETA;Antioquia;1
ELECTRICO;ACTIVO;16/07/2019;2019;AUTOMOVIL;Bogota D.C.;1
ELECTRICO;ACTIVO;29/01/2018;2018;AUTOMOVIL;Bogota D.C.;1
ELECTRICO;ACTIVO;21/07/2021;2021;AUTOMOVIL;Bolivar;1
ELECTRICO;ACTIVO;11/09/2013;2013;MOTOCICLETA;Bogota D.C.;1
ELECTRICO;ACTIVO;26/02/2021;2021;AUTOMOVIL;Antioquia;1
ELECTRICO;ACTIVO;26/01/2022;2022;BUS;Bogota D.C.;1
ELECTRICO;ACTIVO;22/10/2019;2019;TRICIMOTO;Valle del Cauca;1
ELECTRICO;ACTIVO;15/01/2022;2022;BUS;Bogota D.C.;1
ELECTRICO;ACTIVO;31/08/2021;2021;CAMIONETA;Valle del Cauca;1
ELECTRICO;ACTIVO;19/05/2015;2015;AUTOMOVIL;Bogota D.C.;1
ELECTRICO;ACTIVO;27/02/2022;2022;BUS;Bogota D.C.;1
ELECTRICO;ACTIVO;24/05/2013;2013;MOTOCICLETA;Bogota D.C.;1
ELECTRICO;ACTIVO;10/12/2020;2020;CAMION;Antioquia;1
ELECTRICO;ACTIVO;23/07/2019;2019;AUTOMOVIL;Bogota D.C.;1
ELECTRICO;ACTIVO;28/03/2018;2018;AUTOMOVIL;Antioquia;1
ELECTRICO;ACTIVO;16/06/2015;2015;AUTOMOVIL;Valle del Cauca;1
ELECTRICO;ACTIVO;14/02/2015;2015;MOTOCICLETA;Antioquia;1
ELECTRICO;ACTIVO;22/03/2022;2022;CAMIONETA;Santander;1
ELECTRICO;ACTIVO;31/07/2020;2020;CUADRICICLO;Antioquia;1
ELECTRICO;ACTIVO;27/01/2022;2022;TRICIMOTO;Valle del Cauca;1
ELECTRICO;ACTIVO;15/08/2013;2013;AUTOMOVIL;Bogota D.C.;1
ELECTRICO;ACTIVO;13/11/2020;2020;BUS;Bogota D.C.;1
ELECTRICO;ACTIVO;31/07/2020;2020;CUADRICICLO;Antioquia;1
ELECTRICO;ACTIVO;27/06/2016;2016;MOTOCICLETA;Risaralda;1
ELECTRICO;ACTIVO;6/08/2019;2019;CUADRICICLO;Bogota D.C.;1
ELECTRICO;ACTIVO;20/09/2019;2019;AUTOMOVIL;Antioquia;1
ELECTRICO;ACTIVO;2/03/2013;2013;MOTOCICLETA;Bogota D.C.;1
ELECTRICO;ACTIVO;16/10/2018;2018;CUADRICICLO;Bogota D.C.;1
ELECTRICO;ACTIVO;27/02/2021;2021;CUADRICICLO;Bogota D.C.;1
ELECTRICO;ACTIVO;26/01/2022;2022;BUS;Bogota D.C.;1
ELECTRICO;ACTIVO;30/07/2020;2020;CUADRICICLO;Antioquia;1
ELECTRICO;ACTIVO;23/03/2013;2013;AUTOMOVIL;Valle del Cauca;1
ELECTRICO;ACTIVO;29/03/2017;2017;MOTOCICLETA;Antioquia;1
ELECTRICO;ACTIVO;11/03/2022;2022;CAMIONETA;Antioquia;1
ELECTRICO;ACTIVO;21/11/2013;2013;MOTOCICLETA;Norte de Santander;1
ELECTRICO;ACTIVO;31/05/2021;2021;AUTOMOVIL;Cundinamarca;1
ELECTRICO;ACTIVO;6/11/2021;2021;CAMIONETA;Antioquia;1
ELECTRICO;ACTIVO;27/03/2021;2021;CAMIONETA;Bogota D.C.;1
ELECTRICO;ACTIVO;5/11/2020;2020;BUS;Bogota D.C.;1
ELECTRICO;ACTIVO;26/01/2022;2022;BUS;Bogota D.C.;1
ELECTRICO;ACTIVO;28/12/2020;2020;MOTOCICLETA;Antioquia;1
ELECTRICO;ACTIVO;11/10/2021;2021;CUADRICICLO;Antioquia;1
ELECTRICO;ACTIVO;10/09/2015;2015;AUTOMOVIL;Antioquia;1
ELECTRICO;ACTIVO;30/12/2021;2021;AUTOMOVIL;Antioquia;1
ELECTRICO;ACTIVO;28/05/2012;2012;MOTOCICLETA;Antioquia;1
ELECTRICO;ACTIVO;14/03/2022;2022;BUS;Bogota D.C.;1
ELECTRICO;ACTIVO;14/05/2021;2021;AUTOMOVIL;Antioquia;1
ELECTRICO;ACTIVO;18/10/2013;2013;MOTOCICLETA;Bogota D.C.;1
ELECTRICO;ACTIVO;31/01/2020;2020;AUTOMOVIL;Bogota D.C.;1
ELECTRICO;ACTIVO;19/01/2022;2022;BUS;Bogota D.C.;1
ELECTRICO;ACTIVO;5/02/2022;2022;BUS;Bogota D.C.;1
ELECTRICO;ACTIVO;2/05/2015;2015;MOTOCICLETA;Bogota D.C.;1
ELECTRICO;ACTIVO;25/10/2021;2021;AUTOMOVIL;Bogota D.C.;1
ELECTRICO;ACTIVO;6/12/2019;2019;BUS;Antioquia;1
ELECTRICO;ACTIVO;11/11/2020;2020;BUS;Bogota D.C.;1
ELECTRICO;ACTIVO;31/05/2021;2021;CUADRICICLO;Caldas;1
ELECTRICO;ACTIVO;15/10/2021;2021;CUADRICICLO;Antioquia;1
ELECTRICO;ACTIVO;21/01/2022;2022;BUS;Bogota D.C.;1
ELECTRICO;ACTIVO;9/11/2021;2021;CAMIONETA;Bogota D.C.;1
ELECTRICO;ACTIVO;14/04/2011;2011;MOTOCICLETA;Bogota D.C.;1
ELECTRICO;ACTIVO;30/03/2019;2019;AUTOMOVIL;Antioquia;1
ELECTRICO;ACTIVO;14/03/2019;2019;AUTOMOVIL;Bogota D.C.;1
ELECTRICO;ACTIVO;15/03/2017;2017;AUTOMOVIL;Antioquia;1
ELECTRICO;ACTIVO;26/09/2019;2019;CAMION;Cundinamarca;1
ELECTRICO;ACTIVO;18/06/2019;2019;AUTOMOVIL;Bogota D.C.;1
ELECTRICO;ACTIVO;28/12/2018;2018;AUTOMOVIL;Bogota D.C.;1
ELECTRICO;ACTIVO;25/01/2017;2017;MOTOCICLETA;Antioquia;1
ELECTRICO;ACTIVO;8/10/2015;2015;MOTOCICLETA;Santander;1
ELECTRICO;ACTIVO;30/03/2022;2022;CUADRICICLO;Antioquia;1
ELECTRICO;ACTIVO;10/03/2020;2020;AUTOMOVIL;Bogota D.C.;1
ELECTRICO;ACTIVO;2/11/2021;2021;AUTOMOVIL;Bogota D.C.;1
ELECTRICO;ACTIVO;11/12/2012;2012;AUTOMOVIL;Antioquia;1
ELECTRICO;ACTIVO;23/03/2021;2021;MOTOCARRO;Antioquia;1
ELECTRICO;ACTIVO;3/09/2015;2015;AUTOMOVIL;Bogota D.C.;1
ELECTRICO;ACTIVO;21/05/2020;2020;AUTOMOVIL;Bogota D.C.;1
ELECTRICO;ACTIVO;4/05/2017;2017;MOTOCICLETA;Valle del Cauca;1
ELECTRICO;ACTIVO;8/10/2020;2020;TRICIMOTO;Atlantico;1
ELECTRICO;ACTIVO;28/12/2021;2021;AUTOMOVIL;Bogota D.C.;1
ELECTRICO;ACTIVO;21/12/2012;2012;MOTOCICLETA;Antioquia;1
ELECTRICO;ACTIVO;15/08/2013;2013;AUTOMOVIL;Bogota D.C.;1
ELECTRICO;ACTIVO;16/03/2018;2018;AUTOMOVIL;Bogota D.C.;1
ELECTRICO;ACTIVO;17/12/2018;2018;AUTOMOVIL;Cundinamarca;1
ELECTRICO;ACTIVO;5/11/2010;2010;MOTOCARRO;Bogota D.C.;1
ELECTRICO;ACTIVO;5/11/2020;2020;CUADRICICLO;Antioquia;1
ELECTRICO;ACTIVO;20/03/2019;2019;CAMION;Antioquia;1
ELECTRICO;ACTIVO;16/07/2020;2020;AUTOMOVIL;Antioquia;1
ELECTRICO;ACTIVO;3/11/2020;2020;BUS;Bogota D.C.;1
ELECTRICO;ACTIVO;31/01/2018;2018;AUTOMOVIL;Antioquia;1
ELECTRICO;ACTIVO;12/11/2020;2020;BUS;Bogota D.C.;1
ELECTRICO;ACTIVO;14/03/2014;2014;MOTOCICLETA;Bogota D.C.;1
ELECTRICO;ACTIVO;2/02/2017;2017;AUTOMOVIL;Bogota D.C.;1
ELECTRICO;ACTIVO;13/11/2020;2020;BUS;Bogota D.C.;1
ELECTRICO;ACTIVO;26/02/2022;2022;BUS;Bogota D.C.;1
ELECTRICO;ACTIVO;24/02/2021;2021;TRICIMOTO;Valle del Cauca;1
ELECTRICO;ACTIVO;26/05/2012;2012;MOTOCICLETA;Antioquia;1
ELECTRICO;ACTIVO;1/03/2019;2019;CAMIONETA;Valle del Cauca;1
ELECTRICO;ACTIVO;14/12/2018;2018;CUADRICICLO;Bogota D.C.;1
ELECTRICO;ACTIVO;23/11/2020;2020;AUTOMOVIL;Bogota D.C.;1
ELECTRICO;ACTIVO;6/09/2018;2018;CUADRICICLO;Bogota D.C.;1
ELECTRICO;ACTIVO;11/07/2019;2019;AUTOMOVIL;Cundinamarca;1
ELECTRICO;ACTIVO;11/11/2020;2020;BUS;Bogota D.C.;1
ELECTRICO;ACTIVO;23/02/2022;2022;AUTOMOVIL;Bogota D.C.;1
ELECTRICO;ACTIVO;19/12/2018;2018;AUTOMOVIL;Bogota D.C.;1
ELECTRICO;ACTIVO;1/11/2016;2016;AUTOMOVIL;Antioquia;1
ELECTRICO;REGISTRADO;23/05/2013;2013;BUS;Bogota D.C.;1
ELECTRICO;ACTIVO;28/12/2018;2018;AUTOMOVIL;Risaralda;1
ELECTRICO;ACTIVO;3/12/2020;2020;BUS;Bogota D.C.;1
ELECTRICO;ACTIVO;22/11/2016;2016;MOTOCICLETA;Antioquia;1
ELECTRICO;ACTIVO;15/05/2017;2017;MOTOCICLETA;Antioquia;1
ELECTRICO;ACTIVO;17/03/2021;2021;MOTOCARRO;Cundinamarca;1
ELECTRICO;ACTIVO;11/11/2020;2020;BUS;Bogota D.C.;1
ELECTRICO;ACTIVO;5/12/2015;2015;MOTOCICLETA;Bogota D.C.;1
ELECTRICO;ACTIVO;11/09/2013;2013;MOTOCICLETA;Bogota D.C.;1
ELECTRICO;ACTIVO;2/02/2022;2022;AUTOMOVIL;Bogota D.C.;1
ELECTRICO;ACTIVO;24/04/2017;2017;MOTOCICLETA;Antioquia;1
ELECTRICO;ACTIVO;24/02/2021;2021;AUTOMOVIL;Bogota D.C.;1
ELECTRICO;ACTIVO;4/12/2020;2020;BUS;Bogota D.C.;1
ELECTRICO;ACTIVO;12/03/2022;2022;BUS;Bogota D.C.;1
ELECTRICO;ACTIVO;6/10/2021;2021;CAMIONETA;Cundinamarca;1
ELECTRICO;ACTIVO;15/03/2022;2022;AUTOMOVIL;Cundinamarca;1
ELECTRICO;ACTIVO;9/03/2020;2020;CAMION;Cundinamarca;1
ELECTRICO;ACTIVO;11/12/2012;2012;AUTOMOVIL;Antioquia;1
ELECTRICO;ACTIVO;13/05/2019;2019;AUTOMOVIL;Bogota D.C.;1
ELECTRICO;ACTIVO;11/11/2020;2020;BUS;Bogota D.C.;1
ELECTRICO;ACTIVO;28/05/2021;2021;CUADRICICLO;Bogota D.C.;1
ELECTRICO;ACTIVO;23/07/2019;2019;AUTOMOVIL;Antioquia;1
ELECTRICO;ACTIVO;29/05/2012;2012;MOTOCICLETA;Valle del Cauca;1
ELECTRICO;ACTIVO;27/01/2022;2022;BUS;Bogota D.C.;1
ELECTRICO;ACTIVO;1/11/2018;2018;CAMION;Antioquia;1
ELECTRICO;ACTIVO;30/03/2022;2022;CUADRICICLO;Antioquia;1
ELECTRICO;ACTIVO;23/09/2020;2020;AUTOMOVIL;Bogota D.C.;1
ELECTRICO;ACTIVO;8/03/2017;2017;MOTOCICLETA;Antioquia;1
ELECTRICO;ACTIVO;24/10/2018;2018;CAMIONETA;Antioquia;1
ELECTRICO;ACTIVO;29/12/2021;2021;AUTOMOVIL;Cundinamarca;1
ELECTRICO;ACTIVO;18/03/2020;2020;CUADRICICLO;Bogota D.C.;1
ELECTRICO;ACTIVO;4/12/2012;2012;MOTOCICLETA;Caqueta;1
ELECTRICO;ACTIVO;11/03/2022;2022;BUS;Bogota D.C.;1
ELECTRICO;ACTIVO;11/05/2021;2021;CUADRICICLO;Antioquia;1
ELECTRICO;ACTIVO;15/05/2021;2021;MOTOCARRO;Cundinamarca;1
ELECTRICO;ACTIVO;1/02/2019;2019;AUTOMOVIL;Antioquia;1
ELECTRICO;ACTIVO;28/12/2020;2020;CUADRICICLO;Antioquia;1
ELECTRICO;ACTIVO;28/08/2013;2013;MOTOCICLETA;Antioquia;1
ELECTRICO;ACTIVO;30/07/2020;2020;CUADRICICLO;Antioquia;1
ELECTRICO;ACTIVO;4/05/2021;2021;AUTOMOVIL;Bogota D.C.;1
ELECTRICO;ACTIVO;3/12/2021;2021;AUTOMOVIL;Bogota D.C.;1
ELECTRICO;ACTIVO;27/11/2019;2019;AUTOMOVIL;Bogota D.C.;1
ELECTRICO;ACTIVO;26/11/2018;2018;AUTOMOVIL;Antioquia;1
ELECTRICO;ACTIVO;18/02/2022;2022;AUTOMOVIL;Antioquia;1
ELECTRICO;ACTIVO;2/02/2022;2022;AUTOMOVIL;Bogota D.C.;1
ELECTRICO;ACTIVO;3/09/2020;2020;AUTOMOVIL;Santander;1
ELECTRICO;ACTIVO;10/12/2014;2014;MOTOCICLETA;Bogota D.C.;1
ELECTRICO;ACTIVO;8/09/2015;2015;MOTOCICLETA;Bogota D.C.;1
ELECTRICO;ACTIVO;11/11/2020;2020;BUS;Bogota D.C.;1
ELECTRICO;ACTIVO;25/08/2021;2021;TRICIMOTO;Valle del Cauca;1
ELECTRICO;ACTIVO;24/07/2012;2012;MOTOCICLETA;Antioquia;1
ELECTRICO;ACTIVO;1/02/2022;2022;BUS;Bogota D.C.;1
ELECTRICO;ACTIVO;19/07/2021;2021;CAMION;Antioquia;1
ELECTRICO;ACTIVO;11/11/2020;2020;BUS;Bogota D.C.;1
ELECTRICO;ACTIVO;19/12/2016;2016;MOTOCICLETA;Valle del Cauca;1
ELECTRICO;ACTIVO;9/03/2011;2011;MOTOCICLETA;Antioquia;1
ELECTRICO;ACTIVO;4/02/2015;2015;MOTOCICLETA;Bogota D.C.;1
ELECTRICO;ACTIVO;16/06/2021;2021;AUTOMOVIL;Bogota D.C.;1
ELECTRICO;ACTIVO;15/08/2013;2013;AUTOMOVIL;Bogota D.C.;1
ELECTRICO;ACTIVO;10/06/2017;2017;MOTOCICLETA;Antioquia;1
ELECTRICO;ACTIVO;9/12/2016;2016;AUTOMOVIL;Bogota D.C.;1
ELECTRICO;ACTIVO;31/01/2022;2022;CAMION;Antioquia;1
ELECTRICO;ACTIVO;11/03/2022;2022;AUTOMOVIL;Bogota D.C.;1
ELECTRICO;ACTIVO;3/03/2017;2017;AUTOMOVIL;Bogota D.C.;1
ELECTRICO;ACTIVO;7/05/2021;2021;CAMIONETA;Antioquia;1
ELECTRICO;ACTIVO;4/12/2020;2020;BUS;Bogota D.C.;1
ELECTRICO;ACTIVO;14/07/2015;2015;AUTOMOVIL;Bogota D.C.;1
ELECTRICO;ACTIVO;3/11/2021;2021;CAMIONETA;Bogota D.C.;1
ELECTRICO;ACTIVO;23/03/2022;2022;BUS;Bogota D.C.;1
ELECTRICO;ACTIVO;21/09/2021;2021;MOTOCARRO;Cundinamarca;1
ELECTRICO;ACTIVO;15/01/2022;2022;BUS;Bogota D.C.;1
ELECTRICO;ACTIVO;10/12/2021;2021;CAMIONETA;Antioquia;1
ELECTRICO;ACTIVO;1/02/2022;2022;BUS;Bogota D.C.;1
ELECTRICO;ACTIVO;28/11/2020;2020;AUTOMOVIL;Bogota D.C.;1
ELECTRICO;ACTIVO;1/09/2014;2014;MOTOCICLETA;Antioquia;1
ELECTRICO;ACTIVO;12/12/2018;2018;CUADRICICLO;Bogota D.C.;1
ELECTRICO;ACTIVO;13/08/2020;2020;TRICIMOTO;Valle del Cauca;1
ELECTRICO;ACTIVO;22/09/2021;2021;AUTOMOVIL;Atlantico;1
ELECTRICO;ACTIVO;5/10/2015;2015;AUTOMOVIL;Bogota D.C.;1
ELECTRICO;ACTIVO;14/02/2014;2014;MOTOCICLETA;Santander;1
ELECTRICO;ACTIVO;31/01/2022;2022;CAMION;Antioquia;1
ELECTRICO;ACTIVO;6/02/2013;2013;MOTOCICLETA;Bogota D.C.;1
ELECTRICO;ACTIVO;17/11/2021;2021;CAMIONETA;Antioquia;1
ELECTRICO;ACTIVO;3/12/2021;2021;MOTOCARRO;Cundinamarca;1
ELECTRICO;ACTIVO;1/12/2020;2020;AUTOMOVIL;Bogota D.C.;1
ELECTRICO;ACTIVO;24/11/2015;2015;MOTOCICLETA;Antioquia;1
ELECTRICO;ACTIVO;24/02/2022;2022;BUS;Bogota D.C.;1
ELECTRICO;ACTIVO;30/09/2016;2016;AUTOMOVIL;Bogota D.C.;1
ELECTRICO;ACTIVO;13/04/2019;2019;AUTOMOVIL;Antioquia;1
ELECTRICO;ACTIVO;8/02/2017;2017;MOTOCICLETA;Caldas;1
ELECTRICO;ACTIVO;8/11/2021;2021;CAMIONETA;Antioquia;1
ELECTRICO;ACTIVO;15/08/2013;2013;MOTOCICLETA;Antioquia;1
ELECTRICO;ACTIVO;28/12/2021;2021;CAMIONETA;Antioquia;1
ELECTRICO;ACTIVO;28/03/2018;2018;CUADRICICLO;Bogota D.C.;1
ELECTRICO;ACTIVO;21/01/2015;2015;AUTOMOVIL;Bogota D.C.;1
ELECTRICO;ACTIVO;13/08/2019;2019;AUTOMOVIL;Antioquia;1
ELECTRICO;ACTIVO;12/11/2020;2020;AUTOMOVIL;Bogota D.C.;1
ELECTRICO;ACTIVO;24/02/2015;2015;MOTOCICLETA;Bogota D.C.;1
ELECTRICO;ACTIVO;30/07/2019;2019;CAMIONETA;Antioquia;1
ELECTRICO;ACTIVO;2/03/2015;2015;MOTOCICLETA;Antioquia;1
ELECTRICO;ACTIVO;2/12/2021;2021;CAMIONETA;Bogota D.C.;1
ELECTRICO;ACTIVO;18/04/2017;2017;AUTOMOVIL;Bogota D.C.;1
ELECTRICO;ACTIVO;2/02/2021;2021;BUS;Bogota D.C.;1
ELECTRICO;ACTIVO;4/12/2020;2020;BUS;Bogota D.C.;1
ELECTRICO;ACTIVO;30/12/2020;2020;AUTOMOVIL;Antioquia;1
ELECTRICO;ACTIVO;29/02/2020;2020;CUADRICICLO;Antioquia;1
ELECTRICO;ACTIVO;17/03/2022;2022;CAMIONETA;Valle del Cauca;1
ELECTRICO;ACTIVO;30/11/2020;2020;CUADRICICLO;Antioquia;1
ELECTRICO;ACTIVO;12/10/2021;2021;CUADRICICLO;Antioquia;1
ELECTRICO;ACTIVO;7/12/2011;2011;MOTOCICLETA;Bogota D.C.;1
ELECTRICO;ACTIVO;10/11/2020;2020;BUS;Bogota D.C.;1
ELECTRICO;ACTIVO;18/10/2011;2011;CAMIONETA;Cundinamarca;1
ELECTRICO;ACTIVO;10/12/2014;2014;MOTOCICLETA;Valle del Cauca;1
ELECTRICO;ACTIVO;9/12/2019;2019;CAMION;Cundinamarca;1
ELECTRICO;ACTIVO;22/04/2019;2019;CUADRICICLO;Quindio;1
ELECTRICO;ACTIVO;27/07/2015;2015;MOTOCICLETA;Santander;1
ELECTRICO;ACTIVO;28/04/2014;2014;MOTOCICLETA;Huila;1
ELECTRICO;ACTIVO;12/03/2021;2021;CAMION;Cundinamarca;1
ELECTRICO;ACTIVO;8/03/2022;2022;CAMIONETA;Bogota D.C.;1
ELECTRICO;ACTIVO;30/03/2022;2022;CUADRICICLO;Antioquia;1
ELECTRICO;ACTIVO;7/12/2018;2018;CUADRICICLO;Antioquia;1
ELECTRICO;ACTIVO;30/10/2017;2017;CUADRICICLO;Bogota D.C.;1
ELECTRICO;ACTIVO;20/09/2019;2019;AUTOMOVIL;Antioquia;1
ELECTRICO;ACTIVO;31/03/2010;2010;MOTOCICLETA;Bogota D.C.;1
ELECTRICO;ACTIVO;21/01/2022;2022;BUS;Bogota D.C.;1
ELECTRICO;ACTIVO;22/12/2012;2012;MOTOCICLETA;Antioquia;1
ELECTRICO;ACTIVO;11/06/2021;2021;TRICIMOTO;Valle del Cauca;1
ELECTRICO;ACTIVO;17/12/2018;2018;CUADRICICLO;Bogota D.C.;1
ELECTRICO;ACTIVO;23/10/2020;2020;CAMIONETA;Bogota D.C.;1
ELECTRICO;ACTIVO;4/08/2020;2020;CUADRICICLO;Antioquia;1
ELECTRICO;ACTIVO;8/09/2016;2016;AUTOMOVIL;Bogota D.C.;1
ELECTRICO;ACTIVO;30/08/2019;2019;AUTOMOVIL;Antioquia;1
ELECTRICO;ACTIVO;21/01/2020;2020;CAMION;Cundinamarca;1
ELECTRICO;ACTIVO;13/09/2019;2019;AUTOMOVIL;Antioquia;1
ELECTRICO;ACTIVO;7/12/2016;2016;MOTOCICLETA;Narino;1
ELECTRICO;ACTIVO;21/07/2014;2014;MOTOCICLETA;Meta;1
ELECTRICO;ACTIVO;15/09/2020;2020;CAMION;Antioquia;1
ELECTRICO;ACTIVO;28/01/2020;2020;AUTOMOVIL;Bogota D.C.;1
ELECTRICO;ACTIVO;29/01/2022;2022;AUTOMOVIL;Bogota D.C.;1
ELECTRICO;ACTIVO;31/01/2018;2018;AUTOMOVIL;Bogota D.C.;1
ELECTRICO;ACTIVO;21/08/2012;2012;MOTOCICLETA;Bogota D.C.;1
ELECTRICO;ACTIVO;3/02/2015;2015;MOTOCICLETA;Antioquia;1
ELECTRICO;ACTIVO;28/01/2022;2022;AUTOMOVIL;Bogota D.C.;1
ELECTRICO;ACTIVO;26/02/2013;2013;MOTOCICLETA;Valle del Cauca;1
ELECTRICO;ACTIVO;30/03/2019;2019;AUTOMOVIL;Bogota D.C.;1
ELECTRICO;ACTIVO;28/06/2018;2018;CUADRICICLO;Bogota D.C.;1
ELECTRICO;ACTIVO;10/09/2015;2015;MOTOCICLETA;Santander;1
ELECTRICO;ACTIVO;3/07/2020;2020;AUTOMOVIL;Bogota D.C.;1
ELECTRICO;ACTIVO;11/05/2020;2020;AUTOMOVIL;Antioquia;1
ELECTRICO;ACTIVO;5/02/2022;2022;BUS;Bogota D.C.;1
ELECTRICO;ACTIVO;21/12/2020;2020;MOTOCARRO;Valle del Cauca;1
ELECTRICO;ACTIVO;31/01/2022;2022;BUS;Bogota D.C.;1
ELECTRICO;ACTIVO;14/03/2022;2022;BUS;Bogota D.C.;1
ELECTRICO;ACTIVO;1/07/2016;2016;MOTOCICLETA;Risaralda;1
ELECTRICO;ACTIVO;30/03/2022;2022;CUADRICICLO;Antioquia;1
ELECTRICO;ACTIVO;15/08/2019;2019;AUTOMOVIL;Bogota D.C.;1
ELECTRICO;ACTIVO;2/11/2016;2016;MOTOCICLETA;Antioquia;1
ELECTRICO;ACTIVO;1/10/2014;2014;MOTOCICLETA;Antioquia;1
ELECTRICO;ACTIVO;12/03/2022;2022;BUS;Bogota D.C.;1
ELECTRICO;ACTIVO;22/02/2016;2016;AUTOMOVIL;Bogota D.C.;1
ELECTRICO;ACTIVO;28/09/2018;2018;AUTOMOVIL;Bogota D.C.;1
ELECTRICO;ACTIVO;28/12/2020;2020;CUADRICICLO;Antioquia;1
ELECTRICO;ACTIVO;29/12/2020;2020;BUS;Valle del Cauca;1
ELECTRICO;ACTIVO;11/10/2016;2016;MOTOCARRO;Cundinamarca;1
ELECTRICO;ACTIVO;10/11/2021;2021;MOTOCARRO;Cundinamarca;1
ELECTRICO;ACTIVO;27/12/2021;2021;AUTOMOVIL;Bogota D.C.;1
ELECTRICO;ACTIVO;15/03/2021;2021;CAMION;Antioquia;1
ELECTRICO;ACTIVO;1/02/2022;2022;BUS;Bogota D.C.;1
ELECTRICO;ACTIVO;22/04/2015;2015;MOTOCICLETA;Cundinamarca;1
ELECTRICO;ACTIVO;3/12/2021;2021;MOTOCARRO;Cundinamarca;1
ELECTRICO;ACTIVO;20/03/2020;2020;CAMIONETA;Antioquia;1
ELECTRICO;ACTIVO;20/12/2019;2019;AUTOMOVIL;Bogota D.C.;1
ELECTRICO;ACTIVO;28/12/2018;2018;AUTOMOVIL;Antioquia;1
ELECTRICO;ACTIVO;12/06/2014;2014;MOTOCICLETA;Bogota D.C.;1
ELECTRICO;ACTIVO;31/08/2019;2019;AUTOMOVIL;Bogota D.C.;1
ELECTRICO;ACTIVO;15/12/2021;2021;CAMIONETA;Bogota D.C.;1
ELECTRICO;ACTIVO;15/01/2022;2022;BUS;Bogota D.C.;1
ELECTRICO;ACTIVO;15/01/2022;2022;AUTOMOVIL;Bogota D.C.;1
ELECTRICO;ACTIVO;24/02/2021;2021;AUTOMOVIL;Cundinamarca;1
ELECTRICO;ACTIVO;10/11/2020;2020;BUS;Bogota D.C.;1
ELECTRICO;ACTIVO;8/01/2020;2020;CUADRICICLO;Bogota D.C.;1
ELECTRICO;ACTIVO;11/11/2015;2015;MOTOCICLETA;Santander;1
ELECTRICO;ACTIVO;23/03/2022;2022;BUS;Bogota D.C.;1
ELECTRICO;ACTIVO;30/10/2017;2017;CUADRICICLO;Bogota D.C.;1
ELECTRICO;ACTIVO;14/03/2022;2022;BUS;Bogota D.C.;1
ELECTRICO;ACTIVO;15/01/2022;2022;BUS;Bogota D.C.;1
ELECTRICO;ACTIVO;5/11/2021;2021;AUTOMOVIL;Valle del Cauca;1
ELECTRICO;ACTIVO;11/07/2020;2020;CAMION;Cundinamarca;1
ELECTRICO;ACTIVO;25/07/2011;2011;MOTOCICLETA;Antioquia;1
ELECTRICO;ACTIVO;23/02/2017;2017;AUTOMOVIL;Bogota D.C.;1
ELECTRICO;ACTIVO;13/08/2015;2015;MOTOCICLETA;Bogota D.C.;1
ELECTRICO;ACTIVO;22/01/2022;2022;BUS;Bogota D.C.;1
ELECTRICO;ACTIVO;13/08/2013;2013;AUTOMOVIL;Bogota D.C.;1
ELECTRICO;ACTIVO;31/07/2020;2020;CUADRICICLO;Antioquia;1
ELECTRICO;ACTIVO;11/03/2015;2015;MOTOCICLETA;Antioquia;1
ELECTRICO;ACTIVO;10/11/2016;2016;MOTOCARRO;Cundinamarca;1
ELECTRICO;ACTIVO;15/12/2020;2020;CAMIONETA;Cundinamarca;1
ELECTRICO;ACTIVO;2/10/2019;2019;AUTOMOVIL;Bogota D.C.;1
ELECTRICO;ACTIVO;9/12/2019;2019;CAMION;Cundinamarca;1
ELECTRICO;ACTIVO;30/09/2015;2015;AUTOMOVIL;Bogota D.C.;1
ELECTRICO;ACTIVO;30/12/2019;2019;CAMIONETA;Cundinamarca;1
ELECTRICO;ACTIVO;7/02/2022;2022;CAMIONETA;Cauca;1
ELECTRICO;ACTIVO;11/03/2021;2021;CAMIONETA;Antioquia;1
ELECTRICO;ACTIVO;24/01/2022;2022;BUS;Bogota D.C.;1
ELECTRICO;ACTIVO;29/04/2016;2016;MOTOCICLETA;Antioquia;1
ELECTRICO;ACTIVO;26/12/2019;2019;AUTOMOVIL;Bogota D.C.;1
ELECTRICO;ACTIVO;26/10/2010;2010;CAMIONETA;Cundinamarca;1
ELECTRICO;ACTIVO;9/05/2019;2019;AUTOMOVIL;Bogota D.C.;1
ELECTRICO;ACTIVO;12/05/2021;2021;CUADRICICLO;Antioquia;1
ELECTRICO;ACTIVO;23/11/2021;2021;AUTOMOVIL;Norte de Santander;1
ELECTRICO;ACTIVO;8/01/2014;2014;MOTOCICLETA;Bogota D.C.;1
ELECTRICO;ACTIVO;26/05/2021;2021;CAMIONETA;Antioquia;1
ELECTRICO;ACTIVO;2/03/2022;2022;BUS;Bogota D.C.;1
ELECTRICO;ACTIVO;16/11/2019;2019;AUTOMOVIL;Bogota D.C.;1
ELECTRICO;ACTIVO;11/03/2020;2020;CAMIONETA;Antioquia;1
ELECTRICO;ACTIVO;13/12/2019;2019;MOTOCICLETA;Bogota D.C.;1
ELECTRICO;ACTIVO;11/11/2021;2021;AUTOMOVIL;Bogota D.C.;1
ELECTRICO;ACTIVO;22/09/2016;2016;AUTOMOVIL;Bogota D.C.;1
ELECTRICO;ACTIVO;15/02/2022;2022;CAMIONETA;Bogota D.C.;1
ELECTRICO;ACTIVO;16/03/2022;2022;CAMIONETA;Cundinamarca;1
ELECTRICO;ACTIVO;30/11/2019;2019;AUTOMOVIL;Bogota D.C.;1
ELECTRICO;ACTIVO;5/11/2015;2015;MOTOCICLETA;Huila;1
ELECTRICO;ACTIVO;7/01/2021;2021;AUTOMOVIL;Bolivar;1
ELECTRICO;ACTIVO;30/09/2015;2015;AUTOMOVIL;Antioquia;1
ELECTRICO;ACTIVO;11/01/2022;2022;CAMIONETA;Bogota D.C.;1
ELECTRICO;ACTIVO;30/03/2022;2022;CUADRICICLO;Antioquia;1
ELECTRICO;ACTIVO;15/08/2013;2013;AUTOMOVIL;Bogota D.C.;1
ELECTRICO;ACTIVO;11/06/2021;2021;AUTOMOVIL;Bogota D.C.;1
ELECTRICO;ACTIVO;22/03/2019;2019;CUADRICICLO;Antioquia;1
ELECTRICO;ACTIVO;2/12/2021;2021;CAMIONETA;Antioquia;1
ELECTRICO;ACTIVO;27/12/2018;2018;AUTOMOVIL;Antioquia;1
ELECTRICO;ACTIVO;5/02/2021;2021;CAMIONETA;Antioquia;1
ELECTRICO;ACTIVO;30/01/2021;2021;TRICIMOTO;Valle del Cauca;1
ELECTRICO;ACTIVO;3/03/2020;2020;CAMIONETA;Bogota D.C.;1
ELECTRICO;ACTIVO;26/11/2021;2021;AUTOMOVIL;Bogota D.C.;1
ELECTRICO;ACTIVO;24/01/2022;2022;BUS;Bogota D.C.;1
ELECTRICO;ACTIVO;7/10/2015;2015;MOTOCICLETA;Antioquia;1
ELECTRICO;ACTIVO;2/08/2019;2019;AUTOMOVIL;Bogota D.C.;1
ELECTRICO;ACTIVO;28/08/2019;2019;AUTOMOVIL;Cundinamarca;1
ELECTRICO;ACTIVO;18/12/2018;2018;AUTOMOVIL;Bogota D.C.;1
ELECTRICO;ACTIVO;18/08/2015;2015;MOTOCICLETA;Cordoba;1
ELECTRICO;ACTIVO;24/05/2013;2013;MOTOCICLETA;Bogota D.C.;1
ELECTRICO;ACTIVO;22/07/2015;2015;MOTOCICLETA;Antioquia;1
ELECTRICO;ACTIVO;14/02/2019;2019;AUTOMOVIL;Antioquia;1
ELECTRICO;ACTIVO;6/08/2010;2010;MOTOCICLETA;Bogota D.C.;1
ELECTRICO;ACTIVO;13/07/2015;2015;MOTOCICLETA;Antioquia;1
ELECTRICO;ACTIVO;12/10/2021;2021;CUADRICICLO;Antioquia;1
ELECTRICO;ACTIVO;27/06/2020;2020;AUTOMOVIL;Bogota D.C.;1
ELECTRICO;ACTIVO;14/01/2022;2022;AUTOMOVIL;Bogota D.C.;1
ELECTRICO;ACTIVO;13/11/2020;2020;BUS;Bogota D.C.;1
ELECTRICO;ACTIVO;4/07/2014;2014;MOTOCICLETA;Cordoba;1
ELECTRICO;ACTIVO;1/02/2022;2022;BUS;Bogota D.C.;1
ELECTRICO;ACTIVO;24/05/2011;2011;MOTOCICLETA;Risaralda;1
ELECTRICO;ACTIVO;30/06/2015;2015;AUTOMOVIL;Bogota D.C.;1
ELECTRICO;ACTIVO;30/11/2021;2021;CAMIONETA;Cundinamarca;1
ELECTRICO;ACTIVO;16/09/2020;2020;MOTOCICLETA;Antioquia;1
ELECTRICO;ACTIVO;1/02/2022;2022;BUS;Bogota D.C.;1
ELECTRICO;ACTIVO;1/02/2022;2022;BUS;Bogota D.C.;1
ELECTRICO;ACTIVO;19/09/2019;2019;AUTOMOVIL;Cundinamarca;1
ELECTRICO;ACTIVO;31/01/2022;2022;BUS;Bogota D.C.;1
ELECTRICO;ACTIVO;13/09/2021;2021;AUTOMOVIL;Antioquia;1
ELECTRICO;ACTIVO;18/12/2018;2018;AUTOMOVIL;Bogota D.C.;1
ELECTRICO;ACTIVO;6/12/2012;2012;AUTOMOVIL;Bogota D.C.;1
ELECTRICO;ACTIVO;6/09/2021;2021;CAMIONETA;Cundinamarca;1
ELECTRICO;ACTIVO;1/02/2022;2022;BUS;Bogota D.C.;1
ELECTRICO;ACTIVO;31/08/2019;2019;AUTOMOVIL;Bogota D.C.;1
ELECTRICO;ACTIVO;25/07/2011;2011;MOTOCICLETA;Antioquia;1
ELECTRICO;ACTIVO;19/03/2019;2019;MOTOCICLETA;Bogota D.C.;1
ELECTRICO;ACTIVO;28/12/2020;2020;CUADRICICLO;Antioquia;1
ELECTRICO;ACTIVO;23/12/2014;2014;MOTOCICLETA;Valle del Cauca;1
ELECTRICO;ACTIVO;26/01/2017;2017;AUTOMOVIL;Bogota D.C.;1
ELECTRICO;ACTIVO;28/12/2020;2020;CUADRICICLO;Antioquia;1
ELECTRICO;ACTIVO;5/04/2018;2018;AUTOMOVIL;Valle del Cauca;1
ELECTRICO;ACTIVO;28/12/2021;2021;AUTOMOVIL;Bogota D.C.;1
ELECTRICO;ACTIVO;10/12/2020;2020;MOTOCICLETA;Antioquia;1
ELECTRICO;ACTIVO;19/08/2015;2015;AUTOMOVIL;Bogota D.C.;1
ELECTRICO;ACTIVO;31/01/2019;2019;AUTOMOVIL;Bogota D.C.;1
ELECTRICO;ACTIVO;24/05/2013;2013;MOTOCICLETA;Bogota D.C.;1
ELECTRICO;ACTIVO;14/11/2020;2020;BUS;Bogota D.C.;1
ELECTRICO;ACTIVO;1/02/2021;2021;BUS;Bogota D.C.;1
ELECTRICO;ACTIVO;6/09/2014;2014;MOTOCICLETA;Antioquia;1
ELECTRICO;ACTIVO;15/10/2021;2021;CUADRICICLO;Santander;1
ELECTRICO;ACTIVO;30/09/2019;2019;AUTOMOVIL;Bogota D.C.;1
ELECTRICO;ACTIVO;22/08/2017;2017;MOTOCICLETA;Antioquia;1
ELECTRICO;ACTIVO;24/11/2021;2021;CAMIONETA;Cundinamarca;1
ELECTRICO;ACTIVO;25/10/2016;2016;AUTOMOVIL;Bogota D.C.;1
ELECTRICO;ACTIVO;9/02/2021;2021;CAMIONETA;Bogota D.C.;1
ELECTRICO;ACTIVO;15/12/2016;2016;AUTOMOVIL;Bogota D.C.;1
ELECTRICO;ACTIVO;20/02/2019;2019;CAMIONETA;Cundinamarca;1
ELECTRICO;ACTIVO;23/11/2021;2021;AUTOMOVIL;Valle del Cauca;1
ELECTRICO;ACTIVO;22/06/2016;2016;MOTOCICLETA;Valle del Cauca;1
ELECTRICO;ACTIVO;18/05/2019;2019;AUTOMOVIL;Antioquia;1
ELECTRICO;ACTIVO;29/11/2019;2019;AUTOMOVIL;Antioquia;1
ELECTRICO;ACTIVO;5/11/2020;2020;CUADRICICLO;Antioquia;1
ELECTRICO;ACTIVO;31/08/2018;2018;MOTOCICLETA;Valle del Cauca;1
ELECTRICO;ACTIVO;19/06/2020;2020;CUADRICICLO;Antioquia;1
ELECTRICO;ACTIVO;15/12/2020;2020;CAMIONETA;Cundinamarca;1
ELECTRICO;ACTIVO;13/11/2020;2020;BUS;Bogota D.C.;1
ELECTRICO;ACTIVO;10/11/2016;2016;MOTOCARRO;Cundinamarca;1
ELECTRICO;ACTIVO;14/12/2020;2020;CAMION;Antioquia;1
ELECTRICO;ACTIVO;3/03/2020;2020;CUADRICICLO;Antioquia;1
ELECTRICO;ACTIVO;19/07/2021;2021;AUTOMOVIL;Meta;1
ELECTRICO;ACTIVO;28/12/2020;2020;CUADRICICLO;Antioquia;1
ELECTRICO;ACTIVO;17/12/2015;2015;MOTOCICLETA;Valle del Cauca;1
ELECTRICO;ACTIVO;30/12/2020;2020;AUTOMOVIL;Bogota D.C.;1
ELECTRICO;ACTIVO;24/11/2015;2015;MOTOCICLETA;Antioquia;1
ELECTRICO;ACTIVO;9/08/2019;2019;AUTOMOVIL;Bogota D.C.;1
ELECTRICO;ACTIVO;22/02/2021;2021;CAMIONETA;Bogota D.C.;1
ELECTRICO;ACTIVO;30/11/2018;2018;AUTOMOVIL;Bogota D.C.;1
ELECTRICO;ACTIVO;25/11/2021;2021;AUTOMOVIL;Antioquia;1
ELECTRICO;ACTIVO;17/10/2018;2018;AUTOMOVIL;Bogota D.C.;1
ELECTRICO;ACTIVO;25/07/2019;2019;AUTOMOVIL;Bogota D.C.;1
ELECTRICO;ACTIVO;30/09/2021;2021;AUTOMOVIL;Bogota D.C.;1
ELECTRICO;ACTIVO;26/02/2022;2022;BUS;Bogota D.C.;1
ELECTRICO;ACTIVO;29/05/2015;2015;MOTOCICLETA;Bogota D.C.;1
ELECTRICO;ACTIVO;26/04/2019;2019;AUTOMOVIL;Bogota D.C.;1
ELECTRICO;ACTIVO;16/03/2022;2022;AUTOMOVIL;Cundinamarca;1
ELECTRICO;ACTIVO;18/01/2018;2018;MOTOTRICICLO;Valle del Cauca;1
ELECTRICO;ACTIVO;26/01/2022;2022;BUS;Bogota D.C.;1
ELECTRICO;ACTIVO;10/11/2020;2020;BUS;Bogota D.C.;1
ELECTRICO;ACTIVO;13/09/2019;2019;AUTOMOVIL;Bogota D.C.;1
ELECTRICO;ACTIVO;24/02/2015;2015;MOTOCICLETA;Antioquia;1
ELECTRICO;ACTIVO;2/11/2021;2021;AUTOMOVIL;Bogota D.C.;1
ELECTRICO;ACTIVO;30/12/2021;2021;BUS;Bogota D.C.;1
ELECTRICO;ACTIVO;9/10/2021;2021;CAMIONETA;Bogota D.C.;1
ELECTRICO;ACTIVO;25/01/2022;2022;CAMIONETA;Cundinamarca;1
ELECTRICO;ACTIVO;2/12/2015;2015;MOTOCICLETA;Bogota D.C.;1
ELECTRICO;ACTIVO;15/01/2022;2022;CAMIONETA;Bogota D.C.;1
ELECTRICO;ACTIVO;10/11/2015;2015;AUTOMOVIL;Antioquia;1
ELECTRICO;ACTIVO;1/02/2022;2022;CAMIONETA;Bogota D.C.;1
ELECTRICO;ACTIVO;5/11/2020;2020;BUS;Bogota D.C.;1
ELECTRICO;ACTIVO;14/12/2020;2020;CAMIONETA;Bogota D.C.;1
ELECTRICO;ACTIVO;25/02/2022;2022;BUS;Bogota D.C.;1
ELECTRICO;ACTIVO;29/08/2014;2014;MOTOCICLETA;Meta;1
ELECTRICO;ACTIVO;20/01/2021;2021;CAMIONETA;Cundinamarca;1
ELECTRICO;ACTIVO;24/07/2019;2019;AUTOMOVIL;Antioquia;1
ELECTRICO;ACTIVO;15/07/2010;2010;MOTOCICLETA;Antioquia;1
ELECTRICO;ACTIVO;30/12/2010;2010;MOTOCICLETA;Antioquia;1
ELECTRICO;ACTIVO;2/03/2011;2011;MICROBUS;Santander;1
ELECTRICO;ACTIVO;18/06/2011;2011;MOTOCICLETA;Antioquia;1
ELECTRICO;ACTIVO;25/10/2010;2010;CAMIONETA;Cundinamarca;1
ELECTRICO;ACTIVO;15/01/2011;2011;MOTOCICLETA;Antioquia;1
ELECTRICO;ACTIVO;13/11/2010;2010;MOTOCICLETA;Antioquia;1
ELECTRICO;ACTIVO;25/10/2010;2010;CAMIONETA;Cundinamarca;1
ELECTRICO;ACTIVO;15/07/2011;2011;MOTOCICLETA;Bogota D.C.;1
ELECTRICO;ACTIVO;13/05/2011;2011;MOTOCICLETA;Bogota D.C.;1
ELECTRICO;ACTIVO;8/02/2011;2011;MOTOCICLETA;Antioquia;1
ELECTRICO;ACTIVO;18/10/2011;2011;CAMIONETA;Cundinamarca;1
ELECTRICO;ACTIVO;25/11/2011;2011;MOTOCICLETA;Valle del Cauca;1
ELECTRICO;ACTIVO;14/05/2011;2011;MOTOCICLETA;Bogota D.C.;1
ELECTRICO;ACTIVO;22/08/2011;2011;AUTOMOVIL;Valle del Cauca;1
ELECTRICO;ACTIVO;18/10/2011;2011;CAMIONETA;Cundinamarca;1
ELECTRICO;ACTIVO;26/07/2012;2012;MOTOCICLETA;Valle del Cauca;1
ELECTRICO;ACTIVO;14/01/2012;2012;MOTOCICLETA;Antioquia;1
ELECTRICO;ACTIVO;27/03/2012;2012;MOTOCICLETA;Antioquia;1
ELECTRICO;ACTIVO;26/01/2012;2012;MOTOCICLETA;Antioquia;1
ELECTRICO;ACTIVO;19/10/2011;2011;CAMIONETA;Cundinamarca;1
ELECTRICO;ACTIVO;30/03/2012;2012;MOTOCICLETA;Antioquia;1
ELECTRICO;ACTIVO;28/07/2012;2012;MOTOCICLETA;Valle del Cauca;1
ELECTRICO;ACTIVO;28/02/2012;2012;MOTOCICLETA;Valle del Cauca;1
ELECTRICO;ACTIVO;12/06/2012;2012;MOTOCICLETA;Bogota D.C.;1
ELECTRICO;ACTIVO;14/10/2011;2011;MOTOCICLETA;Bogota D.C.;1
ELECTRICO;ACTIVO;1/11/2011;2011;CAMIONETA;Bogota D.C.;1
ELECTRICO;ACTIVO;23/12/2011;2011;AUTOMOVIL;Bogota D.C.;1
ELECTRICO;ACTIVO;19/01/2012;2012;MOTOCICLETA;Valle del Cauca;1
ELECTRICO;ACTIVO;25/04/2013;2013;MOTOCICLETA;Bogota D.C.;1
ELECTRICO;ACTIVO;26/04/2012;2012;MOTOCICLETA;Antioquia;1
ELECTRICO;ACTIVO;1/06/2012;2012;MOTOCICLETA;Antioquia;1
ELECTRICO;ACTIVO;30/10/2012;2012;MOTOCICLETA;Bogota D.C.;1
ELECTRICO;ACTIVO;7/06/2012;2012;MOTOCICLETA;Valle del Cauca;1
ELECTRICO;ACTIVO;2/12/2011;2011;CAMIONETA;Antioquia;1
ELECTRICO;ACTIVO;17/05/2012;2012;MOTOCICLETA;Antioquia;1
ELECTRICO;ACTIVO;4/03/2011;2011;MOTOCICLETA;Meta;1
ELECTRICO;ACTIVO;27/09/2012;2012;AUTOMOVIL;Bogota D.C.;1
ELECTRICO;ACTIVO;20/09/2012;2012;CAMIONETA;Cundinamarca;1
ELECTRICO;ACTIVO;21/12/2012;2012;MOTOCICLETA;Antioquia;1
ELECTRICO;ACTIVO;17/09/2013;2013;MOTOCICLETA;Bogota D.C.;1
ELECTRICO;ACTIVO;15/08/2013;2013;AUTOMOVIL;Bogota D.C.;1
ELECTRICO;ACTIVO;15/08/2013;2013;AUTOMOVIL;Bogota D.C.;1
ELECTRICO;ACTIVO;15/08/2013;2013;AUTOMOVIL;Bogota D.C.;1
ELECTRICO;ACTIVO;15/08/2013;2013;AUTOMOVIL;Bogota D.C.;1
ELECTRICO;ACTIVO;15/08/2013;2013;AUTOMOVIL;Bogota D.C.;1
ELECTRICO;ACTIVO;8/02/2013;2013;MOTOCICLETA;Bogota D.C.;1
ELECTRICO;ACTIVO;18/02/2013;2013;MOTOCICLETA;Choco;1
ELECTRICO;ACTIVO;23/05/2013;2013;MOTOCICLETA;Bogota D.C.;1
ELECTRICO;ACTIVO;24/05/2013;2013;MOTOCICLETA;Bogota D.C.;1
ELECTRICO;ACTIVO;24/05/2013;2013;MOTOCICLETA;Bogota D.C.;1
ELECTRICO;ACTIVO;24/05/2013;2013;MOTOCICLETA;Bogota D.C.;1
ELECTRICO;ACTIVO;24/05/2013;2013;MOTOCICLETA;Bogota D.C.;1
ELECTRICO;ACTIVO;24/05/2013;2013;MOTOCICLETA;Bogota D.C.;1
ELECTRICO;ACTIVO;24/05/2013;2013;MOTOCICLETA;Bogota D.C.;1
ELECTRICO;ACTIVO;21/12/2012;2012;MOTOCICLETA;Antioquia;1
ELECTRICO;ACTIVO;24/05/2013;2013;MOTOCICLETA;Bogota D.C.;1
ELECTRICO;ACTIVO;8/02/2013;2013;MOTOCICLETA;Bogota D.C.;1
ELECTRICO;ACTIVO;9/07/2013;2013;MOTOCICLETA;Valle del Cauca;1
ELECTRICO;ACTIVO;24/05/2013;2013;MOTOCICLETA;Bogota D.C.;1
ELECTRICO;ACTIVO;24/05/2013;2013;MOTOCICLETA;Bogota D.C.;1
ELECTRICO;ACTIVO;24/05/2013;2013;MOTOCICLETA;Bogota D.C.;1
ELECTRICO;ACTIVO;24/05/2013;2013;MOTOCICLETA;Bogota D.C.;1
ELECTRICO;ACTIVO;24/05/2013;2013;MOTOCICLETA;Bogota D.C.;1
ELECTRICO;ACTIVO;24/05/2013;2013;MOTOCICLETA;Bogota D.C.;1
ELECTRICO;ACTIVO;29/06/2013;2013;MOTOTRICICLO;Bogota D.C.;1
ELECTRICO;ACTIVO;9/08/2013;2013;MOTOCICLETA;Antioquia;1
ELECTRICO;ACTIVO;13/12/2013;2013;MOTOCICLETA;Bogota D.C.;1
ELECTRICO;ACTIVO;12/01/2018;2018;MOTOCICLETA;Antioquia;1
ELECTRICO;ACTIVO;18/09/2013;2013;MOTOCICLETA;Bogota D.C.;1
ELECTRICO;ACTIVO;8/02/2014;2014;MOTOCICLETA;Bogota D.C.;1
ELECTRICO;ACTIVO;23/08/2013;2013;MOTOCICLETA;Bogota D.C.;1
ELECTRICO;ACTIVO;19/09/2013;2013;CUATRIMOTO;Antioquia;1
ELECTRICO;ACTIVO;24/02/2014;2014;MOTOCICLETA;Bogota D.C.;1
ELECTRICO;ACTIVO;30/08/2013;2013;MOTOCICLETA;Norte de Santander;1
ELECTRICO;ACTIVO;10/08/2013;2013;MOTOCICLETA;Bogota D.C.;1
ELECTRICO;ACTIVO;27/08/2013;2013;MOTOCICLETA;Antioquia;1
ELECTRICO;ACTIVO;4/09/2013;2013;MOTOCICLETA;Bogota D.C.;1
ELECTRICO;ACTIVO;11/09/2013;2013;MOTOCICLETA;Bogota D.C.;1
ELECTRICO;ACTIVO;11/09/2013;2013;MOTOCICLETA;Bogota D.C.;1
ELECTRICO;ACTIVO;12/02/2014;2014;MOTOCICLETA;Bogota D.C.;1
ELECTRICO;ACTIVO;13/12/2014;2014;MOTOCICLETA;Bogota D.C.;1
ELECTRICO;ACTIVO;2/04/2014;2014;MOTOCICLETA;Antioquia;1
ELECTRICO;ACTIVO;13/08/2015;2015;MOTOCICLETA;Bogota D.C.;1
ELECTRICO;ACTIVO;4/11/2015;2015;MOTOCICLETA;Valle del Cauca;1
ELECTRICO;ACTIVO;5/12/2014;2014;MOTOCICLETA;Valle del Cauca;1
ELECTRICO;ACTIVO;4/03/2015;2015;MOTOCICLETA;Valle del Cauca;1
ELECTRICO;ACTIVO;14/01/2015;2015;MOTOCICLETA;Valle del Cauca;1
ELECTRICO;ACTIVO;11/06/2014;2014;MOTOCICLETA;Santander;1
ELECTRICO;ACTIVO;1/10/2015;2015;MOTOCICLETA;Bogota D.C.;1
ELECTRICO;ACTIVO;25/02/2015;2015;MOTOCICLETA;Valle del Cauca;1
ELECTRICO;ACTIVO;14/07/2015;2015;MOTOCICLETA;Valle del Cauca;1
ELECTRICO;ACTIVO;19/07/2014;2014;MOTOCICLETA;Antioquia;1
ELECTRICO;ACTIVO;4/02/2015;2015;MOTOCICLETA;Valle del Cauca;1
ELECTRICO;ACTIVO;16/01/2015;2015;MOTOCICLETA;Bogota D.C.;1
ELECTRICO;ACTIVO;8/07/2014;2014;MOTOCICLETA;Bogota D.C.;1
ELECTRICO;ACTIVO;2/05/2014;2014;MOTOCICLETA;Bogota D.C.;1
ELECTRICO;ACTIVO;20/03/2014;2014;MOTOCICLETA;Santander;1
ELECTRICO;ACTIVO;15/05/2015;2015;MOTOCICLETA;Valle del Cauca;1
ELECTRICO;ACTIVO;19/07/2014;2014;MOTOCICLETA;Antioquia;1
ELECTRICO;ACTIVO;27/11/2014;2014;MOTOCICLETA;Valle del Cauca;1
ELECTRICO;ACTIVO;11/12/2014;2014;MOTOCICLETA;Valle del Cauca;1
ELECTRICO;ACTIVO;25/09/2014;2014;MOTOCICLETA;Valle del Cauca;1
ELECTRICO;ACTIVO;17/07/2015;2015;MOTOCICLETA;Valle del Cauca;1
ELECTRICO;ACTIVO;11/06/2014;2014;MOTOCICLETA;Cordoba;1
ELECTRICO;ACTIVO;24/10/2014;2014;MOTOCICLETA;Antioquia;1
ELECTRICO;ACTIVO;31/01/2015;2015;MOTOCICLETA;Antioquia;1
ELECTRICO;ACTIVO;2/05/2015;2015;MOTOCICLETA;Bogota D.C.;1
ELECTRICO;ACTIVO;8/05/2015;2015;MOTOCICLETA;Bogota D.C.;1
ELECTRICO;ACTIVO;22/04/2015;2015;MOTOCICLETA;Cundinamarca;1
ELECTRICO;ACTIVO;16/05/2015;2015;MOTOCICLETA;Bogota D.C.;1
ELECTRICO;ACTIVO;24/02/2015;2015;MOTOCICLETA;Antioquia;1
ELECTRICO;ACTIVO;24/09/2015;2015;MOTOCICLETA;Bogota D.C.;1
ELECTRICO;ACTIVO;13/02/2015;2015;MOTOCICLETA;Antioquia;1
ELECTRICO;ACTIVO;31/01/2015;2015;MOTOCICLETA;Antioquia;1
ELECTRICO;ACTIVO;20/02/2015;2015;MOTOCICLETA;Antioquia;1
ELECTRICO;ACTIVO;30/01/2015;2015;MOTOCICLETA;Antioquia;1
ELECTRICO;ACTIVO;16/04/2015;2015;MOTOCICLETA;Antioquia;1
ELECTRICO;ACTIVO;10/03/2015;2015;AUTOMOVIL;Bogota D.C.;1
ELECTRICO;ACTIVO;13/11/2014;2014;MOTOCICLETA;Norte de Santander;1
ELECTRICO;ACTIVO;30/01/2015;2015;MOTOCICLETA;Antioquia;1
ELECTRICO;ACTIVO;29/09/2014;2014;MOTOCICLETA;Santander;1
ELECTRICO;ACTIVO;22/12/2014;2014;MOTOCICLETA;Bogota D.C.;1
ELECTRICO;ACTIVO;13/02/2015;2015;AUTOMOVIL;Antioquia;1
ELECTRICO;ACTIVO;3/10/2014;2014;MOTOCICLETA;Santander;1
ELECTRICO;ACTIVO;19/10/2015;2015;CAMIONETA;Bogota D.C.;1
ELECTRICO;ACTIVO;10/11/2015;2015;MOTOCICLETA;Bogota D.C.;1
ELECTRICO;ACTIVO;5/08/2015;2015;AUTOMOVIL;Bogota D.C.;1
ELECTRICO;ACTIVO;20/12/2014;2014;MOTOCICLETA;Bogota D.C.;1
ELECTRICO;ACTIVO;18/02/2015;2015;MOTOCICLETA;Antioquia;1
ELECTRICO;ACTIVO;5/01/2017;2017;AUTOMOVIL;Risaralda;1
ELECTRICO;ACTIVO;11/09/2015;2015;AUTOMOVIL;Bogota D.C.;1
ELECTRICO;ACTIVO;20/06/2015;2015;AUTOMOVIL;Antioquia;1
ELECTRICO;ACTIVO;30/11/2015;2015;AUTOMOVIL;Valle del Cauca;1
ELECTRICO;ACTIVO;9/12/2015;2015;MOTOCICLETA;Bogota D.C.;1
ELECTRICO;ACTIVO;10/09/2015;2015;MOTOCICLETA;Caqueta;1
ELECTRICO;ACTIVO;23/10/2015;2015;AUTOMOVIL;Antioquia;1
ELECTRICO;ACTIVO;8/07/2015;2015;MOTOCICLETA;Antioquia;1
ELECTRICO;ACTIVO;16/06/2015;2015;MOTOCICLETA;Valle del Cauca;1
ELECTRICO;ACTIVO;6/05/2015;2015;AUTOMOVIL;Bogota D.C.;1
ELECTRICO;ACTIVO;23/07/2015;2015;AUTOMOVIL;Valle del Cauca;1
ELECTRICO;ACTIVO;1/12/2017;2017;MOTOCICLETA;Valle del Cauca;1
ELECTRICO;ACTIVO;25/02/2016;2016;AUTOMOVIL;Cundinamarca;1
ELECTRICO;ACTIVO;31/10/2016;2016;AUTOMOVIL;Antioquia;1
ELECTRICO;ACTIVO;27/06/2016;2016;AUTOMOVIL;Bogota D.C.;1
ELECTRICO;ACTIVO;23/06/2016;2016;AUTOMOVIL;Bogota D.C.;1
ELECTRICO;ACTIVO;10/02/2017;2017;AUTOMOVIL;Bogota D.C.;1
ELECTRICO;ACTIVO;2/06/2016;2016;AUTOMOVIL;Antioquia;1
ELECTRICO;ACTIVO;26/09/2016;2016;AUTOMOVIL;Bogota D.C.;1
ELECTRICO;ACTIVO;30/11/2015;2015;AUTOMOVIL;Bogota D.C.;1
ELECTRICO;ACTIVO;26/11/2015;2015;AUTOMOVIL;Antioquia;1
ELECTRICO;ACTIVO;8/01/2016;2016;MOTOCICLETA;Antioquia;1
ELECTRICO;ACTIVO;7/09/2015;2015;CAMIONETA;Cundinamarca;1
ELECTRICO;ACTIVO;10/09/2015;2015;CAMIONETA;Cundinamarca;1
ELECTRICO;ACTIVO;24/05/2016;2016;AUTOMOVIL;Bogota D.C.;1
ELECTRICO;ACTIVO;31/10/2016;2016;AUTOMOVIL;Cundinamarca;1
ELECTRICO;ACTIVO;21/12/2016;2016;AUTOMOVIL;Bogota D.C.;1
ELECTRICO;ACTIVO;23/12/2016;2016;AUTOMOVIL;Antioquia;1
ELECTRICO;ACTIVO;16/12/2016;2016;AUTOMOVIL;Bogota D.C.;1
ELECTRICO;ACTIVO;1/04/2016;2016;AUTOMOVIL;Bogota D.C.;1
ELECTRICO;ACTIVO;23/10/2015;2015;MOTOCICLETA;Santander;1
ELECTRICO;ACTIVO;4/02/2016;2016;CAMIONETA;Valle del Cauca;1
ELECTRICO;ACTIVO;25/07/2015;2015;MOTOCICLETA;Bogota D.C.;1
ELECTRICO;ACTIVO;5/10/2015;2015;MOTOCICLETA;Santander;1
ELECTRICO;ACTIVO;17/06/2015;2015;AUTOMOVIL;Bogota D.C.;1
ELECTRICO;ACTIVO;17/09/2015;2015;AUTOMOVIL;Bogota D.C.;1
ELECTRICO;ACTIVO;27/10/2015;2015;MOTOCICLETA;Bogota D.C.;1
ELECTRICO;ACTIVO;14/10/2015;2015;MOTOCICLETA;Bogota D.C.;1
ELECTRICO;ACTIVO;27/08/2015;2015;MOTOCICLETA;Santander;1
ELECTRICO;ACTIVO;28/07/2015;2015;AUTOMOVIL;Bogota D.C.;1
ELECTRICO;ACTIVO;27/09/2016;2016;AUTOMOVIL;Bogota D.C.;1
ELECTRICO;ACTIVO;9/08/2016;2016;AUTOMOVIL;Antioquia;1
ELECTRICO;ACTIVO;28/07/2016;2016;AUTOMOVIL;Antioquia;1
ELECTRICO;ACTIVO;30/10/2017;2017;AUTOMOVIL;Bogota D.C.;1
ELECTRICO;ACTIVO;10/11/2016;2016;MOTOCARRO;Cundinamarca;1
ELECTRICO;ACTIVO;26/04/2017;2017;AUTOMOVIL;Antioquia;1
ELECTRICO;ACTIVO;26/12/2016;2016;AUTOMOVIL;Antioquia;1
ELECTRICO;ACTIVO;6/10/2016;2016;MOTOCICLETA;Antioquia;1
ELECTRICO;ACTIVO;3/12/2016;2016;MOTOCICLETA;Valle del Cauca;1
ELECTRICO;ACTIVO;10/11/2016;2016;MOTOCARRO;Cundinamarca;1
ELECTRICO;ACTIVO;19/12/2016;2016;MOTOCICLETA;Tolima;1
ELECTRICO;ACTIVO;26/01/2016;2016;MOTOCICLETA;Santander;1
ELECTRICO;ACTIVO;17/03/2017;2017;AUTOMOVIL;Bogota D.C.;1
ELECTRICO;ACTIVO;25/10/2016;2016;MOTOCICLETA;Antioquia;1
ELECTRICO;ACTIVO;15/09/2016;2016;MOTOCICLETA;Antioquia;1
ELECTRICO;ACTIVO;3/05/2016;2016;MOTOCICLETA;Antioquia;1
ELECTRICO;ACTIVO;2/08/2017;2017;CAMIONETA;Antioquia;1
ELECTRICO;ACTIVO;15/02/2017;2017;MOTOCICLETA;Valle del Cauca;1
ELECTRICO;ACTIVO;10/11/2016;2016;MOTOCARRO;Cundinamarca;1
ELECTRICO;ACTIVO;16/05/2016;2016;MOTOCICLETA;Santander;1
ELECTRICO;ACTIVO;27/06/2016;2016;MOTOCICLETA;Risaralda;1
ELECTRICO;ACTIVO;17/06/2016;2016;MOTOCICLETA;Valle del Cauca;1
ELECTRICO;ACTIVO;20/09/2016;2016;MOTOCICLETA;Antioquia;1
ELECTRICO;ACTIVO;6/05/2016;2016;MOTOCICLETA;Antioquia;1
ELECTRICO;ACTIVO;11/10/2016;2016;MOTOCARRO;Cundinamarca;1
ELECTRICO;ACTIVO;9/07/2016;2016;MOTOCICLETA;Valle del Cauca;1
ELECTRICO;ACTIVO;11/02/2016;2016;MOTOCICLETA;Cauca;1
ELECTRICO;ACTIVO;28/07/2017;2017;AUTOMOVIL;Cundinamarca;1
ELECTRICO;ACTIVO;26/05/2017;2017;MOTOCICLETA;Antioquia;1
ELECTRICO;ACTIVO;30/11/2016;2016;MOTOCICLETA;Antioquia;1
ELECTRICO;ACTIVO;25/05/2017;2017;MOTOCICLETA;Antioquia;1
ELECTRICO;ACTIVO;22/12/2016;2016;AUTOMOVIL;Bogota D.C.;1
ELECTRICO;ACTIVO;28/07/2017;2017;AUTOMOVIL;Cundinamarca;1
ELECTRICO;ACTIVO;3/05/2017;2017;MOTOCICLETA;Antioquia;1
ELECTRICO;ACTIVO;30/05/2017;2017;CAMIONETA;Bogota D.C.;1
ELECTRICO;ACTIVO;30/05/2017;2017;CAMIONETA;Bogota D.C.;1
ELECTRICO;ACTIVO;20/06/2017;2017;MOTOCICLETA;Valle del Cauca;1
ELECTRICO;ACTIVO;28/12/2016;2016;MOTOCARRO;Cundinamarca;1
ELECTRICO;ACTIVO;27/04/2017;2017;MOTOCICLETA;Antioquia;1
ELECTRICO;ACTIVO;28/04/2017;2017;AUTOMOVIL;Antioquia;1
ELECTRICO;ACTIVO;28/09/2017;2017;AUTOMOVIL;Bogota D.C.;1
ELECTRICO;ACTIVO;5/09/2017;2017;AUTOMOVIL;Antioquia;1
ELECTRICO;ACTIVO;28/12/2016;2016;MOTOCARRO;Cundinamarca;1
ELECTRICO;ACTIVO;28/12/2016;2016;MOTOCARRO;Cundinamarca;1
ELECTRICO;ACTIVO;7/02/2017;2017;MOTOCICLETA;Valle del Cauca;1
ELECTRICO;ACTIVO;8/03/2017;2017;MOTOCICLETA;Antioquia;1
ELECTRICO;ACTIVO;8/05/2017;2017;MOTOCICLETA;Antioquia;1
ELECTRICO;ACTIVO;24/04/2017;2017;MOTOCICLETA;Antioquia;1
ELECTRICO;ACTIVO;27/12/2016;2016;MOTOCICLETA;Antioquia;1
ELECTRICO;ACTIVO;24/02/2017;2017;MOTOCICLETA;Antioquia;1
ELECTRICO;ACTIVO;15/03/2017;2017;AUTOMOVIL;Antioquia;1
ELECTRICO;ACTIVO;15/03/2017;2017;AUTOMOVIL;Antioquia;1
ELECTRICO;ACTIVO;30/01/2018;2018;CUADRICICLO;Bogota D.C.;1
ELECTRICO;ACTIVO;31/05/2018;2018;AUTOMOVIL;Bogota D.C.;1
ELECTRICO;ACTIVO;29/12/2017;2017;CUADRICICLO;Antioquia;1
ELECTRICO;ACTIVO;9/04/2019;2019;AUTOMOVIL;Valle del Cauca;1
ELECTRICO;ACTIVO;9/03/2018;2018;CUADRICICLO;Bogota D.C.;1
ELECTRICO;ACTIVO;15/06/2019;2019;AUTOMOVIL;Bogota D.C.;1
ELECTRICO;ACTIVO;28/06/2018;2018;MOTOCICLETA;Antioquia;1
ELECTRICO;ACTIVO;27/12/2018;2018;AUTOMOVIL;Bogota D.C.;1
ELECTRICO;ACTIVO;31/10/2018;2018;AUTOMOVIL;Bogota D.C.;1
ELECTRICO;ACTIVO;30/10/2018;2018;AUTOMOVIL;Bogota D.C.;1
ELECTRICO;ACTIVO;31/05/2018;2018;AUTOMOVIL;Antioquia;1
ELECTRICO;ACTIVO;24/05/2018;2018;MOTOCICLETA;Valle del Cauca;1
ELECTRICO;ACTIVO;23/04/2018;2018;MOTOCICLETA;Antioquia;1
ELECTRICO;ACTIVO;12/12/2018;2018;AUTOMOVIL;Bogota D.C.;1
ELECTRICO;ACTIVO;12/04/2018;2018;CUADRICICLO;Risaralda;1
ELECTRICO;ACTIVO;28/06/2018;2018;CUADRICICLO;Bogota D.C.;1
ELECTRICO;ACTIVO;15/03/2019;2019;CUADRICICLO;Bogota D.C.;1
ELECTRICO;ACTIVO;29/12/2018;2018;CUADRICICLO;Bogota D.C.;1
ELECTRICO;ACTIVO;20/02/2019;2019;CAMIONETA;Cundinamarca;1
ELECTRICO;ACTIVO;26/06/2019;2019;CAMIONETA;Antioquia;1
ELECTRICO;ACTIVO;19/10/2018;2018;AUTOMOVIL;Bogota D.C.;1
ELECTRICO;ACTIVO;28/06/2018;2018;MOTOCICLETA;Antioquia;1
ELECTRICO;ACTIVO;10/09/2019;2019;CUADRICICLO;Bogota D.C.;1
ELECTRICO;ACTIVO;20/02/2019;2019;CUADRICICLO;Bogota D.C.;1
ELECTRICO;ACTIVO;2/08/2019;2019;AUTOMOVIL;Antioquia;1
ELECTRICO;ACTIVO;13/12/2018;2018;AUTOMOVIL;Bogota D.C.;1
ELECTRICO;ACTIVO;21/02/2018;2018;CUADRICICLO;Antioquia;1
ELECTRICO;ACTIVO;22/03/2019;2019;CUADRICICLO;Bogota D.C.;1
ELECTRICO;ACTIVO;12/03/2019;2019;CUADRICICLO;Bogota D.C.;1
ELECTRICO;ACTIVO;6/03/2019;2019;CUADRICICLO;Bogota D.C.;1
ELECTRICO;ACTIVO;27/09/2018;2018;CUADRICICLO;Antioquia;1
ELECTRICO;ACTIVO;20/06/2018;2018;AUTOMOVIL;Bogota D.C.;1
ELECTRICO;ACTIVO;29/01/2019;2019;AUTOMOVIL;Bogota D.C.;1
ELECTRICO;ACTIVO;29/01/2019;2019;AUTOMOVIL;Bogota D.C.;1
ELECTRICO;ACTIVO;5/12/2018;2018;MOTOCARRO;Antioquia;1
ELECTRICO;ACTIVO;10/05/2019;2019;CAMIONETA;Antioquia;1
ELECTRICO;ACTIVO;18/05/2019;2019;CAMIONETA;Bogota D.C.;1
ELECTRICO;ACTIVO;26/10/2017;2017;AUTOMOVIL;Antioquia;1
ELECTRICO;ACTIVO;28/09/2018;2018;AUTOMOVIL;Bogota D.C.;1
ELECTRICO;ACTIVO;22/12/2017;2017;MOTOCICLETA;Risaralda;1
ELECTRICO;ACTIVO;30/11/2018;2018;AUTOMOVIL;Bogota D.C.;1
ELECTRICO;ACTIVO;7/02/2018;2018;AUTOMOVIL;Antioquia;1
ELECTRICO;ACTIVO;5/03/2018;2018;CUADRICICLO;Bogota D.C.;1
ELECTRICO;ACTIVO;7/02/2019;2019;AUTOMOVIL;Bogota D.C.;1
ELECTRICO;ACTIVO;9/01/2019;2019;AUTOMOVIL;Bogota D.C.;1
ELECTRICO;ACTIVO;28/03/2018;2018;AUTOMOVIL;Caldas;1
ELECTRICO;ACTIVO;28/03/2018;2018;AUTOMOVIL;Antioquia;1
ELECTRICO;ACTIVO;28/03/2018;2018;AUTOMOVIL;Antioquia;1
ELECTRICO;ACTIVO;18/06/2018;2018;AUTOMOVIL;Antioquia;1
ELECTRICO;ACTIVO;28/09/2017;2017;AUTOMOVIL;Antioquia;1
ELECTRICO;ACTIVO;30/08/2018;2018;AUTOMOVIL;Bogota D.C.;1
ELECTRICO;ACTIVO;27/08/2018;2018;AUTOMOVIL;Bogota D.C.;1
ELECTRICO;ACTIVO;16/08/2018;2018;AUTOMOVIL;Antioquia;1
ELECTRICO;ACTIVO;29/08/2018;2018;AUTOMOVIL;Bogota D.C.;1
ELECTRICO;ACTIVO;3/10/2018;2018;CAMIONETA;Antioquia;1
ELECTRICO;ACTIVO;9/11/2018;2018;CAMIONETA;Bogota D.C.;1
ELECTRICO;ACTIVO;31/01/2019;2019;AUTOMOVIL;Bogota D.C.;1
ELECTRICO;ACTIVO;21/03/2019;2019;AUTOMOVIL;Cundinamarca;1
ELECTRICO;ACTIVO;31/01/2019;2019;AUTOMOVIL;Bogota D.C.;1
ELECTRICO;ACTIVO;21/03/2019;2019;AUTOMOVIL;Bogota D.C.;1
ELECTRICO;ACTIVO;31/01/2019;2019;AUTOMOVIL;Bogota D.C.;1
ELECTRICO;ACTIVO;31/01/2019;2019;AUTOMOVIL;Bogota D.C.;1
ELECTRICO;ACTIVO;28/02/2019;2019;AUTOMOVIL;Bogota D.C.;1
ELECTRICO;ACTIVO;20/02/2018;2018;MOTOCICLETA;Antioquia;1
ELECTRICO;ACTIVO;29/12/2018;2018;AUTOMOVIL;Bogota D.C.;1
ELECTRICO;ACTIVO;26/12/2018;2018;CAMIONETA;Boyaca;1
ELECTRICO;ACTIVO;3/10/2015;2015;CAMIONETA;Cundinamarca;1
ELECTRICO;ACTIVO;29/07/2016;2016;AUTOMOVIL;Bogota D.C.;1
ELECTRICO;ACTIVO;23/12/2016;2016;AUTOMOVIL;Bogota D.C.;1
ELECTRICO;ACTIVO;18/06/2015;2015;AUTOMOVIL;Atlantico;1
ELECTRICO;ACTIVO;8/07/2016;2016;MOTOCICLETA;Valle del Cauca;1
ELECTRICO;ACTIVO;21/12/2012;2012;MOTOCICLETA;Antioquia;1
ELECTRICO;ACTIVO;24/05/2013;2013;MOTOCICLETA;Bogota D.C.;1
ELECTRICO;ACTIVO;28/02/2020;2020;AUTOMOVIL;Bogota D.C.;1
ELECTRICO;ACTIVO;14/01/2020;2020;CAMIONETA;Bogota D.C.;1
ELECTRICO;ACTIVO;9/02/2021;2021;MOTOCICLETA;Cundinamarca;1
ELECTRICO;ACTIVO;11/11/2020;2020;BUS;Bogota D.C.;1
ELECTRICO;ACTIVO;10/11/2020;2020;BUS;Bogota D.C.;1
ELECTRICO;ACTIVO;12/11/2020;2020;BUS;Bogota D.C.;1
ELECTRICO;ACTIVO;11/11/2020;2020;BUS;Bogota D.C.;1
ELECTRICO;ACTIVO;6/11/2020;2020;CAMIONETA;Antioquia;1
ELECTRICO;ACTIVO;11/03/2020;2020;AUTOMOVIL;Antioquia;1
ELECTRICO;ACTIVO;31/08/2021;2021;MOTOCICLETA;Cundinamarca;1
ELECTRICO;ACTIVO;24/10/2019;2019;AUTOMOVIL;Bogota D.C.;1
ELECTRICO;ACTIVO;28/02/2020;2020;AUTOMOVIL;Bogota D.C.;1
ELECTRICO;ACTIVO;8/02/2020;2020;CAMIONETA;Antioquia;1
ELECTRICO;ACTIVO;5/07/2019;2019;BUS;Valle del Cauca;1
ELECTRICO;ACTIVO;24/07/2019;2019;TRICIMOTO;Valle del Cauca;1
ELECTRICO;ACTIVO;1/10/2020;2020;AUTOMOVIL;Bogota D.C.;1
ELECTRICO;ACTIVO;9/03/2021;2021;AUTOMOVIL;Santander;1
ELECTRICO;ACTIVO;31/08/2021;2021;AUTOMOVIL;Bogota D.C.;1
ELECTRICO;ACTIVO;10/03/2021;2021;AUTOMOVIL;Valle del Cauca;1
ELECTRICO;ACTIVO;23/03/2022;2022;AUTOMOVIL;Bogota D.C.;1
ELECTRICO;ACTIVO;12/06/2021;2021;AUTOMOVIL;Bogota D.C.;1
ELECTRICO;ACTIVO;14/07/2020;2020;AUTOMOVIL;Bogota D.C.;1
ELECTRICO;ACTIVO;7/01/2021;2021;AUTOMOVIL;Bogota D.C.;1
ELECTRICO;ACTIVO;1/12/2020;2020;AUTOMOVIL;Bogota D.C.;1
ELECTRICO;ACTIVO;16/06/2021;2021;CAMIONETA;Narino;1
ELECTRICO;ACTIVO;6/01/2021;2021;CAMIONETA;Bogota D.C.;1
ELECTRICO;ACTIVO;27/04/2021;2021;AUTOMOVIL;Cundinamarca;1
ELECTRICO;ACTIVO;12/08/2019;2019;MOTOCICLETA;Cesar;1
ELECTRICO;ACTIVO;3/06/2020;2020;CUADRICICLO;Antioquia;1
ELECTRICO;ACTIVO;24/11/2021;2021;AUTOMOVIL;Cundinamarca;1
ELECTRICO;ACTIVO;24/07/2021;2021;CAMIONETA;Bogota D.C.;1
ELECTRICO;ACTIVO;24/09/2021;2021;MOTOCARRO;Valle del Cauca;1
ELECTRICO;ACTIVO;22/07/2021;2021;MOTOCARRO;Cundinamarca;1
ELECTRICO;ACTIVO;23/10/2021;2021;MOTOCARRO;Cundinamarca;1
ELECTRICO;ACTIVO;15/09/2020;2020;CAMIONETA;Bogota D.C.;1
ELECTRICO;ACTIVO;13/02/2021;2021;TRICIMOTO;Valle del Cauca;1
ELECTRICO;ACTIVO;18/07/2019;2019;AUTOMOVIL;Bogota D.C.;1
ELECTRICO;ACTIVO;30/07/2019;2019;AUTOMOVIL;Bogota D.C.;1
ELECTRICO;ACTIVO;10/12/2020;2020;CAMION;Antioquia;1
ELECTRICO;ACTIVO;11/12/2020;2020;CAMION;Antioquia;1
ELECTRICO;ACTIVO;15/05/2020;2020;CAMION;Antioquia;1
ELECTRICO;ACTIVO;23/11/2020;2020;CAMION;Valle del Cauca;1
ELECTRICO;ACTIVO;24/11/2021;2021;CAMION;Antioquia;1
ELECTRICO;ACTIVO;11/12/2019;2019;AUTOMOVIL;Bogota D.C.;1
ELECTRICO;ACTIVO;20/12/2019;2019;AUTOMOVIL;Bogota D.C.;1
ELECTRICO;ACTIVO;27/12/2019;2019;AUTOMOVIL;Bogota D.C.;1
ELECTRICO;ACTIVO;31/01/2020;2020;AUTOMOVIL;Bogota D.C.;1
ELECTRICO;ACTIVO;9/12/2019;2019;AUTOMOVIL;Bogota D.C.;1
ELECTRICO;ACTIVO;13/08/2021;2021;AUTOMOVIL;Cundinamarca;1
ELECTRICO;ACTIVO;30/12/2019;2019;AUTOMOVIL;Bogota D.C.;1
ELECTRICO;ACTIVO;20/12/2019;2019;AUTOMOVIL;Bogota D.C.;1
ELECTRICO;ACTIVO;6/01/2021;2021;MOTOCICLETA;Antioquia;1
ELECTRICO;ACTIVO;9/12/2019;2019;CAMION;Cundinamarca;1
ELECTRICO;ACTIVO;11/07/2020;2020;CAMION;Cundinamarca;1
ELECTRICO;ACTIVO;9/12/2019;2019;CAMION;Cundinamarca;1
ELECTRICO;ACTIVO;17/12/2019;2019;CAMION;Cundinamarca;1
ELECTRICO;ACTIVO;9/12/2019;2019;CAMION;Cundinamarca;1
ELECTRICO;ACTIVO;22/01/2020;2020;CAMION;Cundinamarca;1
ELECTRICO;ACTIVO;19/12/2019;2019;CAMION;Antioquia;1
ELECTRICO;ACTIVO;9/12/2019;2019;CAMION;Cundinamarca;1
ELECTRICO;ACTIVO;9/12/2019;2019;CAMION;Cundinamarca;1
ELECTRICO;ACTIVO;9/12/2019;2019;CAMION;Cundinamarca;1
ELECTRICO;ACTIVO;6/11/2020;2020;TRICIMOTO;Valle del Cauca;1
ELECTRICO;ACTIVO;21/01/2020;2020;CAMION;Cundinamarca;1
ELECTRICO;ACTIVO;9/12/2019;2019;CAMION;Cundinamarca;1
ELECTRICO;ACTIVO;5/03/2020;2020;AUTOMOVIL;Antioquia;1
ELECTRICO;ACTIVO;4/10/2019;2019;AUTOMOVIL;Cundinamarca;1
ELECTRICO;ACTIVO;23/07/2020;2020;AUTOMOVIL;Antioquia;1
ELECTRICO;ACTIVO;28/11/2020;2020;AUTOMOVIL;Antioquia;1
ELECTRICO;ACTIVO;28/02/2020;2020;AUTOMOVIL;Bogota D.C.;1
ELECTRICO;ACTIVO;27/02/2020;2020;AUTOMOVIL;Bogota D.C.;1
ELECTRICO;ACTIVO;29/02/2020;2020;AUTOMOVIL;Bogota D.C.;1
ELECTRICO;ACTIVO;9/11/2020;2020;BUS;Bogota D.C.;1
ELECTRICO;ACTIVO;9/11/2020;2020;BUS;Bogota D.C.;1
ELECTRICO;ACTIVO;9/11/2020;2020;BUS;Bogota D.C.;1
ELECTRICO;ACTIVO;9/11/2020;2020;BUS;Bogota D.C.;1
ELECTRICO;ACTIVO;9/11/2020;2020;BUS;Bogota D.C.;1
ELECTRICO;ACTIVO;10/11/2020;2020;BUS;Bogota D.C.;1
ELECTRICO;ACTIVO;10/11/2020;2020;BUS;Bogota D.C.;1
ELECTRICO;ACTIVO;9/11/2020;2020;BUS;Bogota D.C.;1
ELECTRICO;ACTIVO;10/11/2020;2020;BUS;Bogota D.C.;1
ELECTRICO;ACTIVO;11/09/2019;2019;TRICIMOTO;Valle del Cauca;1
ELECTRICO;ACTIVO;19/11/2019;2019;AUTOMOVIL;Antioquia;1
ELECTRICO;ACTIVO;27/11/2019;2019;AUTOMOVIL;Bogota D.C.;1
ELECTRICO;ACTIVO;29/11/2019;2019;AUTOMOVIL;Antioquia;1
ELECTRICO;ACTIVO;20/09/2019;2019;AUTOMOVIL;Antioquia;1
ELECTRICO;ACTIVO;30/08/2019;2019;AUTOMOVIL;Antioquia;1
ELECTRICO;ACTIVO;9/08/2019;2019;AUTOMOVIL;Bogota D.C.;1
ELECTRICO;ACTIVO;15/08/2019;2019;AUTOMOVIL;Antioquia;1
ELECTRICO;ACTIVO;3/09/2019;2019;CUADRICICLO;Bogota D.C.;1
ELECTRICO;ACTIVO;1/04/2019;2019;CUADRICICLO;Antioquia;1
ELECTRICO;ACTIVO;1/04/2019;2019;CUADRICICLO;Antioquia;1
ELECTRICO;ACTIVO;8/10/2019;2019;CUADRICICLO;Bogota D.C.;1
ELECTRICO;ACTIVO;27/09/2019;2019;CUADRICICLO;Bogota D.C.;1
ELECTRICO;ACTIVO;10/04/2019;2019;CUADRICICLO;Bogota D.C.;1
ELECTRICO;ACTIVO;31/07/2019;2019;CUADRICICLO;Bogota D.C.;1
ELECTRICO;ACTIVO;9/04/2019;2019;CUADRICICLO;Antioquia;1
ELECTRICO;ACTIVO;30/03/2019;2019;CUADRICICLO;Antioquia;1
ELECTRICO;ACTIVO;16/05/2019;2019;CUADRICICLO;Antioquia;1
ELECTRICO;ACTIVO;9/05/2019;2019;CUADRICICLO;Bogota D.C.;1
ELECTRICO;ACTIVO;6/04/2019;2019;AUTOMOVIL;Antioquia;1
ELECTRICO;ACTIVO;21/09/2019;2019;MOTOCICLETA;Cundinamarca;1
ELECTRICO;ACTIVO;22/11/2019;2019;AUTOMOVIL;Bogota D.C.;1
ELECTRICO;ACTIVO;13/09/2019;2019;CAMION;Cundinamarca;1
ELECTRICO;ACTIVO;23/05/2019;2019;AUTOMOVIL;Atlantico;1
ELECTRICO;ACTIVO;11/07/2019;2019;AUTOMOVIL;Antioquia;1
ELECTRICO;ACTIVO;20/12/2019;2019;AUTOMOVIL;Bogota D.C.;1
ELECTRICO;ACTIVO;16/10/2019;2019;AUTOMOVIL;Cundinamarca;1
ELECTRICO;ACTIVO;4/10/2019;2019;AUTOMOVIL;Bogota D.C.;1
ELECTRICO;ACTIVO;18/09/2019;2019;AUTOMOVIL;Bogota D.C.;1
ELECTRICO;ACTIVO;31/08/2019;2019;AUTOMOVIL;Antioquia;1
ELECTRICO;ACTIVO;30/11/2019;2019;AUTOMOVIL;Bogota D.C.;1
ELECTRICO;ACTIVO;31/08/2019;2019;AUTOMOVIL;Antioquia;1
ELECTRICO;ACTIVO;30/09/2019;2019;AUTOMOVIL;Bogota D.C.;1
ELECTRICO;ACTIVO;30/08/2019;2019;AUTOMOVIL;Bogota D.C.;1
ELECTRICO;ACTIVO;9/09/2019;2019;AUTOMOVIL;Bogota D.C.;1
ELECTRICO;ACTIVO;31/05/2019;2019;AUTOMOVIL;Bogota D.C.;1
ELECTRICO;ACTIVO;11/05/2019;2019;AUTOMOVIL;Bogota D.C.;1
ELECTRICO;ACTIVO;29/04/2019;2019;AUTOMOVIL;Antioquia;1
ELECTRICO;ACTIVO;10/06/2019;2019;AUTOMOVIL;Bogota D.C.;1
ELECTRICO;ACTIVO;11/06/2019;2019;AUTOMOVIL;Antioquia;1
ELECTRICO;ACTIVO;9/09/2019;2019;BUS;Valle del Cauca;1
ELECTRICO;ACTIVO;10/11/2020;2020;BUS;Bogota D.C.;1
ELECTRICO;ACTIVO;30/04/2019;2019;AUTOMOVIL;Antioquia;1
ELECTRICO;ACTIVO;3/05/2019;2019;AUTOMOVIL;Bogota D.C.;1
ELECTRICO;ACTIVO;16/05/2019;2019;AUTOMOVIL;Bogota D.C.;1
ELECTRICO;ACTIVO;11/06/2019;2019;AUTOMOVIL;Bogota D.C.;1
ELECTRICO;ACTIVO;7/05/2019;2019;AUTOMOVIL;Bogota D.C.;1
ELECTRICO;ACTIVO;23/07/2019;2019;AUTOMOVIL;Bogota D.C.;1
ELECTRICO;ACTIVO;25/09/2020;2020;BUS;Cordoba;1
ELECTRICO;ACTIVO;21/06/2019;2019;CAMIONETA;Bogota D.C.;1
ELECTRICO;ACTIVO;24/02/2021;2021;AUTOMOVIL;Cundinamarca;1
ELECTRICO;ACTIVO;26/11/2021;2021;AUTOMOVIL;Bogota D.C.;1
ELECTRICO;ACTIVO;25/03/2021;2021;AUTOMOVIL;Bogota D.C.;1
ELECTRICO;ACTIVO;12/11/2021;2021;AUTOMOVIL;Cundinamarca;1
ELECTRICO;ACTIVO;24/02/2021;2021;AUTOMOVIL;Cundinamarca;1
ELECTRICO;ACTIVO;26/02/2021;2021;AUTOMOVIL;Antioquia;1
ELECTRICO;ACTIVO;3/05/2019;2019;AUTOMOVIL;Bogota D.C.;1
ELECTRICO;ACTIVO;29/04/2019;2019;AUTOMOVIL;Bogota D.C.;1
ELECTRICO;ACTIVO;16/07/2020;2020;CAMIONETA;Bogota D.C.;1
ELECTRICO;ACTIVO;24/03/2021;2021;CAMIONETA;Bogota D.C.;1
ELECTRICO;ACTIVO;29/12/2020;2020;CAMIONETA;Antioquia;1
ELECTRICO;ACTIVO;10/02/2020;2020;CUADRICICLO;Meta;1
ELECTRICO;ACTIVO;23/09/2019;2019;AUTOMOVIL;Bogota D.C.;1
ELECTRICO;ACTIVO;30/11/2020;2020;CUADRICICLO;Bogota D.C.;1
ELECTRICO;ACTIVO;30/10/2020;2020;CUADRICICLO;Caldas;1
ELECTRICO;ACTIVO;1/09/2021;2021;CUADRICICLO;Risaralda;1
ELECTRICO;ACTIVO;10/08/2021;2021;CUADRICICLO;Antioquia;1
ELECTRICO;ACTIVO;12/07/2021;2021;CUADRICICLO;Caldas;1
ELECTRICO;ACTIVO;20/02/2020;2020;AUTOMOVIL;Bogota D.C.;1
ELECTRICO;ACTIVO;29/02/2020;2020;AUTOMOVIL;Bogota D.C.;1
ELECTRICO;ACTIVO;11/12/2020;2020;CAMIONETA;Antioquia;1
ELECTRICO;ACTIVO;18/11/2020;2020;MOTOTRICICLO;Cundinamarca;1
ELECTRICO;ACTIVO;28/12/2020;2020;MOTOCICLETA;Antioquia;1
ELECTRICO;ACTIVO;28/12/2020;2020;MOTOCICLETA;Antioquia;1
ELECTRICO;ACTIVO;13/01/2021;2021;MOTOCICLETA;Antioquia;1
ELECTRICO;ACTIVO;4/02/2021;2021;CUADRICICLO;Antioquia;1
ELECTRICO;ACTIVO;1/03/2021;2021;AUTOMOVIL;Bogota D.C.;1
ELECTRICO;ACTIVO;13/08/2019;2019;AUTOMOVIL;Antioquia;1
ELECTRICO;ACTIVO;24/03/2021;2021;AUTOMOVIL;Bogota D.C.;1
ELECTRICO;ACTIVO;19/07/2021;2021;AUTOMOVIL;Meta;1
ELECTRICO;ACTIVO;13/08/2021;2021;CAMIONETA;Antioquia;1
ELECTRICO;ACTIVO;5/08/2019;2019;TRICIMOTO;Valle del Cauca;1
ELECTRICO;ACTIVO;4/10/2021;2021;CAMIONETA;Valle del Cauca;1
ELECTRICO;ACTIVO;26/06/2020;2020;CAMIONETA;Bogota D.C.;1
ELECTRICO;ACTIVO;19/10/2021;2021;CAMIONETA;Antioquia;1
ELECTRICO;ACTIVO;5/10/2021;2021;CAMIONETA;Bogota D.C.;1
ELECTRICO;ACTIVO;11/10/2021;2021;CAMIONETA;Antioquia;1
ELECTRICO;ACTIVO;5/02/2020;2020;CUADRICICLO;Antioquia;1
ELECTRICO;ACTIVO;29/09/2021;2021;CUADRICICLO;Bogota D.C.;1
ELECTRICO;ACTIVO;2/03/2022;2022;CUADRICICLO;Valle del Cauca;1
ELECTRICO;ACTIVO;14/10/2021;2021;CUADRICICLO;Valle del Cauca;1
ELECTRICO;ACTIVO;11/10/2021;2021;CUADRICICLO;Antioquia;1
ELECTRICO;ACTIVO;12/10/2021;2021;CUADRICICLO;Antioquia;1
ELECTRICO;ACTIVO;25/09/2021;2021;CUADRICICLO;Antioquia;1
ELECTRICO;ACTIVO;24/03/2021;2021;AUTOMOVIL;Santander;1
ELECTRICO;ACTIVO;30/08/2019;2019;AUTOMOVIL;Antioquia;1
ELECTRICO;ACTIVO;1/10/2020;2020;TRICIMOTO;Valle del Cauca;1
ELECTRICO;ACTIVO;7/12/2020;2020;CAMIONETA;Bogota D.C.;1
ELECTRICO;ACTIVO;22/10/2021;2021;CAMIONETA;Antioquia;1
ELECTRICO;ACTIVO;23/07/2021;2021;CAMIONETA;Antioquia;1
ELECTRICO;ACTIVO;22/10/2021;2021;CAMIONETA;Antioquia;1
ELECTRICO;ACTIVO;27/10/2021;2021;CAMIONETA;Antioquia;1
ELECTRICO;ACTIVO;18/11/2021;2021;CAMIONETA;Antioquia;1
ELECTRICO;ACTIVO;22/10/2021;2021;CAMIONETA;Antioquia;1
ELECTRICO;ACTIVO;9/11/2020;2020;MOTOCICLETA;Cundinamarca;1
ELECTRICO;ACTIVO;9/08/2019;2019;AUTOMOVIL;Santander;1
ELECTRICO;ACTIVO;16/07/2019;2019;AUTOMOVIL;Bogota D.C.;1
ELECTRICO;ACTIVO;5/04/2019;2019;CUADRICICLO;Antioquia;1
ELECTRICO;ACTIVO;30/10/2020;2020;CUADRICICLO;Bogota D.C.;1
ELECTRICO;ACTIVO;18/05/2020;2020;CUADRICICLO;Antioquia;1
ELECTRICO;ACTIVO;15/12/2020;2020;CUADRICICLO;Bogota D.C.;1
ELECTRICO;ACTIVO;15/02/2021;2021;CUADRICICLO;Antioquia;1
ELECTRICO;ACTIVO;21/04/2021;2021;CUADRICICLO;Bogota D.C.;1
ELECTRICO;ACTIVO;30/06/2021;2021;CUADRICICLO;Cundinamarca;1
ELECTRICO;ACTIVO;23/04/2021;2021;CUADRICICLO;Bogota D.C.;1
ELECTRICO;ACTIVO;19/05/2021;2021;CUADRICICLO;Bogota D.C.;1
ELECTRICO;ACTIVO;23/12/2020;2020;MOTOCICLETA;Valle del Cauca;1
ELECTRICO;ACTIVO;23/08/2019;2019;AUTOMOVIL;Cundinamarca;1
ELECTRICO;ACTIVO;31/07/2019;2019;CUADRICICLO;Bogota D.C.;1
ELECTRICO;ACTIVO;5/08/2019;2019;CUADRICICLO;Antioquia;1
ELECTRICO;ACTIVO;9/08/2019;2019;CUADRICICLO;Bogota D.C.;1
ELECTRICO;ACTIVO;14/08/2019;2019;CUADRICICLO;Bogota D.C.;1
ELECTRICO;ACTIVO;6/09/2019;2019;CUADRICICLO;Bogota D.C.;1
ELECTRICO;ACTIVO;24/10/2019;2019;CUADRICICLO;Bogota D.C.;1
ELECTRICO;ACTIVO;2/07/2019;2019;CUADRICICLO;Antioquia;1
ELECTRICO;ACTIVO;5/08/2019;2019;CUADRICICLO;Antioquia;1
ELECTRICO;ACTIVO;22/07/2019;2019;CUADRICICLO;Antioquia;1
ELECTRICO;ACTIVO;11/09/2019;2019;CUADRICICLO;Bogota D.C.;1
ELECTRICO;ACTIVO;27/05/2020;2020;AUTOMOVIL;Bogota D.C.;1
ELECTRICO;ACTIVO;6/12/2019;2019;BUS;Antioquia;1
ELECTRICO;ACTIVO;6/12/2019;2019;BUS;Antioquia;1
ELECTRICO;ACTIVO;28/11/2019;2019;BUS;Antioquia;1
ELECTRICO;ACTIVO;6/12/2019;2019;BUS;Antioquia;1
ELECTRICO;ACTIVO;6/12/2019;2019;BUS;Antioquia;1
ELECTRICO;ACTIVO;6/12/2019;2019;BUS;Antioquia;1
ELECTRICO;ACTIVO;6/12/2019;2019;BUS;Antioquia;1
ELECTRICO;ACTIVO;28/11/2019;2019;BUS;Antioquia;1
ELECTRICO;ACTIVO;10/01/2020;2020;AUTOMOVIL;Cundinamarca;1
ELECTRICO;ACTIVO;6/12/2019;2019;BUS;Antioquia;1
ELECTRICO;ACTIVO;6/12/2019;2019;BUS;Antioquia;1
ELECTRICO;ACTIVO;6/12/2019;2019;BUS;Antioquia;1
ELECTRICO;ACTIVO;19/06/2020;2020;AUTOMOVIL;Bogota D.C.;1
ELECTRICO;ACTIVO;18/06/2020;2020;AUTOMOVIL;Bogota D.C.;1
ELECTRICO;ACTIVO;18/06/2020;2020;AUTOMOVIL;Bogota D.C.;1
ELECTRICO;ACTIVO;6/12/2019;2019;BUS;Antioquia;1
ELECTRICO;ACTIVO;10/09/2019;2019;CUADRICICLO;Bogota D.C.;1
ELECTRICO;ACTIVO;11/02/2022;2022;CUADRICICLO;Bogota D.C.;1
ELECTRICO;ACTIVO;30/07/2021;2021;CUADRICICLO;Cundinamarca;1
ELECTRICO;ACTIVO;2/08/2021;2021;CUADRICICLO;Santander;1
ELECTRICO;ACTIVO;27/08/2020;2020;CUADRICICLO;Cundinamarca;1
ELECTRICO;ACTIVO;19/02/2022;2022;CAMIONETA;Bogota D.C.;1
ELECTRICO;ACTIVO;12/08/2021;2021;CAMIONETA;Bogota D.C.;1
ELECTRICO;ACTIVO;25/02/2022;2022;CAMIONETA;Bogota D.C.;1
ELECTRICO;ACTIVO;17/11/2020;2020;CUADRICICLO;Bogota D.C.;1
ELECTRICO;ACTIVO;20/10/2020;2020;CUADRICICLO;Bogota D.C.;1
ELECTRICO;ACTIVO;24/09/2020;2020;TRICIMOTO;Valle del Cauca;1
ELECTRICO;ACTIVO;5/04/2021;2021;AUTOMOVIL;Antioquia;1
ELECTRICO;ACTIVO;28/09/2020;2020;AUTOMOVIL;Bogota D.C.;1
ELECTRICO;ACTIVO;11/06/2020;2020;AUTOMOVIL;Bogota D.C.;1
ELECTRICO;ACTIVO;31/07/2020;2020;CUADRICICLO;Antioquia;1
ELECTRICO;ACTIVO;31/07/2020;2020;CUADRICICLO;Antioquia;1
ELECTRICO;ACTIVO;4/08/2020;2020;CUADRICICLO;Antioquia;1
ELECTRICO;ACTIVO;30/07/2020;2020;CUADRICICLO;Antioquia;1
ELECTRICO;ACTIVO;31/07/2020;2020;CUADRICICLO;Antioquia;1
ELECTRICO;ACTIVO;28/12/2020;2020;CUADRICICLO;Antioquia;1
ELECTRICO;ACTIVO;31/07/2020;2020;CUADRICICLO;Antioquia;1
ELECTRICO;ACTIVO;30/07/2020;2020;CUADRICICLO;Antioquia;1
ELECTRICO;ACTIVO;31/07/2020;2020;CUADRICICLO;Antioquia;1
ELECTRICO;ACTIVO;30/07/2020;2020;CUADRICICLO;Antioquia;1
ELECTRICO;ACTIVO;6/11/2021;2021;CAMIONETA;Antioquia;1
ELECTRICO;ACTIVO;25/02/2022;2022;AUTOMOVIL;Bogota D.C.;1
ELECTRICO;ACTIVO;23/03/2022;2022;AUTOMOVIL;Antioquia;1
ELECTRICO;ACTIVO;24/09/2021;2021;CAMIONETA;Bogota D.C.;1
ELECTRICO;ACTIVO;15/10/2021;2021;CAMIONETA;Bogota D.C.;1
ELECTRICO;ACTIVO;10/06/2021;2021;MOTOCARRO;Valle del Cauca;1
ELECTRICO;ACTIVO;12/05/2021;2021;CUADRICICLO;Antioquia;1
ELECTRICO;ACTIVO;23/07/2021;2021;CUADRICICLO;Antioquia;1
ELECTRICO;ACTIVO;11/02/2022;2022;AUTOMOVIL;Bogota D.C.;1
ELECTRICO;ACTIVO;25/02/2022;2022;AUTOMOVIL;Bogota D.C.;1
ELECTRICO;ACTIVO;11/03/2022;2022;AUTOMOVIL;Bogota D.C.;1
ELECTRICO;ACTIVO;2/12/2021;2021;CAMIONETA;Bogota D.C.;1
ELECTRICO;ACTIVO;23/11/2021;2021;CAMIONETA;Atlantico;1
ELECTRICO;ACTIVO;13/12/2021;2021;CAMIONETA;Antioquia;1
ELECTRICO;ACTIVO;15/01/2022;2022;CAMIONETA;Bogota D.C.;1
ELECTRICO;ACTIVO;15/01/2022;2022;CAMIONETA;Bogota D.C.;1
ELECTRICO;ACTIVO;15/01/2022;2022;CAMIONETA;Bogota D.C.;1
ELECTRICO;ACTIVO;8/02/2022;2022;CAMIONETA;Cauca;1
ELECTRICO;ACTIVO;8/02/2022;2022;CAMIONETA;Cauca;1
ELECTRICO;ACTIVO;5/05/2020;2020;AUTOMOVIL;Bogota D.C.;1
ELECTRICO;ACTIVO;5/03/2020;2020;AUTOMOVIL;Bogota D.C.;1
ELECTRICO;ACTIVO;24/10/2020;2020;AUTOMOVIL;Bogota D.C.;1
ELECTRICO;ACTIVO;17/11/2021;2021;CAMIONETA;Cundinamarca;1
ELECTRICO;ACTIVO;27/10/2021;2021;CAMIONETA;Antioquia;1
ELECTRICO;ACTIVO;11/12/2020;2020;MOTOCICLETA;Risaralda;1
ELECTRICO;ACTIVO;9/09/2019;2019;BUS;Valle del Cauca;1
ELECTRICO;ACTIVO;21/07/2021;2021;CAMIONETA;Cundinamarca;1
ELECTRICO;ACTIVO;28/06/2019;2019;AUTOMOVIL;Bogota D.C.;1
ELECTRICO;ACTIVO;22/05/2019;2019;AUTOMOVIL;Bogota D.C.;1
ELECTRICO;ACTIVO;11/03/2020;2020;CAMIONETA;Antioquia;1
ELECTRICO;ACTIVO;20/08/2020;2020;TRICIMOTO;Valle del Cauca;1
ELECTRICO;ACTIVO;13/11/2020;2020;MOTOCARRO;Valle del Cauca;1
ELECTRICO;ACTIVO;11/05/2021;2021;CUADRICICLO;Antioquia;1
ELECTRICO;ACTIVO;12/05/2021;2021;CUADRICICLO;Antioquia;1
ELECTRICO;ACTIVO;13/05/2021;2021;CUADRICICLO;Antioquia;1
ELECTRICO;ACTIVO;22/11/2021;2021;CAMIONETA;Bogota D.C.;1
ELECTRICO;ACTIVO;22/01/2021;2021;AUTOMOVIL;Bogota D.C.;1
ELECTRICO;ACTIVO;24/11/2020;2020;AUTOMOVIL;Bogota D.C.;1
ELECTRICO;ACTIVO;31/05/2021;2021;AUTOMOVIL;Bogota D.C.;1
ELECTRICO;ACTIVO;2/02/2021;2021;BUS;Bogota D.C.;1
ELECTRICO;ACTIVO;1/02/2021;2021;BUS;Bogota D.C.;1
ELECTRICO;ACTIVO;2/02/2021;2021;BUS;Bogota D.C.;1
ELECTRICO;ACTIVO;1/02/2021;2021;BUS;Bogota D.C.;1
ELECTRICO;ACTIVO;2/02/2021;2021;BUS;Bogota D.C.;1
ELECTRICO;ACTIVO;27/09/2019;2019;CAMIONETA;Antioquia;1
ELECTRICO;ACTIVO;1/02/2021;2021;BUS;Bogota D.C.;1
ELECTRICO;ACTIVO;1/02/2021;2021;BUS;Bogota D.C.;1
ELECTRICO;ACTIVO;1/02/2021;2021;BUS;Bogota D.C.;1
ELECTRICO;ACTIVO;1/02/2021;2021;BUS;Bogota D.C.;1
ELECTRICO;ACTIVO;1/02/2021;2021;BUS;Bogota D.C.;1
ELECTRICO;ACTIVO;1/02/2021;2021;BUS;Bogota D.C.;1
ELECTRICO;ACTIVO;1/02/2021;2021;BUS;Bogota D.C.;1
ELECTRICO;ACTIVO;27/07/2021;2021;AUTOMOVIL;Bogota D.C.;1
ELECTRICO;ACTIVO;15/06/2021;2021;CUADRICICLO;Valle del Cauca;1
ELECTRICO;ACTIVO;24/02/2021;2021;AUTOMOVIL;Bogota D.C.;1
ELECTRICO;ACTIVO;25/02/2021;2021;AUTOMOVIL;Santander;1
ELECTRICO;ACTIVO;23/06/2021;2021;TRICIMOTO;Bolivar;1
ELECTRICO;ACTIVO;6/12/2019;2019;AUTOMOVIL;Antioquia;1
ELECTRICO;ACTIVO;12/03/2020;2020;AUTOMOVIL;Antioquia;1
ELECTRICO;ACTIVO;18/02/2020;2020;AUTOMOVIL;Bogota D.C.;1
ELECTRICO;ACTIVO;30/07/2021;2021;AUTOMOVIL;Antioquia;1
ELECTRICO;ACTIVO;29/05/2020;2020;CAMIONETA;Bogota D.C.;1
ELECTRICO;ACTIVO;11/06/2020;2020;CAMIONETA;Bogota D.C.;1
ELECTRICO;ACTIVO;29/07/2021;2021;TRICIMOTO;Antioquia;1
ELECTRICO;ACTIVO;9/07/2021;2021;AUTOMOVIL;Antioquia;1
ELECTRICO;ACTIVO;28/12/2020;2020;MOTOCICLETA;Antioquia;1
ELECTRICO;ACTIVO;18/09/2019;2019;AUTOMOVIL;Bogota D.C.;1
ELECTRICO;ACTIVO;19/03/2022;2022;BUS;Antioquia;1
ELECTRICO;ACTIVO;18/11/2020;2020;AUTOMOVIL;Bogota D.C.;1
ELECTRICO;ACTIVO;30/12/2020;2020;AUTOMOVIL;Antioquia;1
ELECTRICO;ACTIVO;12/03/2021;2021;CAMION;Cundinamarca;1
ELECTRICO;ACTIVO;4/09/2020;2020;CUADRICICLO;Bogota D.C.;1
ELECTRICO;ACTIVO;11/03/2020;2020;CUADRICICLO;Bogota D.C.;1
ELECTRICO;ACTIVO;27/02/2021;2021;CUADRICICLO;Bogota D.C.;1
ELECTRICO;ACTIVO;30/07/2020;2020;CUADRICICLO;Bogota D.C.;1
ELECTRICO;ACTIVO;30/05/2020;2020;CUADRICICLO;Cundinamarca;1
ELECTRICO;ACTIVO;29/05/2020;2020;CUADRICICLO;Bogota D.C.;1
ELECTRICO;ACTIVO;2/09/2021;2021;CAMIONETA;Bogota D.C.;1
ELECTRICO;ACTIVO;30/09/2020;2020;CAMIONETA;Bogota D.C.;1
ELECTRICO;ACTIVO;11/02/2022;2022;AUTOMOVIL;Bogota D.C.;1
ELECTRICO;ACTIVO;14/10/2021;2021;AUTOMOVIL;Bogota D.C.;1
ELECTRICO;ACTIVO;16/10/2020;2020;AUTOMOVIL;Bogota D.C.;1
ELECTRICO;ACTIVO;29/08/2019;2019;AUTOMOVIL;Antioquia;1
ELECTRICO;ACTIVO;17/03/2020;2020;AUTOMOVIL;Antioquia;1
ELECTRICO;ACTIVO;16/10/2020;2020;AUTOMOVIL;Bogota D.C.;1
ELECTRICO;ACTIVO;20/09/2019;2019;AUTOMOVIL;Antioquia;1
ELECTRICO;ACTIVO;16/10/2019;2019;AUTOMOVIL;Bogota D.C.;1
ELECTRICO;ACTIVO;30/11/2019;2019;AUTOMOVIL;Antioquia;1
ELECTRICO;ACTIVO;30/11/2019;2019;AUTOMOVIL;Bogota D.C.;1
ELECTRICO;ACTIVO;23/09/2019;2019;AUTOMOVIL;Antioquia;1
ELECTRICO;ACTIVO;4/10/2019;2019;CAMIONETA;Cundinamarca;1
ELECTRICO;ACTIVO;29/05/2020;2020;AUTOMOVIL;Cundinamarca;1
ELECTRICO;ACTIVO;31/01/2022;2022;CAMION;Antioquia;1
ELECTRICO;ACTIVO;31/01/2022;2022;CAMION;Antioquia;1
ELECTRICO;ACTIVO;31/01/2022;2022;CAMION;Antioquia;1
ELECTRICO;ACTIVO;13/10/2021;2021;CAMIONETA;Cundinamarca;1
ELECTRICO;ACTIVO;22/02/2022;2022;CUADRICICLO;Bogota D.C.;1
ELECTRICO;ACTIVO;26/06/2021;2021;AUTOMOVIL;Meta;1
ELECTRICO;ACTIVO;10/12/2021;2021;AUTOMOVIL;Antioquia;1
ELECTRICO;ACTIVO;1/06/2020;2020;CUADRICICLO;Antioquia;1
ELECTRICO;ACTIVO;9/09/2019;2019;BUS;Valle del Cauca;1
ELECTRICO;ACTIVO;6/12/2019;2019;MOTOCICLETA;Bogota D.C.;1
ELECTRICO;ACTIVO;9/12/2020;2020;MOTOCICLETA;Caldas;1
ELECTRICO;ACTIVO;17/03/2021;2021;MOTOCARRO;Cundinamarca;1
ELECTRICO;ACTIVO;3/12/2021;2021;MOTOCARRO;Cundinamarca;1
ELECTRICO;ACTIVO;22/01/2022;2022;BUS;Bogota D.C.;1
ELECTRICO;ACTIVO;29/04/2021;2021;AUTOMOVIL;Bogota D.C.;1
ELECTRICO;ACTIVO;5/03/2020;2020;TRICIMOTO;Valle del Cauca;1
ELECTRICO;ACTIVO;29/10/2021;2021;TRICIMOTO;Valle del Cauca;1
ELECTRICO;ACTIVO;29/10/2021;2021;AUTOMOVIL;Antioquia;1
ELECTRICO;ACTIVO;13/05/2021;2021;AUTOMOVIL;Bogota D.C.;1
ELECTRICO;ACTIVO;16/03/2022;2022;AUTOMOVIL;Antioquia;1
ELECTRICO;ACTIVO;22/09/2021;2021;AUTOMOVIL;Atlantico;1
ELECTRICO;ACTIVO;16/09/2021;2021;AUTOMOVIL;Cundinamarca;1
ELECTRICO;ACTIVO;10/12/2020;2020;MOTOCICLETA;Antioquia;1
ELECTRICO;ACTIVO;29/12/2021;2021;AUTOMOVIL;Cundinamarca;1
ELECTRICO;ACTIVO;25/01/2022;2022;AUTOMOVIL;Bogota D.C.;1
ELECTRICO;ACTIVO;27/12/2021;2021;AUTOMOVIL;Bogota D.C.;1
ELECTRICO;ACTIVO;29/12/2021;2021;AUTOMOVIL;Cundinamarca;1
ELECTRICO;ACTIVO;3/12/2021;2021;MOTOCARRO;Cundinamarca;1
ELECTRICO;ACTIVO;30/05/2020;2020;AUTOMOVIL;Antioquia;1
ELECTRICO;ACTIVO;12/11/2020;2020;CUADRICICLO;Cauca;1
ELECTRICO;ACTIVO;30/12/2020;2020;AUTOMOVIL;Antioquia;1
ELECTRICO;ACTIVO;30/12/2020;2020;AUTOMOVIL;Antioquia;1
ELECTRICO;ACTIVO;12/11/2021;2021;CAMIONETA;Bogota D.C.;1
ELECTRICO;ACTIVO;25/01/2022;2022;AUTOMOVIL;Bogota D.C.;1
ELECTRICO;ACTIVO;9/11/2020;2020;BUS;Bogota D.C.;1
ELECTRICO;ACTIVO;9/11/2020;2020;BUS;Bogota D.C.;1
ELECTRICO;ACTIVO;9/11/2020;2020;BUS;Bogota D.C.;1
ELECTRICO;ACTIVO;9/11/2020;2020;BUS;Bogota D.C.;1
ELECTRICO;ACTIVO;9/11/2020;2020;BUS;Bogota D.C.;1
ELECTRICO;ACTIVO;9/11/2020;2020;BUS;Bogota D.C.;1
ELECTRICO;ACTIVO;9/11/2020;2020;BUS;Bogota D.C.;1
ELECTRICO;ACTIVO;3/11/2020;2020;BUS;Bogota D.C.;1
ELECTRICO;ACTIVO;9/11/2020;2020;BUS;Bogota D.C.;1
ELECTRICO;ACTIVO;10/11/2020;2020;BUS;Bogota D.C.;1
ELECTRICO;ACTIVO;10/11/2020;2020;BUS;Bogota D.C.;1
ELECTRICO;ACTIVO;10/11/2020;2020;BUS;Bogota D.C.;1
ELECTRICO;ACTIVO;20/12/2021;2021;CAMIONETA;Cundinamarca;1
ELECTRICO;ACTIVO;5/10/2021;2021;AUTOMOVIL;Antioquia;1
ELECTRICO;ACTIVO;30/03/2022;2022;CAMIONETA;Bogota D.C.;1
ELECTRICO;ACTIVO;24/11/2021;2021;CAMIONETA;Cundinamarca;1
ELECTRICO;ACTIVO;4/12/2020;2020;BUS;Bogota D.C.;1
ELECTRICO;ACTIVO;4/12/2020;2020;BUS;Bogota D.C.;1
ELECTRICO;ACTIVO;4/12/2020;2020;BUS;Bogota D.C.;1
ELECTRICO;ACTIVO;4/12/2020;2020;BUS;Bogota D.C.;1
ELECTRICO;ACTIVO;4/12/2020;2020;BUS;Bogota D.C.;1
ELECTRICO;ACTIVO;4/12/2020;2020;BUS;Bogota D.C.;1
ELECTRICO;ACTIVO;4/12/2020;2020;BUS;Bogota D.C.;1
ELECTRICO;ACTIVO;4/12/2020;2020;BUS;Bogota D.C.;1
ELECTRICO;ACTIVO;4/12/2020;2020;BUS;Bogota D.C.;1
ELECTRICO;ACTIVO;4/12/2020;2020;BUS;Bogota D.C.;1
ELECTRICO;ACTIVO;4/12/2020;2020;BUS;Bogota D.C.;1
ELECTRICO;ACTIVO;4/12/2020;2020;BUS;Bogota D.C.;1
ELECTRICO;ACTIVO;17/02/2021;2021;TRICIMOTO;Valle del Cauca;1
ELECTRICO;ACTIVO;27/11/2021;2021;AUTOMOVIL;Bogota D.C.;1
ELECTRICO;ACTIVO;14/01/2022;2022;CAMIONETA;Antioquia;1
ELECTRICO;ACTIVO;7/01/2021;2021;AUTOMOVIL;Bolivar;1
ELECTRICO;ACTIVO;17/03/2021;2021;AUTOMOVIL;Bogota D.C.;1
ELECTRICO;ACTIVO;7/01/2021;2021;AUTOMOVIL;Antioquia;1
ELECTRICO;ACTIVO;26/01/2022;2022;BUS;Bogota D.C.;1
ELECTRICO;ACTIVO;1/06/2020;2020;CAMIONETA;Bogota D.C.;1
ELECTRICO;ACTIVO;17/06/2020;2020;CAMIONETA;Bogota D.C.;1
ELECTRICO;ACTIVO;25/06/2020;2020;CAMIONETA;Bogota D.C.;1
ELECTRICO;ACTIVO;15/01/2022;2022;BUS;Bogota D.C.;1
ELECTRICO;ACTIVO;31/01/2022;2022;BUS;Bogota D.C.;1
ELECTRICO;ACTIVO;19/02/2022;2022;BUS;Bogota D.C.;1
ELECTRICO;ACTIVO;16/12/2021;2021;CUADRICICLO;Caldas;1
ELECTRICO;ACTIVO;21/01/2022;2022;BUS;Bogota D.C.;1
ELECTRICO;ACTIVO;19/01/2022;2022;BUS;Bogota D.C.;1
ELECTRICO;ACTIVO;21/01/2022;2022;BUS;Bogota D.C.;1
ELECTRICO;ACTIVO;28/01/2022;2022;BUS;Bogota D.C.;1
ELECTRICO;ACTIVO;26/01/2022;2022;BUS;Bogota D.C.;1
ELECTRICO;ACTIVO;26/01/2022;2022;BUS;Bogota D.C.;1
ELECTRICO;ACTIVO;12/03/2022;2022;BUS;Bogota D.C.;1
ELECTRICO;ACTIVO;25/02/2022;2022;BUS;Bogota D.C.;1
ELECTRICO;ACTIVO;23/08/2021;2021;AUTOMOVIL;Bogota D.C.;1
ELECTRICO;ACTIVO;23/08/2021;2021;AUTOMOVIL;Bogota D.C.;1
ELECTRICO;ACTIVO;15/01/2022;2022;AUTOMOVIL;Antioquia;1
ELECTRICO;ACTIVO;21/01/2022;2022;BUS;Bogota D.C.;1
ELECTRICO;ACTIVO;24/01/2022;2022;BUS;Bogota D.C.;1
ELECTRICO;ACTIVO;17/02/2022;2022;CAMIONETA;Bogota D.C.;1
ELECTRICO;ACTIVO;19/02/2020;2020;CAMIONETA;Antioquia;1
ELECTRICO;ACTIVO;18/02/2022;2022;BUS;Bogota D.C.;1
ELECTRICO;ACTIVO;19/02/2022;2022;BUS;Bogota D.C.;1
ELECTRICO;ACTIVO;5/02/2022;2022;BUS;Bogota D.C.;1
ELECTRICO;ACTIVO;19/02/2022;2022;BUS;Bogota D.C.;1
ELECTRICO;ACTIVO;5/02/2022;2022;BUS;Bogota D.C.;1
ELECTRICO;ACTIVO;24/01/2022;2022;BUS;Bogota D.C.;1
ELECTRICO;ACTIVO;5/02/2022;2022;BUS;Bogota D.C.;1
ELECTRICO;ACTIVO;26/02/2022;2022;BUS;Bogota D.C.;1
ELECTRICO;ACTIVO;5/02/2022;2022;BUS;Bogota D.C.;1
ELECTRICO;ACTIVO;1/02/2022;2022;BUS;Bogota D.C.;1
ELECTRICO;ACTIVO;24/01/2022;2022;BUS;Bogota D.C.;1
ELECTRICO;ACTIVO;1/02/2022;2022;BUS;Bogota D.C.;1
ELECTRICO;ACTIVO;5/03/2021;2021;CAMIONETA;Bogota D.C.;1
ELECTRICO;ACTIVO;2/02/2022;2022;BUS;Bogota D.C.;1
ELECTRICO;ACTIVO;18/02/2022;2022;BUS;Bogota D.C.;1
ELECTRICO;ACTIVO;31/01/2022;2022;BUS;Bogota D.C.;1
ELECTRICO;ACTIVO;31/01/2022;2022;BUS;Bogota D.C.;1
ELECTRICO;ACTIVO;18/02/2022;2022;BUS;Bogota D.C.;1
ELECTRICO;ACTIVO;24/02/2022;2022;BUS;Bogota D.C.;1
ELECTRICO;ACTIVO;24/01/2022;2022;BUS;Bogota D.C.;1
ELECTRICO;ACTIVO;17/03/2020;2020;AUTOMOVIL;Antioquia;1
ELECTRICO;ACTIVO;3/12/2021;2021;MOTOCARRO;Cundinamarca;1
ELECTRICO;ACTIVO;3/12/2021;2021;MOTOCARRO;Cundinamarca;1
ELECTRICO;ACTIVO;3/12/2021;2021;MOTOCARRO;Cundinamarca;1
ELECTRICO;ACTIVO;10/11/2021;2021;MOTOCARRO;Cundinamarca;1
ELECTRICO;ACTIVO;1/02/2022;2022;BUS;Bogota D.C.;1
ELECTRICO;ACTIVO;24/01/2022;2022;BUS;Bogota D.C.;1
ELECTRICO;ACTIVO;1/02/2022;2022;BUS;Bogota D.C.;1
ELECTRICO;ACTIVO;24/01/2022;2022;BUS;Bogota D.C.;1
ELECTRICO;ACTIVO;26/02/2022;2022;BUS;Bogota D.C.;1
ELECTRICO;ACTIVO;18/02/2022;2022;BUS;Bogota D.C.;1
ELECTRICO;ACTIVO;29/12/2020;2020;CAMIONETA;Cundinamarca;1
ELECTRICO;ACTIVO;29/12/2020;2020;CAMIONETA;Cundinamarca;1
ELECTRICO;ACTIVO;11/11/2020;2020;BUS;Bogota D.C.;1
ELECTRICO;ACTIVO;11/11/2020;2020;BUS;Bogota D.C.;1
ELECTRICO;ACTIVO;11/11/2020;2020;BUS;Bogota D.C.;1
ELECTRICO;ACTIVO;11/11/2020;2020;BUS;Bogota D.C.;1
ELECTRICO;ACTIVO;11/11/2020;2020;BUS;Bogota D.C.;1
ELECTRICO;ACTIVO;12/11/2020;2020;BUS;Bogota D.C.;1
ELECTRICO;ACTIVO;11/11/2020;2020;BUS;Bogota D.C.;1
ELECTRICO;ACTIVO;11/11/2020;2020;BUS;Bogota D.C.;1
ELECTRICO;ACTIVO;3/12/2020;2020;BUS;Bogota D.C.;1
ELECTRICO;ACTIVO;3/12/2020;2020;BUS;Bogota D.C.;1
ELECTRICO;ACTIVO;3/12/2021;2021;MOTOCICLETA;Antioquia;1
ELECTRICO;ACTIVO;29/12/2020;2020;BUS;Valle del Cauca;1
ELECTRICO;ACTIVO;29/12/2020;2020;BUS;Valle del Cauca;1
ELECTRICO;ACTIVO;30/09/2020;2020;AUTOMOVIL;Bogota D.C.;1
ELECTRICO;ACTIVO;22/07/2021;2021;AUTOMOVIL;Casanare;1
ELECTRICO;ACTIVO;4/02/2022;2022;AUTOMOVIL;Bogota D.C.;1
ELECTRICO;ACTIVO;30/11/2021;2021;CAMIONETA;Antioquia;1
ELECTRICO;ACTIVO;30/12/2021;2021;BUS;Bogota D.C.;1
ELECTRICO;ACTIVO;15/01/2022;2022;BUS;Bogota D.C.;1
ELECTRICO;ACTIVO;15/01/2022;2022;BUS;Bogota D.C.;1
ELECTRICO;ACTIVO;15/01/2022;2022;BUS;Bogota D.C.;1
ELECTRICO;ACTIVO;15/01/2022;2022;BUS;Bogota D.C.;1
ELECTRICO;ACTIVO;15/01/2022;2022;BUS;Bogota D.C.;1
ELECTRICO;ACTIVO;15/12/2021;2021;AUTOMOVIL;Antioquia;1
ELECTRICO;ACTIVO;29/11/2021;2021;AUTOMOVIL;Antioquia;1
ELECTRICO;ACTIVO;21/08/2020;2020;TRICIMOTO;Valle del Cauca;1
ELECTRICO;ACTIVO;31/08/2021;2021;CAMIONETA;Bogota D.C.;1
ELECTRICO;ACTIVO;27/01/2021;2021;MOTOTRICICLO;Cundinamarca;1
ELECTRICO;ACTIVO;16/12/2021;2021;AUTOMOVIL;Antioquia;1
ELECTRICO;ACTIVO;29/04/2021;2021;AUTOMOVIL;Antioquia;1
ELECTRICO;ACTIVO;13/05/2021;2021;MOTOTRICICLO;Cundinamarca;1
ELECTRICO;ACTIVO;9/03/2021;2021;TRICIMOTO;Valle del Cauca;1
ELECTRICO;ACTIVO;25/10/2021;2021;AUTOMOVIL;Bogota D.C.;1
ELECTRICO;ACTIVO;25/10/2021;2021;AUTOMOVIL;Bogota D.C.;1
ELECTRICO;ACTIVO;29/07/2021;2021;AUTOMOVIL;Bolivar;1
ELECTRICO;ACTIVO;29/07/2021;2021;AUTOMOVIL;Bolivar;1
ELECTRICO;ACTIVO;13/08/2021;2021;CAMIONETA;Antioquia;1
ELECTRICO;ACTIVO;14/05/2021;2021;MOTOCARRO;Cundinamarca;1
ELECTRICO;ACTIVO;19/05/2021;2021;MOTOCARRO;Cundinamarca;1
ELECTRICO;ACTIVO;14/05/2021;2021;MOTOCARRO;Cundinamarca;1
ELECTRICO;ACTIVO;17/03/2021;2021;MOTOCARRO;Cundinamarca;1
ELECTRICO;ACTIVO;17/03/2021;2021;MOTOCARRO;Cundinamarca;1
ELECTRICO;ACTIVO;28/07/2021;2021;CAMIONETA;Bogota D.C.;1
ELECTRICO;ACTIVO;3/07/2021;2021;TRICIMOTO;Valle del Cauca;1
ELECTRICO;ACTIVO;28/12/2020;2020;CUADRICICLO;Antioquia;1
ELECTRICO;ACTIVO;28/12/2020;2020;CUADRICICLO;Antioquia;1
ELECTRICO;ACTIVO;28/12/2020;2020;CUADRICICLO;Antioquia;1
ELECTRICO;ACTIVO;28/12/2020;2020;CUADRICICLO;Antioquia;1
ELECTRICO;ACTIVO;31/07/2020;2020;CUADRICICLO;Antioquia;1
ELECTRICO;ACTIVO;31/07/2020;2020;CUADRICICLO;Antioquia;1
ELECTRICO;ACTIVO;31/07/2020;2020;CUADRICICLO;Antioquia;1
ELECTRICO;ACTIVO;31/07/2020;2020;CUADRICICLO;Antioquia;1
ELECTRICO;ACTIVO;31/07/2020;2020;CUADRICICLO;Antioquia;1
ELECTRICO;ACTIVO;30/07/2020;2020;CUADRICICLO;Antioquia;1
ELECTRICO;ACTIVO;31/07/2020;2020;CUADRICICLO;Antioquia;1
ELECTRICO;ACTIVO;30/07/2020;2020;CUADRICICLO;Antioquia;1
ELECTRICO;ACTIVO;30/07/2020;2020;CUADRICICLO;Antioquia;1
ELECTRICO;ACTIVO;30/07/2020;2020;CUADRICICLO;Antioquia;1
ELECTRICO;ACTIVO;30/07/2020;2020;CUADRICICLO;Antioquia;1
ELECTRICO;ACTIVO;31/07/2020;2020;CUADRICICLO;Antioquia;1
ELECTRICO;ACTIVO;13/11/2021;2021;CAMIONETA;Norte de Santander;1
ELECTRICO;ACTIVO;3/12/2020;2020;BUS;Bogota D.C.;1
ELECTRICO;ACTIVO;3/12/2020;2020;BUS;Bogota D.C.;1
ELECTRICO;ACTIVO;3/12/2020;2020;BUS;Bogota D.C.;1
ELECTRICO;ACTIVO;3/12/2020;2020;BUS;Bogota D.C.;1
ELECTRICO;ACTIVO;4/12/2020;2020;BUS;Bogota D.C.;1
ELECTRICO;ACTIVO;14/05/2021;2021;MOTOCARRO;Cundinamarca;1
ELECTRICO;ACTIVO;30/06/2021;2021;AUTOMOVIL;Bogota D.C.;1
ELECTRICO;ACTIVO;26/01/2021;2021;AUTOMOVIL;Antioquia;1
ELECTRICO;ACTIVO;8/02/2021;2021;AUTOMOVIL;Cundinamarca;1
ELECTRICO;ACTIVO;27/11/2020;2020;AUTOMOVIL;Antioquia;1
ELECTRICO;ACTIVO;4/12/2020;2020;BUS;Bogota D.C.;1
ELECTRICO;ACTIVO;27/01/2021;2021;CAMIONETA;Antioquia;1
ELECTRICO;ACTIVO;11/02/2022;2022;CAMIONETA;Valle del Cauca;1
ELECTRICO;ACTIVO;3/03/2022;2022;CAMIONETA;Bogota D.C.;1
ELECTRICO;ACTIVO;10/11/2021;2021;MOTOCARRO;Cundinamarca;1
ELECTRICO;ACTIVO;24/01/2020;2020;AUTOMOVIL;Bogota D.C.;1
ELECTRICO;ACTIVO;6/10/2021;2021;CAMIONETA;Cundinamarca;1
ELECTRICO;ACTIVO;15/03/2022;2022;CAMIONETA;Bogota D.C.;1
ELECTRICO;ACTIVO;5/10/2021;2021;CAMIONETA;Valle del Cauca;1
ELECTRICO;ACTIVO;14/02/2022;2022;CAMIONETA;Antioquia;1
ELECTRICO;ACTIVO;31/10/2020;2020;CAMIONETA;Bogota D.C.;1
ELECTRICO;ACTIVO;20/03/2020;2020;CAMIONETA;Antioquia;1
ELECTRICO;ACTIVO;18/12/2021;2021;AUTOMOVIL;Antioquia;1
ELECTRICO;ACTIVO;28/12/2021;2021;CAMIONETA;Bogota D.C.;1
ELECTRICO;ACTIVO;14/12/2021;2021;CAMIONETA;Bogota D.C.;1
ELECTRICO;ACTIVO;27/10/2021;2021;CAMIONETA;Antioquia;1
ELECTRICO;ACTIVO;9/07/2020;2020;CAMION;Antioquia;1
ELECTRICO;ACTIVO;14/12/2020;2020;CAMION;Antioquia;1
ELECTRICO;ACTIVO;9/03/2020;2020;CAMION;Cundinamarca;1
ELECTRICO;ACTIVO;1/02/2021;2021;CAMION;Cundinamarca;1
ELECTRICO;ACTIVO;27/12/2021;2021;AUTOMOVIL;Antioquia;1
ELECTRICO;ACTIVO;30/12/2021;2021;AUTOMOVIL;Antioquia;1
ELECTRICO;ACTIVO;2/10/2021;2021;CUADRICICLO;Bogota D.C.;1
ELECTRICO;ACTIVO;30/09/2021;2021;CUADRICICLO;Bogota D.C.;1
ELECTRICO;ACTIVO;28/01/2022;2022;CAMIONETA;Bogota D.C.;1
ELECTRICO;ACTIVO;2/03/2022;2022;MOTOCICLETA;Antioquia;1
ELECTRICO;ACTIVO;6/08/2021;2021;AUTOMOVIL;Bogota D.C.;1
ELECTRICO;ACTIVO;15/02/2021;2021;AUTOMOVIL;Antioquia;1
ELECTRICO;ACTIVO;26/11/2021;2021;AUTOMOVIL;Cundinamarca;1
ELECTRICO;ACTIVO;5/11/2021;2021;CAMIONETA;Bogota D.C.;1
ELECTRICO;ACTIVO;7/03/2022;2022;CAMIONETA;Cundinamarca;1
ELECTRICO;ACTIVO;28/12/2021;2021;CAMIONETA;Bogota D.C.;1
ELECTRICO;ACTIVO;19/05/2021;2021;MOTOCICLETA;Antioquia;1
ELECTRICO;ACTIVO;17/02/2022;2022;CAMIONETA;Antioquia;1
ELECTRICO;ACTIVO;25/01/2022;2022;AUTOMOVIL;Bogota D.C.;1
ELECTRICO;ACTIVO;27/02/2022;2022;BUS;Bogota D.C.;1
ELECTRICO;ACTIVO;26/02/2022;2022;BUS;Bogota D.C.;1
ELECTRICO;ACTIVO;27/02/2022;2022;BUS;Bogota D.C.;1
ELECTRICO;ACTIVO;17/01/2022;2022;AUTOMOVIL;Bogota D.C.;1
ELECTRICO;ACTIVO;9/02/2022;2022;AUTOMOVIL;Bogota D.C.;1
ELECTRICO;ACTIVO;18/01/2022;2022;CAMIONETA;Bogota D.C.;1
ELECTRICO;ACTIVO;18/01/2022;2022;CAMIONETA;Antioquia;1
ELECTRICO;ACTIVO;9/02/2022;2022;CAMIONETA;Bogota D.C.;1
ELECTRICO;ACTIVO;15/03/2022;2022;CAMIONETA;Antioquia;1
ELECTRICO;ACTIVO;18/01/2022;2022;AUTOMOVIL;Cundinamarca;1
ELECTRICO;ACTIVO;11/02/2022;2022;AUTOMOVIL;Bogota D.C.;1
ELECTRICO;ACTIVO;11/02/2022;2022;AUTOMOVIL;Bogota D.C.;1
ELECTRICO;ACTIVO;17/03/2022;2022;BUS;Bogota D.C.;1
ELECTRICO;ACTIVO;26/02/2022;2022;BUS;Bogota D.C.;1
ELECTRICO;ACTIVO;26/02/2022;2022;BUS;Bogota D.C.;1
ELECTRICO;ACTIVO;16/03/2022;2022;BUS;Bogota D.C.;1
ELECTRICO;ACTIVO;12/03/2022;2022;BUS;Bogota D.C.;1
ELECTRICO;ACTIVO;21/02/2022;2022;AUTOMOVIL;Bogota D.C.;1
ELECTRICO;ACTIVO;11/03/2022;2022;AUTOMOVIL;Antioquia;1
ELECTRICO;ACTIVO;11/03/2022;2022;CAMIONETA;Antioquia;1
ELECTRICO;ACTIVO;11/03/2022;2022;CAMIONETA;Antioquia;1
ELECTRICO;ACTIVO;16/03/2022;2022;BUS;Bogota D.C.;1
ELECTRICO;ACTIVO;14/03/2022;2022;BUS;Bogota D.C.;1
ELECTRICO;ACTIVO;15/03/2022;2022;BUS;Bogota D.C.;1
ELECTRICO;ACTIVO;15/03/2022;2022;BUS;Bogota D.C.;1
ELECTRICO;ACTIVO;15/03/2022;2022;BUS;Bogota D.C.;1
ELECTRICO;ACTIVO;14/03/2022;2022;BUS;Bogota D.C.;1
ELECTRICO;ACTIVO;17/03/2022;2022;CAMIONETA;Antioquia;1
ELECTRICO;ACTIVO;16/03/2022;2022;AUTOMOVIL;Bogota D.C.;1
ELECTRICO;ACTIVO;22/03/2022;2022;AUTOMOVIL;Antioquia;1
ELECTRICO;ACTIVO;21/02/2022;2022;CAMIONETA;Cundinamarca;1
ELECTRICO;ACTIVO;23/03/2022;2022;BUS;Bogota D.C.;1
ELECTRICO;ACTIVO;23/03/2022;2022;BUS;Bogota D.C.;1
ELECTRICO;ACTIVO;23/03/2022;2022;BUS;Bogota D.C.;1
ELECTRICO;ACTIVO;25/03/2022;2022;BUS;Bogota D.C.;1
ELECTRICO;ACTIVO;29/03/2022;2022;CAMIONETA;Bogota D.C.;1
ELECTRICO;ACTIVO;11/02/2022;2022;AUTOMOVIL;Bogota D.C.;1
ELECTRICO;ACTIVO;15/02/2022;2022;AUTOMOVIL;Bogota D.C.;1
ELECTRICO;ACTIVO;14/02/2022;2022;CAMIONETA;Antioquia;1
ELECTRICO;ACTIVO;15/03/2022;2022;BUS;Bogota D.C.;1
ELECTRICO;ACTIVO;26/03/2022;2022;BUS;Bogota D.C.;1
ELECTRICO;ACTIVO;23/03/2022;2022;BUS;Bogota D.C.;1
ELECTRICO;ACTIVO;23/03/2022;2022;BUS;Bogota D.C.;1
ELECTRICO;ACTIVO;9/03/2022;2022;BUS;Bolivar;1
ELECTRICO;ACTIVO;16/02/2022;2022;AUTOMOVIL;Antioquia;1
ELECTRICO;ACTIVO;23/02/2022;2022;BUS;Bogota D.C.;1
ELECTRICO;ACTIVO;11/03/2022;2022;BUS;Bogota D.C.;1
ELECTRICO;ACTIVO;9/02/2022;2022;BUS;Bogota D.C.;1
ELECTRICO;ACTIVO;9/02/2022;2022;BUS;Bogota D.C.;1
ELECTRICO;ACTIVO;28/01/2022;2022;BUS;Bogota D.C.;1
ELECTRICO;ACTIVO;26/01/2022;2022;BUS;Bogota D.C.;1
ELECTRICO;ACTIVO;27/01/2022;2022;BUS;Bogota D.C.;1
ELECTRICO;ACTIVO;25/02/2022;2022;BUS;Bogota D.C.;1
ELECTRICO;ACTIVO;25/02/2022;2022;BUS;Bogota D.C.;1
ELECTRICO;ACTIVO;24/02/2022;2022;BUS;Bogota D.C.;1
ELECTRICO;ACTIVO;28/03/2022;2022;CUADRICICLO;Antioquia;1
ELECTRICO;ACTIVO;16/03/2022;2022;TRICIMOTO;Cundinamarca;1
ELECTRICO;ACTIVO;22/03/2022;2022;CAMIONETA;Santander;1
ELECTRICO;ACTIVO;22/03/2022;2022;CAMIONETA;Santander;1
ELECTRICO;ACTIVO;22/03/2022;2022;CAMIONETA;Santander;1
ELECTRICO;ACTIVO;28/01/2022;2022;BUS;Bogota D.C.;1
ELECTRICO;ACTIVO;28/01/2022;2022;BUS;Bogota D.C.;1
ELECTRICO;ACTIVO;26/01/2022;2022;BUS;Bogota D.C.;1
ELECTRICO;ACTIVO;18/03/2022;2022;CAMIONETA;Bogota D.C.;1
ELECTRICO;ACTIVO;17/02/2022;2022;CAMIONETA;Bogota D.C.;1
ELECTRICO;ACTIVO;11/03/2022;2022;BUS;Bogota D.C.;1
ELECTRICO;ACTIVO;30/03/2022;2022;CUADRICICLO;Antioquia;1
ELECTRICO;ACTIVO;30/03/2022;2022;CUADRICICLO;Antioquia;1
ELECTRICO;ACTIVO;30/03/2022;2022;CUADRICICLO;Antioquia;1
ELECTRICO;ACTIVO;30/03/2022;2022;CUADRICICLO;Antioquia;1
ELECTRICO;ACTIVO;30/03/2022;2022;CUADRICICLO;Antioquia;1
ELECTRICO;ACTIVO;30/03/2022;2022;CUADRICICLO;Antioquia;1
ELECTRICO;ACTIVO;30/03/2022;2022;CUADRICICLO;Antioquia;1
ELECTRICO;ACTIVO;30/03/2022;2022;CUADRICICLO;Antioquia;1
ELECTRICO;ACTIVO;30/03/2022;2022;CUADRICICLO;Antioquia;1
ELECTRICO;ACTIVO;8/02/2019;2019;AUTOMOVIL;Bogota D.C.;1
ELECTRICO;ACTIVO;15/07/2010;2010;MOTOCICLETA;Antioquia;1
ELECTRICO;ACTIVO;8/09/2010;2010;MOTOCICLETA;Bolivar;1
ELECTRICO;ACTIVO;8/09/2010;2010;MOTOCICLETA;Bolivar;1
ELECTRICO;ACTIVO;25/10/2010;2010;CAMIONETA;Cundinamarca;1
ELECTRICO;ACTIVO;30/12/2010;2010;MOTOCICLETA;Bogota D.C.;1
ELECTRICO;ACTIVO;6/04/2011;2011;MOTOCICLETA;Antioquia;1
ELECTRICO;ACTIVO;26/10/2010;2010;CAMIONETA;Cundinamarca;1
ELECTRICO;ACTIVO;2/04/2011;2011;MOTOCICLETA;Bogota D.C.;1
ELECTRICO;ACTIVO;4/11/2010;2010;MOTOCICLETA;Antioquia;1
ELECTRICO;ACTIVO;18/10/2011;2011;CAMIONETA;Cundinamarca;1
ELECTRICO;ACTIVO;18/10/2011;2011;CAMIONETA;Cundinamarca;1
ELECTRICO;ACTIVO;28/07/2011;2011;MOTOCICLETA;Antioquia;1
ELECTRICO;ACTIVO;7/03/2011;2011;MOTOCICLETA;Antioquia;1
ELECTRICO;ACTIVO;19/08/2011;2011;MOTOCICLETA;Antioquia;1
ELECTRICO;ACTIVO;1/06/2011;2011;MOTOCICLETA;Antioquia;1
ELECTRICO;ACTIVO;6/01/2011;2011;MOTOCICLETA;Antioquia;1
ELECTRICO;ACTIVO;18/05/2011;2011;MOTOCICLETA;Antioquia;1
ELECTRICO;ACTIVO;15/07/2011;2011;MOTOCICLETA;Bogota D.C.;1
ELECTRICO;ACTIVO;19/09/2012;2012;MOTOCICLETA;Meta;1
ELECTRICO;ACTIVO;10/10/2012;2012;MOTOCICLETA;Valle del Cauca;1
ELECTRICO;ACTIVO;30/03/2012;2012;MOTOCICLETA;Antioquia;1
ELECTRICO;ACTIVO;3/09/2012;2012;MOTOCICLETA;Valle del Cauca;1
ELECTRICO;ACTIVO;6/09/2012;2012;MOTOCICLETA;Valle del Cauca;1
ELECTRICO;ACTIVO;23/01/2012;2012;AUTOMOVIL;Bogota D.C.;1
ELECTRICO;ACTIVO;7/12/2011;2011;MOTOCICLETA;Bogota D.C.;1
ELECTRICO;ACTIVO;30/07/2012;2012;MOTOCICLETA;Valle del Cauca;1
ELECTRICO;ACTIVO;23/12/2011;2011;MOTOCICLETA;Antioquia;1
ELECTRICO;ACTIVO;21/10/2011;2011;CAMIONETA;Cundinamarca;1
ELECTRICO;ACTIVO;20/06/2012;2012;MOTOCICLETA;Magdalena;1
ELECTRICO;ACTIVO;17/05/2012;2012;MOTOCICLETA;Valle del Cauca;1
ELECTRICO;ACTIVO;23/07/2012;2012;MOTOCICLETA;Choco;1
ELECTRICO;ACTIVO;9/10/2012;2012;MOTOCICLETA;Antioquia;1
ELECTRICO;ACTIVO;30/08/2012;2012;MOTOCICLETA;Antioquia;1
ELECTRICO;ACTIVO;5/10/2012;2012;MOTOCICLETA;Bogota D.C.;1
ELECTRICO;ACTIVO;14/09/2012;2012;MOTOCICLETA;Bogota D.C.;1
ELECTRICO;ACTIVO;31/10/2012;2012;AUTOMOVIL;Bogota D.C.;1
ELECTRICO;ACTIVO;1/10/2012;2012;MOTOCICLETA;Valle del Cauca;1
ELECTRICO;ACTIVO;24/05/2012;2012;MOTOCICLETA;Antioquia;1
ELECTRICO;ACTIVO;27/05/2013;2013;MOTOCICLETA;Antioquia;1
ELECTRICO;ACTIVO;6/12/2012;2012;AUTOMOVIL;Bogota D.C.;1
ELECTRICO;ACTIVO;11/12/2012;2012;AUTOMOVIL;Antioquia;1
ELECTRICO;ACTIVO;11/12/2012;2012;AUTOMOVIL;Antioquia;1
ELECTRICO;ACTIVO;15/08/2013;2013;AUTOMOVIL;Bogota D.C.;1
ELECTRICO;ACTIVO;15/08/2013;2013;AUTOMOVIL;Bogota D.C.;1
ELECTRICO;ACTIVO;2/02/2015;2015;AUTOMOVIL;Bogota D.C.;1
ELECTRICO;ACTIVO;28/02/2013;2013;MOTOCICLETA;Bogota D.C.;1
ELECTRICO;ACTIVO;5/01/2013;2013;MOTOCICLETA;Antioquia;1
ELECTRICO;ACTIVO;24/05/2013;2013;MOTOCICLETA;Bogota D.C.;1
ELECTRICO;ACTIVO;24/05/2013;2013;MOTOCICLETA;Bogota D.C.;1
ELECTRICO;ACTIVO;24/05/2013;2013;MOTOCICLETA;Bogota D.C.;1
ELECTRICO;ACTIVO;23/05/2013;2013;MOTOCICLETA;Bogota D.C.;1
ELECTRICO;ACTIVO;15/03/2013;2013;MOTOCICLETA;Antioquia;1
ELECTRICO;ACTIVO;28/02/2013;2013;MOTOCICLETA;Bogota D.C.;1
ELECTRICO;ACTIVO;2/03/2013;2013;MOTOCICLETA;Bogota D.C.;1
ELECTRICO;ACTIVO;24/05/2013;2013;MOTOCICLETA;Bogota D.C.;1
ELECTRICO;ACTIVO;24/05/2013;2013;MOTOCICLETA;Bogota D.C.;1
ELECTRICO;ACTIVO;24/05/2013;2013;MOTOCICLETA;Bogota D.C.;1
ELECTRICO;ACTIVO;25/05/2013;2013;MOTOCICLETA;Bogota D.C.;1
ELECTRICO;ACTIVO;24/05/2013;2013;MOTOCICLETA;Bogota D.C.;1
ELECTRICO;ACTIVO;8/05/2013;2013;MOTOCICLETA;Bogota D.C.;1
ELECTRICO;ACTIVO;20/12/2013;2013;MOTOCICLETA;Bogota D.C.;1
ELECTRICO;ACTIVO;18/10/2013;2013;MOTOCICLETA;Bogota D.C.;1
ELECTRICO;ACTIVO;14/03/2014;2014;MOTOCICLETA;Bogota D.C.;1
ELECTRICO;ACTIVO;30/11/2013;2013;MOTOCICLETA;Bogota D.C.;1
ELECTRICO;ACTIVO;18/06/2013;2013;MOTOCICLETA;Antioquia;1
ELECTRICO;ACTIVO;11/09/2013;2013;MOTOCICLETA;Bogota D.C.;1
ELECTRICO;ACTIVO;30/04/2015;2015;MOTOCICLETA;Casanare;1
ELECTRICO;ACTIVO;12/07/2013;2013;MOTOCICLETA;Antioquia;1
ELECTRICO;ACTIVO;18/12/2013;2013;MOTOCICLETA;Bogota D.C.;1
ELECTRICO;ACTIVO;3/01/2014;2014;MOTOCICLETA;Valle del Cauca;1
ELECTRICO;ACTIVO;17/06/2013;2013;MOTOCICLETA;Antioquia;1
ELECTRICO;ACTIVO;13/08/2013;2013;MOTOCICLETA;Bogota D.C.;1
ELECTRICO;ACTIVO;24/09/2013;2013;MOTOCICLETA;Valle del Cauca;1
ELECTRICO;ACTIVO;5/02/2015;2015;MOTOCICLETA;Bogota D.C.;1
ELECTRICO;ACTIVO;5/02/2014;2014;MOTOCICLETA;Santander;1
ELECTRICO;ACTIVO;1/04/2014;2014;CAMIONETA;Antioquia;1
ELECTRICO;ACTIVO;23/12/2014;2014;MOTOCICLETA;Valle del Cauca;1
ELECTRICO;ACTIVO;17/12/2014;2014;MOTOCICLETA;Valle del Cauca;1
ELECTRICO;ACTIVO;27/04/2015;2015;MOTOCICLETA;Valle del Cauca;1
ELECTRICO;ACTIVO;25/04/2014;2014;MOTOCICLETA;Santander;1
ELECTRICO;ACTIVO;17/12/2014;2014;MOTOCICLETA;Valle del Cauca;1
ELECTRICO;ACTIVO;4/02/2015;2015;MOTOCICLETA;Valle del Cauca;1
ELECTRICO;ACTIVO;12/06/2014;2014;MOTOCICLETA;Bogota D.C.;1
ELECTRICO;ACTIVO;5/05/2015;2015;MOTOCICLETA;Bogota D.C.;1
ELECTRICO;ACTIVO;28/06/2014;2014;MOTOCICLETA;Antioquia;1
ELECTRICO;ACTIVO;18/12/2014;2014;MOTOCICLETA;Bogota D.C.;1
ELECTRICO;ACTIVO;20/06/2014;2014;MOTOCICLETA;Bogota D.C.;1
ELECTRICO;ACTIVO;28/02/2014;2014;MOTOCICLETA;Bogota D.C.;1
ELECTRICO;ACTIVO;19/12/2014;2014;MOTOCICLETA;Valle del Cauca;1
ELECTRICO;ACTIVO;9/07/2014;2014;MOTOCICLETA;Antioquia;1
ELECTRICO;ACTIVO;18/09/2014;2014;MOTOCICLETA;Valle del Cauca;1
ELECTRICO;ACTIVO;13/02/2015;2015;MOTOCICLETA;Valle del Cauca;1
ELECTRICO;ACTIVO;27/11/2014;2014;MOTOCICLETA;Valle del Cauca;1
ELECTRICO;ACTIVO;19/12/2014;2014;MOTOCICLETA;Valle del Cauca;1
ELECTRICO;ACTIVO;21/10/2014;2014;MOTOCICLETA;Valle del Cauca;1
ELECTRICO;ACTIVO;17/02/2015;2015;MOTOCICLETA;Valle del Cauca;1
ELECTRICO;ACTIVO;14/01/2016;2016;MOTOCICLETA;Bogota D.C.;1
ELECTRICO;ACTIVO;17/01/2015;2015;MOTOCICLETA;Antioquia;1
ELECTRICO;ACTIVO;24/04/2015;2015;MOTOCICLETA;Cundinamarca;1
ELECTRICO;ACTIVO;31/12/2014;2014;MOTOCICLETA;Santander;1
ELECTRICO;ACTIVO;24/10/2014;2014;MOTOCICLETA;Antioquia;1
ELECTRICO;ACTIVO;24/04/2015;2015;MOTOCICLETA;Cundinamarca;1
ELECTRICO;ACTIVO;9/07/2015;2015;AUTOMOVIL;Bogota D.C.;1
ELECTRICO;ACTIVO;24/04/2015;2015;MOTOCICLETA;Bogota D.C.;1
ELECTRICO;ACTIVO;27/04/2015;2015;MOTOCICLETA;Santander;1
ELECTRICO;ACTIVO;11/12/2014;2014;MOTOCICLETA;Santander;1
ELECTRICO;ACTIVO;20/03/2015;2015;MOTOCICLETA;Antioquia;1
ELECTRICO;ACTIVO;29/01/2015;2015;CAMIONETA;Bogota D.C.;1
ELECTRICO;ACTIVO;13/02/2015;2015;MOTOCICLETA;Antioquia;1
ELECTRICO;ACTIVO;8/09/2014;2014;MOTOCICLETA;Huila;1
ELECTRICO;ACTIVO;27/12/2016;2016;MOTOCICLETA;Meta;1
ELECTRICO;ACTIVO;2/12/2015;2015;MOTOCICLETA;Antioquia;1
ELECTRICO;ACTIVO;11/11/2014;2014;MOTOCICLETA;Antioquia;1
ELECTRICO;ACTIVO;19/11/2014;2014;MOTOCICLETA;Cordoba;1
ELECTRICO;ACTIVO;11/12/2014;2014;MOTOCICLETA;Meta;1
ELECTRICO;ACTIVO;3/10/2014;2014;MOTOCICLETA;Cordoba;1
ELECTRICO;ACTIVO;12/11/2014;2014;MOTOCICLETA;Bogota D.C.;1
ELECTRICO;ACTIVO;26/09/2014;2014;MOTOCICLETA;Norte de Santander;1
ELECTRICO;ACTIVO;2/02/2015;2015;MOTOCICLETA;Cordoba;1
ELECTRICO;ACTIVO;18/09/2014;2014;AUTOMOVIL;Bogota D.C.;1
ELECTRICO;ACTIVO;10/12/2014;2014;MOTOCICLETA;Antioquia;1
ELECTRICO;ACTIVO;30/09/2014;2014;MOTOCICLETA;Antioquia;1
ELECTRICO;ACTIVO;1/06/2015;2015;MOTOCICLETA;Valle del Cauca;1
ELECTRICO;ACTIVO;3/02/2015;2015;AUTOMOVIL;Bogota D.C.;1
ELECTRICO;ACTIVO;28/01/2015;2015;AUTOMOVIL;Bogota D.C.;1
ELECTRICO;ACTIVO;26/10/2016;2016;AUTOMOVIL;Risaralda;1
ELECTRICO;ACTIVO;5/06/2015;2015;AUTOMOVIL;Bogota D.C.;1
ELECTRICO;ACTIVO;17/06/2015;2015;AUTOMOVIL;Caldas;1
ELECTRICO;ACTIVO;19/06/2015;2015;AUTOMOVIL;Antioquia;1
ELECTRICO;ACTIVO;30/06/2015;2015;AUTOMOVIL;Antioquia;1
ELECTRICO;ACTIVO;20/04/2017;2017;AUTOMOVIL;Norte de Santander;1
ELECTRICO;ACTIVO;19/01/2016;2016;MOTOCICLETA;Norte de Santander;1
ELECTRICO;ACTIVO;27/10/2015;2015;MOTOCICLETA;Arauca;1
ELECTRICO;ACTIVO;20/05/2015;2015;MOTOCICLETA;Antioquia;1
ELECTRICO;ACTIVO;10/11/2015;2015;MOTOCICLETA;Bogota D.C.;1
ELECTRICO;ACTIVO;19/06/2015;2015;AUTOMOVIL;Bogota D.C.;1
ELECTRICO;ACTIVO;14/08/2015;2015;MOTOCICLETA;Santander;1
ELECTRICO;ACTIVO;5/06/2015;2015;MOTOCICLETA;Valle del Cauca;1
ELECTRICO;ACTIVO;15/09/2016;2016;AUTOMOVIL;Antioquia;1
ELECTRICO;ACTIVO;2/11/2016;2016;AUTOMOVIL;Bogota D.C.;1
ELECTRICO;ACTIVO;30/06/2016;2016;AUTOMOVIL;Bogota D.C.;1
ELECTRICO;ACTIVO;2/08/2016;2016;AUTOMOVIL;Antioquia;1
ELECTRICO;ACTIVO;29/12/2016;2016;AUTOMOVIL;Bogota D.C.;1
ELECTRICO;ACTIVO;1/12/2015;2015;AUTOMOVIL;Bogota D.C.;1
ELECTRICO;ACTIVO;28/11/2015;2015;AUTOMOVIL;Bogota D.C.;1
ELECTRICO;ACTIVO;30/10/2015;2015;AUTOMOVIL;Bogota D.C.;1
ELECTRICO;ACTIVO;6/10/2015;2015;AUTOMOVIL;Antioquia;1
ELECTRICO;ACTIVO;9/11/2015;2015;AUTOMOVIL;Antioquia;1
ELECTRICO;ACTIVO;9/10/2015;2015;AUTOMOVIL;Antioquia;1
ELECTRICO;ACTIVO;7/10/2015;2015;AUTOMOVIL;Bogota D.C.;1
ELECTRICO;ACTIVO;22/10/2015;2015;AUTOMOVIL;Bogota D.C.;1
ELECTRICO;ACTIVO;16/06/2015;2015;MOTOCICLETA;Santander;1
ELECTRICO;ACTIVO;7/09/2015;2015;CAMIONETA;Cundinamarca;1
ELECTRICO;ACTIVO;28/09/2016;2016;AUTOMOVIL;Bogota D.C.;1
ELECTRICO;ACTIVO;5/09/2015;2015;MOTOCICLETA;Valle del Cauca;1
ELECTRICO;ACTIVO;13/01/2016;2016;AUTOMOVIL;Bogota D.C.;1
ELECTRICO;ACTIVO;12/12/2016;2016;AUTOMOVIL;Caldas;1
ELECTRICO;ACTIVO;30/09/2016;2016;AUTOMOVIL;Antioquia;1
ELECTRICO;ACTIVO;21/10/2016;2016;AUTOMOVIL;Antioquia;1
ELECTRICO;ACTIVO;14/12/2016;2016;AUTOMOVIL;Antioquia;1
ELECTRICO;ACTIVO;3/03/2016;2016;AUTOMOVIL;Bogota D.C.;1
ELECTRICO;ACTIVO;30/11/2016;2016;AUTOMOVIL;Antioquia;1
ELECTRICO;ACTIVO;16/12/2016;2016;AUTOMOVIL;Bogota D.C.;1
ELECTRICO;ACTIVO;25/10/2016;2016;AUTOMOVIL;Bogota D.C.;1
ELECTRICO;ACTIVO;30/11/2016;2016;AUTOMOVIL;Antioquia;1
ELECTRICO;ACTIVO;15/12/2015;2015;AUTOMOVIL;Bogota D.C.;1
ELECTRICO;ACTIVO;12/06/2015;2015;AUTOMOVIL;Bogota D.C.;1
ELECTRICO;ACTIVO;12/06/2015;2015;AUTOMOVIL;Bogota D.C.;1
ELECTRICO;ACTIVO;17/06/2015;2015;AUTOMOVIL;Bogota D.C.;1
ELECTRICO;ACTIVO;7/10/2015;2015;AUTOMOVIL;Bogota D.C.;1
ELECTRICO;ACTIVO;25/09/2015;2015;CAMIONETA;Bogota D.C.;1
ELECTRICO;ACTIVO;16/07/2015;2015;MOTOCICLETA;Antioquia;1
ELECTRICO;ACTIVO;29/10/2015;2015;MOTOCICLETA;Valle del Cauca;1
ELECTRICO;ACTIVO;14/12/2015;2015;MOTOCICLETA;Bogota D.C.;1
ELECTRICO;ACTIVO;1/12/2015;2015;MOTOCICLETA;Santander;1
ELECTRICO;ACTIVO;28/11/2015;2015;MOTOCICLETA;Santander;1
ELECTRICO;ACTIVO;16/10/2015;2015;MOTOCICLETA;Santander;1
ELECTRICO;ACTIVO;27/10/2015;2015;AUTOMOVIL;Caldas;1
ELECTRICO;ACTIVO;11/09/2015;2015;AUTOMOVIL;Bolivar;1
ELECTRICO;ACTIVO;15/07/2015;2015;AUTOMOVIL;Antioquia;1
ELECTRICO;ACTIVO;29/10/2015;2015;AUTOMOVIL;Bogota D.C.;1
ELECTRICO;ACTIVO;18/08/2015;2015;MOTOCICLETA;Santander;1
ELECTRICO;ACTIVO;17/12/2015;2015;MOTOCICLETA;Risaralda;1
ELECTRICO;ACTIVO;16/09/2015;2015;AUTOMOVIL;Bogota D.C.;1
ELECTRICO;ACTIVO;19/09/2015;2015;AUTOMOVIL;Bogota D.C.;1
ELECTRICO;ACTIVO;11/11/2015;2015;MOTOCICLETA;Santander;1
ELECTRICO;ACTIVO;28/01/2016;2016;AUTOMOVIL;Bogota D.C.;1
ELECTRICO;ACTIVO;4/09/2015;2015;MOTOCICLETA;Caqueta;1
ELECTRICO;ACTIVO;23/10/2015;2015;AUTOMOVIL;Antioquia;1
ELECTRICO;ACTIVO;10/11/2016;2016;MOTOCARRO;Cundinamarca;1
ELECTRICO;ACTIVO;10/11/2016;2016;MOTOCARRO;Cundinamarca;1
ELECTRICO;ACTIVO;10/11/2016;2016;MOTOCARRO;Cundinamarca;1
ELECTRICO;ACTIVO;10/03/2017;2017;AUTOMOVIL;Antioquia;1
ELECTRICO;ACTIVO;12/08/2016;2016;MOTOCARRO;Cundinamarca;1
ELECTRICO;ACTIVO;12/08/2016;2016;MOTOCARRO;Cundinamarca;1
ELECTRICO;ACTIVO;14/06/2016;2016;MOTOCICLETA;Caldas;1
ELECTRICO;ACTIVO;19/10/2016;2016;MOTOCICLETA;Valle del Cauca;1
ELECTRICO;ACTIVO;12/05/2017;2017;MOTOCICLETA;Valle del Cauca;1
ELECTRICO;ACTIVO;10/11/2016;2016;MOTOCARRO;Cundinamarca;1
ELECTRICO;ACTIVO;11/10/2016;2016;MOTOCARRO;Cundinamarca;1
ELECTRICO;ACTIVO;28/07/2016;2016;MOTOCICLETA;Caldas;1
ELECTRICO;ACTIVO;25/02/2016;2016;MOTOCICLETA;Antioquia;1
ELECTRICO;ACTIVO;2/02/2016;2016;MOTOCICLETA;Norte de Santander;1
ELECTRICO;ACTIVO;1/03/2016;2016;MOTOCICLETA;Antioquia;1
ELECTRICO;ACTIVO;11/10/2016;2016;MOTOCARRO;Cundinamarca;1
ELECTRICO;ACTIVO;6/02/2017;2017;CAMIONETA;Cundinamarca;1
ELECTRICO;ACTIVO;16/07/2016;2016;CAMIONETA;Bogota D.C.;1
ELECTRICO;ACTIVO;18/07/2016;2016;CAMIONETA;Cundinamarca;1
ELECTRICO;ACTIVO;4/11/2016;2016;MOTOCICLETA;Antioquia;1
ELECTRICO;ACTIVO;11/10/2016;2016;MOTOCARRO;Cundinamarca;1
ELECTRICO;ACTIVO;10/10/2016;2016;MOTOCICLETA;Antioquia;1
ELECTRICO;ACTIVO;20/02/2017;2017;CAMIONETA;Antioquia;1
ELECTRICO;ACTIVO;10/11/2016;2016;MOTOCARRO;Cundinamarca;1
ELECTRICO;ACTIVO;13/07/2016;2016;MOTOCICLETA;Santander;1
ELECTRICO;ACTIVO;9/08/2016;2016;MOTOCICLETA;Antioquia;1
ELECTRICO;ACTIVO;11/10/2016;2016;MOTOCARRO;Cundinamarca;1
ELECTRICO;ACTIVO;4/03/2016;2016;MOTOCICLETA;Antioquia;1
ELECTRICO;ACTIVO;7/04/2016;2016;MOTOCICLETA;Antioquia;1
ELECTRICO;ACTIVO;5/08/2016;2016;MOTOCICLETA;Antioquia;1
ELECTRICO;ACTIVO;27/06/2016;2016;MOTOCICLETA;Risaralda;1
ELECTRICO;ACTIVO;31/08/2017;2017;AUTOMOVIL;Bogota D.C.;1
ELECTRICO;ACTIVO;14/12/2016;2016;MOTOCICLETA;Antioquia;1
ELECTRICO;ACTIVO;8/06/2017;2017;MOTOCICLETA;Antioquia;1
ELECTRICO;ACTIVO;28/11/2016;2016;MOTOCICLETA;Antioquia;1
ELECTRICO;ACTIVO;4/09/2017;2017;MOTOCICLETA;Antioquia;1
ELECTRICO;ACTIVO;19/08/2017;2017;MOTOCICLETA;Antioquia;1
ELECTRICO;ACTIVO;29/07/2017;2017;MOTOCICLETA;Antioquia;1
ELECTRICO;ACTIVO;31/08/2017;2017;AUTOMOVIL;Bogota D.C.;1
ELECTRICO;ACTIVO;15/06/2017;2017;BUS;Antioquia;1
ELECTRICO;ACTIVO;22/08/2017;2017;MOTOCICLETA;Antioquia;1
ELECTRICO;ACTIVO;8/09/2017;2017;AUTOMOVIL;Bogota D.C.;1
ELECTRICO;ACTIVO;10/05/2017;2017;MOTOCICLETA;Valle del Cauca;1
ELECTRICO;ACTIVO;26/01/2017;2017;MOTOCICLETA;Valle del Cauca;1
ELECTRICO;ACTIVO;30/05/2017;2017;CAMIONETA;Bogota D.C.;1
ELECTRICO;ACTIVO;23/01/2017;2017;MOTOCICLETA;Santander;1
ELECTRICO;ACTIVO;12/01/2017;2017;MOTOCICLETA;Antioquia;1
ELECTRICO;ACTIVO;8/06/2017;2017;MOTOCICLETA;Valle del Cauca;1
ELECTRICO;ACTIVO;28/09/2017;2017;AUTOMOVIL;Bogota D.C.;1
ELECTRICO;ACTIVO;11/11/2016;2016;MOTOCICLETA;Antioquia;1
ELECTRICO;ACTIVO;28/07/2017;2017;MOTOCICLETA;Valle del Cauca;1
ELECTRICO;ACTIVO;31/03/2017;2017;MOTOCICLETA;Antioquia;1
ELECTRICO;ACTIVO;15/03/2017;2017;AUTOMOVIL;Antioquia;1
ELECTRICO;ACTIVO;15/03/2017;2017;AUTOMOVIL;Bogota D.C.;1
ELECTRICO;ACTIVO;15/03/2017;2017;AUTOMOVIL;Antioquia;1
ELECTRICO;ACTIVO;18/11/2016;2016;MOTOCICLETA;Antioquia;1
ELECTRICO;ACTIVO;30/01/2018;2018;CUADRICICLO;Bogota D.C.;1
ELECTRICO;ACTIVO;21/07/2018;2018;AUTOMOVIL;Antioquia;1
ELECTRICO;ACTIVO;22/06/2018;2018;CAMIONETA;Antioquia;1
ELECTRICO;ACTIVO;24/02/2018;2018;CUADRICICLO;Bogota D.C.;1
ELECTRICO;ACTIVO;4/07/2018;2018;AUTOMOVIL;Bogota D.C.;1
ELECTRICO;ACTIVO;29/11/2021;2021;AUTOMOVIL;Caldas;1
ELECTRICO;ACTIVO;20/05/2019;2019;AUTOMOVIL;Antioquia;1
ELECTRICO;ACTIVO;1/06/2019;2019;AUTOMOVIL;Antioquia;1
ELECTRICO;ACTIVO;18/12/2018;2018;AUTOMOVIL;Antioquia;1
ELECTRICO;ACTIVO;28/12/2018;2018;AUTOMOVIL;Antioquia;1
ELECTRICO;ACTIVO;23/10/2017;2017;CUADRICICLO;Bogota D.C.;1
ELECTRICO;ACTIVO;1/02/2019;2019;MOTOCICLETA;Valle del Cauca;1
ELECTRICO;ACTIVO;7/12/2018;2018;AUTOMOVIL;Bogota D.C.;1
ELECTRICO;ACTIVO;27/10/2018;2018;AUTOMOVIL;Antioquia;1
ELECTRICO;ACTIVO;5/12/2018;2018;CUADRICICLO;Antioquia;1
ELECTRICO;ACTIVO;13/03/2019;2019;CUADRICICLO;Bogota D.C.;1
ELECTRICO;ACTIVO;8/06/2018;2018;AUTOMOVIL;Bogota D.C.;1
ELECTRICO;ACTIVO;18/06/2018;2018;CUADRICICLO;Bogota D.C.;1
ELECTRICO;ACTIVO;22/11/2018;2018;AUTOMOVIL;Bogota D.C.;1
ELECTRICO;ACTIVO;28/02/2019;2019;CUADRICICLO;Bogota D.C.;1
ELECTRICO;ACTIVO;21/09/2018;2018;AUTOMOVIL;Antioquia;1
ELECTRICO;ACTIVO;31/07/2019;2019;AUTOMOVIL;Cundinamarca;1
ELECTRICO;ACTIVO;28/11/2018;2018;AUTOMOVIL;Bogota D.C.;1
ELECTRICO;ACTIVO;12/05/2018;2018;MOTOCICLETA;Antioquia;1
ELECTRICO;ACTIVO;8/11/2018;2018;CAMIONETA;Bogota D.C.;1
ELECTRICO;ACTIVO;19/11/2018;2018;AUTOMOVIL;Bogota D.C.;1
ELECTRICO;ACTIVO;30/01/2018;2018;CUADRICICLO;Bogota D.C.;1
ELECTRICO;ACTIVO;24/01/2018;2018;CUADRICICLO;Bogota D.C.;1
ELECTRICO;ACTIVO;20/03/2019;2019;CUADRICICLO;Bogota D.C.;1
ELECTRICO;ACTIVO;28/02/2019;2019;CUADRICICLO;Bogota D.C.;1
ELECTRICO;ACTIVO;28/02/2019;2019;CUADRICICLO;Cundinamarca;1
ELECTRICO;ACTIVO;19/03/2019;2019;CUADRICICLO;Bogota D.C.;1
ELECTRICO;ACTIVO;14/07/2020;2020;AUTOMOVIL;Cundinamarca;1
ELECTRICO;ACTIVO;20/02/2019;2019;CAMIONETA;Cundinamarca;1
ELECTRICO;ACTIVO;20/02/2019;2019;CAMIONETA;Cundinamarca;1
ELECTRICO;ACTIVO;29/06/2018;2018;CUADRICICLO;Antioquia;1
ELECTRICO;ACTIVO;26/05/2018;2018;CAMIONETA;Antioquia;1
ELECTRICO;ACTIVO;28/11/2018;2018;AUTOMOVIL;Bogota D.C.;1
ELECTRICO;ACTIVO;8/03/2018;2018;BUS;Antioquia;1
ELECTRICO;ACTIVO;5/06/2018;2018;AUTOMOVIL;Quindio;1
ELECTRICO;ACTIVO;4/04/2018;2018;MOTOCICLETA;Antioquia;1
ELECTRICO;ACTIVO;15/02/2019;2019;AUTOMOVIL;Bogota D.C.;1
ELECTRICO;ACTIVO;5/04/2019;2019;CUADRICICLO;Bogota D.C.;1
ELECTRICO;ACTIVO;17/12/2018;2018;CAMIONETA;Antioquia;1
ELECTRICO;ACTIVO;17/07/2018;2018;AUTOMOVIL;Bogota D.C.;1
ELECTRICO;ACTIVO;12/12/2018;2018;AUTOMOVIL;Antioquia;1
ELECTRICO;ACTIVO;1/06/2018;2018;CUADRICICLO;Bogota D.C.;1
ELECTRICO;ACTIVO;5/10/2017;2017;MOTOCICLETA;Antioquia;1
ELECTRICO;ACTIVO;6/03/2019;2019;CUADRICICLO;Bogota D.C.;1
ELECTRICO;ACTIVO;18/12/2018;2018;CUADRICICLO;Bogota D.C.;1
ELECTRICO;ACTIVO;29/12/2018;2018;CUADRICICLO;Bogota D.C.;1
ELECTRICO;ACTIVO;8/06/2018;2018;AUTOMOVIL;Antioquia;1
ELECTRICO;ACTIVO;9/10/2018;2018;AUTOMOVIL;Caldas;1
ELECTRICO;ACTIVO;1/11/2018;2018;CAMION;Antioquia;1
ELECTRICO;ACTIVO;12/10/2017;2017;CUADRICICLO;Bogota D.C.;1
ELECTRICO;ACTIVO;15/01/2019;2019;CUADRICICLO;Antioquia;1
ELECTRICO;ACTIVO;15/01/2019;2019;CUADRICICLO;Antioquia;1
ELECTRICO;ACTIVO;22/11/2018;2018;AUTOMOVIL;Antioquia;1
ELECTRICO;ACTIVO;28/11/2018;2018;AUTOMOVIL;Bogota D.C.;1
ELECTRICO;ACTIVO;30/11/2018;2018;AUTOMOVIL;Antioquia;1
ELECTRICO;ACTIVO;16/11/2018;2018;AUTOMOVIL;Antioquia;1
ELECTRICO;ACTIVO;17/07/2018;2018;AUTOMOVIL;Bogota D.C.;1
ELECTRICO;ACTIVO;8/02/2018;2018;AUTOMOVIL;Antioquia;1
ELECTRICO;ACTIVO;29/09/2018;2018;AUTOMOVIL;Bogota D.C.;1
ELECTRICO;ACTIVO;29/01/2019;2019;AUTOMOVIL;Bogota D.C.;1
ELECTRICO;ACTIVO;23/03/2018;2018;AUTOMOVIL;Bogota D.C.;1
ELECTRICO;ACTIVO;8/02/2018;2018;AUTOMOVIL;Bogota D.C.;1
ELECTRICO;ACTIVO;9/04/2019;2019;AUTOMOVIL;Bogota D.C.;1
ELECTRICO;ACTIVO;4/09/2018;2018;CUADRICICLO;Bogota D.C.;1
ELECTRICO;ACTIVO;16/08/2018;2018;CUADRICICLO;Antioquia;1
ELECTRICO;ACTIVO;18/12/2018;2018;CUADRICICLO;Santander;1
ELECTRICO;ACTIVO;7/09/2018;2018;CUADRICICLO;Antioquia;1
ELECTRICO;ACTIVO;15/12/2018;2018;AUTOMOVIL;Bogota D.C.;1
ELECTRICO;ACTIVO;15/02/2018;2018;CUADRICICLO;Antioquia;1
ELECTRICO;ACTIVO;19/09/2018;2018;MOTOCICLETA;Valle del Cauca;1
ELECTRICO;ACTIVO;29/11/2018;2018;AUTOMOVIL;Bogota D.C.;1
ELECTRICO;ACTIVO;18/09/2018;2018;AUTOMOVIL;Bogota D.C.;1
ELECTRICO;ACTIVO;28/03/2018;2018;AUTOMOVIL;Antioquia;1
ELECTRICO;ACTIVO;28/03/2018;2018;AUTOMOVIL;Antioquia;1
ELECTRICO;ACTIVO;11/09/2018;2018;CUADRICICLO;Bogota D.C.;1
ELECTRICO;ACTIVO;16/08/2018;2018;AUTOMOVIL;Bogota D.C.;1
ELECTRICO;ACTIVO;26/06/2018;2018;CUADRICICLO;Bogota D.C.;1
ELECTRICO;ACTIVO;26/10/2017;2017;AUTOMOVIL;Antioquia;1
ELECTRICO;ACTIVO;3/10/2018;2018;CAMIONETA;Antioquia;1
ELECTRICO;ACTIVO;3/10/2018;2018;CAMIONETA;Antioquia;1
ELECTRICO;ACTIVO;15/11/2018;2018;AUTOMOVIL;Bogota D.C.;1
ELECTRICO;ACTIVO;29/03/2019;2019;AUTOMOVIL;Bogota D.C.;1
ELECTRICO;ACTIVO;19/12/2018;2018;CUADRICICLO;Antioquia;1
ELECTRICO;ACTIVO;30/11/2018;2018;CUADRICICLO;Antioquia;1
ELECTRICO;ACTIVO;1/07/2015;2015;AUTOMOVIL;Quindio;1
ELECTRICO;ACTIVO;5/01/2016;2016;AUTOMOVIL;Valle del Cauca;1
ELECTRICO;ACTIVO;25/08/2015;2015;AUTOMOVIL;Bogota D.C.;1
ELECTRICO;ACTIVO;29/07/2016;2016;AUTOMOVIL;Bogota D.C.;1
ELECTRICO;ACTIVO;19/10/2015;2015;AUTOMOVIL;Bogota D.C.;1
ELECTRICO;ACTIVO;28/10/2015;2015;AUTOMOVIL;Antioquia;1
ELECTRICO;ACTIVO;22/01/2015;2015;CAMIONETA;Bogota D.C.;1
ELECTRICO;ACTIVO;24/02/2017;2017;MOTOCICLETA;Antioquia;1
ELECTRICO;ACTIVO;24/01/2015;2015;MOTOCICLETA;Valle del Cauca;1
ELECTRICO;ACTIVO;29/08/2014;2014;MOTOCICLETA;Santander;1
ELECTRICO;ACTIVO;4/03/2016;2016;MOTOCICLETA;Antioquia;1
ELECTRICO;ACTIVO;11/12/2012;2012;AUTOMOVIL;Antioquia;1
ELECTRICO;ACTIVO;2/11/2010;2010;MOTOCICLETA;Antioquia;1
ELECTRICO;ACTIVO;18/06/2015;2015;MOTOCICLETA;Bogota D.C.;1
ELECTRICO;ACTIVO;25/03/2010;2010;AUTOMOVIL;Bolivar;1
ELECTRICO;ACTIVO;11/02/2021;2021;TRICIMOTO;Valle del Cauca;1
ELECTRICO;ACTIVO;13/10/2020;2020;TRICIMOTO;Caldas;1
ELECTRICO;ACTIVO;11/11/2020;2020;BUS;Bogota D.C.;1
ELECTRICO;ACTIVO;11/11/2020;2020;BUS;Bogota D.C.;1
ELECTRICO;ACTIVO;15/04/2021;2021;AUTOMOVIL;Bogota D.C.;1
ELECTRICO;ACTIVO;21/07/2021;2021;AUTOMOVIL;Santander;1
ELECTRICO;ACTIVO;27/10/2021;2021;CAMIONETA;Antioquia;1
ELECTRICO;ACTIVO;19/06/2021;2021;MOTOCICLETA;Cundinamarca;1
ELECTRICO;ACTIVO;2/11/2019;2019;AUTOMOVIL;Bogota D.C.;1
ELECTRICO;ACTIVO;17/03/2020;2020;AUTOMOVIL;Bogota D.C.;1
ELECTRICO;ACTIVO;29/10/2019;2019;AUTOMOVIL;Antioquia;1
ELECTRICO;ACTIVO;24/10/2019;2019;AUTOMOVIL;Bogota D.C.;1
ELECTRICO;ACTIVO;16/01/2020;2020;AUTOMOVIL;Bogota D.C.;1
ELECTRICO;ACTIVO;7/09/2020;2020;TRICIMOTO;Atlantico;1
ELECTRICO;ACTIVO;5/11/2020;2020;BUS;Bogota D.C.;1
ELECTRICO;ACTIVO;5/11/2020;2020;BUS;Bogota D.C.;1
ELECTRICO;ACTIVO;5/11/2020;2020;BUS;Bogota D.C.;1
ELECTRICO;ACTIVO;8/04/2019;2019;CAMIONETA;Antioquia;1
ELECTRICO;ACTIVO;11/06/2021;2021;MOTOTRICICLO;Cundinamarca;1
ELECTRICO;ACTIVO;9/11/2021;2021;AUTOMOVIL;Valle del Cauca;1
ELECTRICO;ACTIVO;6/10/2020;2020;AUTOMOVIL;Bogota D.C.;1
ELECTRICO;ACTIVO;12/05/2021;2021;CAMIONETA;Antioquia;1
ELECTRICO;ACTIVO;26/11/2021;2021;CAMIONETA;Bogota D.C.;1
ELECTRICO;ACTIVO;21/05/2021;2021;CAMIONETA;Antioquia;1
ELECTRICO;ACTIVO;26/02/2021;2021;CAMIONETA;Bogota D.C.;1
ELECTRICO;ACTIVO;22/04/2021;2021;CAMIONETA;Bogota D.C.;1
ELECTRICO;ACTIVO;18/03/2021;2021;MOTOTRICICLO;Valle del Cauca;1
ELECTRICO;ACTIVO;27/10/2020;2020;CUADRICICLO;Antioquia;1
ELECTRICO;ACTIVO;25/10/2021;2021;MOTOCARRO;Cundinamarca;1
ELECTRICO;ACTIVO;20/01/2021;2021;MOTOCARRO;Cundinamarca;1
ELECTRICO;ACTIVO;16/12/2020;2020;MOTOCARRO;Antioquia;1
ELECTRICO;ACTIVO;7/01/2020;2020;TRICIMOTO;Cordoba;1
ELECTRICO;ACTIVO;23/09/2020;2020;MOTOCICLETA;Valle del Cauca;1
ELECTRICO;ACTIVO;11/06/2021;2021;AUTOMOVIL;Bogota D.C.;1
ELECTRICO;ACTIVO;24/11/2021;2021;CAMION;Antioquia;1
ELECTRICO;ACTIVO;10/12/2020;2020;CAMION;Antioquia;1
ELECTRICO;ACTIVO;11/12/2020;2020;CAMION;Antioquia;1
ELECTRICO;ACTIVO;24/11/2021;2021;CAMION;Antioquia;1
ELECTRICO;ACTIVO;25/11/2021;2021;CAMION;Antioquia;1
ELECTRICO;ACTIVO;29/07/2019;2019;AUTOMOVIL;Antioquia;1
ELECTRICO;ACTIVO;14/08/2019;2019;AUTOMOVIL;Bogota D.C.;1
ELECTRICO;ACTIVO;10/12/2019;2019;AUTOMOVIL;Bogota D.C.;1
ELECTRICO;ACTIVO;30/12/2019;2019;AUTOMOVIL;Meta;1
ELECTRICO;ACTIVO;21/01/2020;2020;CAMION;Cundinamarca;1
ELECTRICO;ACTIVO;9/12/2019;2019;CAMION;Cundinamarca;1
ELECTRICO;ACTIVO;18/02/2020;2020;CAMION;Cundinamarca;1
ELECTRICO;ACTIVO;9/12/2019;2019;CAMION;Cundinamarca;1
ELECTRICO;ACTIVO;9/12/2019;2019;CAMION;Cundinamarca;1
ELECTRICO;ACTIVO;21/01/2020;2020;CAMION;Cundinamarca;1
ELECTRICO;ACTIVO;19/12/2019;2019;CAMION;Antioquia;1
ELECTRICO;ACTIVO;28/02/2020;2020;AUTOMOVIL;Antioquia;1
ELECTRICO;ACTIVO;6/02/2020;2020;AUTOMOVIL;Antioquia;1
ELECTRICO;ACTIVO;7/10/2019;2019;AUTOMOVIL;Bogota D.C.;1
ELECTRICO;ACTIVO;31/01/2020;2020;AUTOMOVIL;Bogota D.C.;1
ELECTRICO;ACTIVO;30/09/2019;2019;AUTOMOVIL;Bogota D.C.;1
ELECTRICO;ACTIVO;21/02/2020;2020;CAMIONETA;Bogota D.C.;1
ELECTRICO;ACTIVO;27/01/2020;2020;MOTOCICLETA;Bogota D.C.;1
ELECTRICO;ACTIVO;29/02/2020;2020;AUTOMOVIL;Bogota D.C.;1
ELECTRICO;ACTIVO;18/03/2020;2020;AUTOMOVIL;Bogota D.C.;1
ELECTRICO;ACTIVO;28/02/2020;2020;AUTOMOVIL;Bogota D.C.;1
ELECTRICO;ACTIVO;3/11/2020;2020;BUS;Bogota D.C.;1
ELECTRICO;ACTIVO;9/11/2020;2020;BUS;Bogota D.C.;1
ELECTRICO;ACTIVO;9/11/2020;2020;BUS;Bogota D.C.;1
ELECTRICO;ACTIVO;9/11/2020;2020;BUS;Bogota D.C.;1
ELECTRICO;ACTIVO;9/11/2020;2020;BUS;Bogota D.C.;1
ELECTRICO;ACTIVO;10/11/2020;2020;BUS;Bogota D.C.;1
ELECTRICO;ACTIVO;10/11/2020;2020;BUS;Bogota D.C.;1
ELECTRICO;ACTIVO;10/11/2020;2020;BUS;Bogota D.C.;1
ELECTRICO;ACTIVO;11/11/2020;2020;BUS;Bogota D.C.;1
ELECTRICO;ACTIVO;11/11/2020;2020;BUS;Bogota D.C.;1
ELECTRICO;ACTIVO;19/09/2019;2019;TRICIMOTO;Valle del Cauca;1
ELECTRICO;ACTIVO;19/07/2019;2019;TRICIMOTO;Antioquia;1
ELECTRICO;ACTIVO;11/10/2019;2019;TRICIMOTO;Valle del Cauca;1
ELECTRICO;ACTIVO;17/03/2020;2020;AUTOMOVIL;Antioquia;1
ELECTRICO;ACTIVO;11/12/2019;2019;AUTOMOVIL;Bogota D.C.;1
ELECTRICO;ACTIVO;31/10/2019;2019;AUTOMOVIL;Bogota D.C.;1
ELECTRICO;ACTIVO;8/07/2019;2019;AUTOMOVIL;Cauca;1
ELECTRICO;ACTIVO;25/05/2019;2019;AUTOMOVIL;Bogota D.C.;1
ELECTRICO;ACTIVO;20/09/2019;2019;AUTOMOVIL;Antioquia;1
ELECTRICO;ACTIVO;20/09/2019;2019;AUTOMOVIL;Antioquia;1
ELECTRICO;ACTIVO;30/11/2019;2019;AUTOMOVIL;Bogota D.C.;1
ELECTRICO;ACTIVO;23/08/2019;2019;AUTOMOVIL;Antioquia;1
ELECTRICO;ACTIVO;24/04/2019;2019;AUTOMOVIL;Antioquia;1
ELECTRICO;ACTIVO;6/05/2019;2019;CUADRICICLO;Bogota D.C.;1
ELECTRICO;ACTIVO;11/10/2019;2019;CUADRICICLO;Bogota D.C.;1
ELECTRICO;ACTIVO;29/05/2019;2019;CUADRICICLO;Bogota D.C.;1
ELECTRICO;ACTIVO;17/04/2019;2019;CUADRICICLO;Bogota D.C.;1
ELECTRICO;ACTIVO;16/04/2019;2019;CUADRICICLO;Antioquia;1
ELECTRICO;ACTIVO;26/09/2019;2019;CAMION;Cundinamarca;1
ELECTRICO;ACTIVO;13/09/2019;2019;CAMION;Cundinamarca;1
ELECTRICO;ACTIVO;26/09/2019;2019;CAMION;Cundinamarca;1
ELECTRICO;ACTIVO;13/09/2019;2019;CAMION;Cundinamarca;1
ELECTRICO;ACTIVO;10/07/2021;2021;CUADRICICLO;Cundinamarca;1
ELECTRICO;ACTIVO;11/10/2019;2019;AUTOMOVIL;Bogota D.C.;1
ELECTRICO;ACTIVO;10/11/2021;2021;AUTOMOVIL;Valle del Cauca;1
ELECTRICO;ACTIVO;12/09/2019;2019;AUTOMOVIL;Antioquia;1
ELECTRICO;ACTIVO;13/01/2021;2021;MOTOCICLETA;Antioquia;1
ELECTRICO;ACTIVO;5/10/2020;2020;AUTOMOVIL;Boyaca;1
ELECTRICO;ACTIVO;1/04/2019;2019;AUTOMOVIL;Antioquia;1
ELECTRICO;ACTIVO;24/06/2020;2020;AUTOMOVIL;Cundinamarca;1
ELECTRICO;ACTIVO;13/06/2019;2019;AUTOMOVIL;Antioquia;1
ELECTRICO;ACTIVO;8/06/2019;2019;AUTOMOVIL;Antioquia;1
ELECTRICO;ACTIVO;30/04/2019;2019;AUTOMOVIL;Antioquia;1
ELECTRICO;ACTIVO;17/05/2019;2019;AUTOMOVIL;Bogota D.C.;1
ELECTRICO;ACTIVO;15/04/2019;2019;CAMIONETA;Antioquia;1
ELECTRICO;ACTIVO;16/05/2019;2019;CAMIONETA;Bogota D.C.;1
ELECTRICO;ACTIVO;24/06/2020;2020;CAMIONETA;Antioquia;1
ELECTRICO;ACTIVO;10/06/2020;2020;CAMIONETA;Antioquia;1
ELECTRICO;ACTIVO;4/01/2017;2017;MOTOCICLETA;Antioquia;1
ELECTRICO;ACTIVO;27/06/2017;2017;MOTOCICLETA;Antioquia;1
ELECTRICO;ACTIVO;24/02/2021;2021;AUTOMOVIL;Cundinamarca;1
ELECTRICO;ACTIVO;22/02/2022;2022;AUTOMOVIL;Bogota D.C.;1
ELECTRICO;ACTIVO;28/02/2020;2020;AUTOMOVIL;Bogota D.C.;1
ELECTRICO;ACTIVO;26/02/2021;2021;AUTOMOVIL;Antioquia;1
ELECTRICO;ACTIVO;2/10/2020;2020;AUTOMOVIL;Antioquia;1
ELECTRICO;ACTIVO;3/05/2019;2019;AUTOMOVIL;Bogota D.C.;1
ELECTRICO;ACTIVO;26/02/2021;2021;AUTOMOVIL;Antioquia;1
ELECTRICO;ACTIVO;26/02/2021;2021;AUTOMOVIL;Antioquia;1
ELECTRICO;ACTIVO;25/01/2021;2021;CAMIONETA;Bogota D.C.;1
ELECTRICO;ACTIVO;1/09/2020;2020;CAMIONETA;Bogota D.C.;1
ELECTRICO;ACTIVO;9/01/2020;2020;CUADRICICLO;Antioquia;1
ELECTRICO;ACTIVO;30/12/2019;2019;CUADRICICLO;Antioquia;1
ELECTRICO;ACTIVO;9/06/2021;2021;CUADRICICLO;Cundinamarca;1
ELECTRICO;ACTIVO;30/11/2020;2020;CUADRICICLO;Valle del Cauca;1
ELECTRICO;ACTIVO;12/07/2021;2021;CUADRICICLO;Caldas;1
ELECTRICO;ACTIVO;26/06/2021;2021;CUADRICICLO;Bogota D.C.;1
ELECTRICO;ACTIVO;31/05/2021;2021;CUADRICICLO;Bogota D.C.;1
ELECTRICO;ACTIVO;15/12/2020;2020;CAMIONETA;Cundinamarca;1
ELECTRICO;ACTIVO;15/12/2020;2020;CAMIONETA;Cundinamarca;1
ELECTRICO;ACTIVO;15/12/2020;2020;CAMIONETA;Cundinamarca;1
ELECTRICO;ACTIVO;27/12/2019;2019;MOTOCICLETA;Cundinamarca;1
ELECTRICO;ACTIVO;22/04/2019;2019;AUTOMOVIL;Bogota D.C.;1
ELECTRICO;ACTIVO;9/03/2020;2020;TRICIMOTO;Valle del Cauca;1
ELECTRICO;ACTIVO;26/07/2019;2019;AUTOMOVIL;Quindio;1
ELECTRICO;ACTIVO;1/09/2020;2020;CAMIONETA;Huila;1
ELECTRICO;ACTIVO;26/08/2020;2020;CAMIONETA;Antioquia;1
ELECTRICO;ACTIVO;9/12/2020;2020;CAMIONETA;Antioquia;1
ELECTRICO;ACTIVO;21/10/2020;2020;CAMIONETA;Cauca;1
ELECTRICO;ACTIVO;6/08/2021;2021;CAMIONETA;Archipielago de San Andres;1
ELECTRICO;ACTIVO;6/08/2021;2021;CAMIONETA;Archipielago de San Andres;1
ELECTRICO;ACTIVO;12/07/2019;2019;AUTOMOVIL;Bogota D.C.;1
ELECTRICO;ACTIVO;12/08/2021;2021;CAMIONETA;Cundinamarca;1
ELECTRICO;ACTIVO;18/11/2021;2021;CAMIONETA;Cundinamarca;1
ELECTRICO;ACTIVO;9/08/2019;2019;AUTOMOVIL;Bogota D.C.;1
ELECTRICO;ACTIVO;24/03/2021;2021;CAMIONETA;Antioquia;1
ELECTRICO;ACTIVO;28/07/2020;2020;CAMIONETA;Antioquia;1
ELECTRICO;ACTIVO;1/12/2021;2021;TRICIMOTO;Valle del Cauca;1
ELECTRICO;ACTIVO;6/03/2021;2021;MOTOTRICICLO;Cundinamarca;1
ELECTRICO;ACTIVO;11/05/2020;2020;AUTOMOVIL;Bogota D.C.;1
ELECTRICO;ACTIVO;28/10/2021;2021;CAMIONETA;Bogota D.C.;1
ELECTRICO;ACTIVO;15/12/2021;2021;CUADRICICLO;Bogota D.C.;1
ELECTRICO;ACTIVO;12/10/2021;2021;CUADRICICLO;Antioquia;1
ELECTRICO;ACTIVO;11/10/2021;2021;CUADRICICLO;Antioquia;1
ELECTRICO;ACTIVO;11/10/2021;2021;CUADRICICLO;Antioquia;1
ELECTRICO;ACTIVO;24/03/2022;2022;CUADRICICLO;Antioquia;1
ELECTRICO;ACTIVO;1/02/2022;2022;CUADRICICLO;Antioquia;1
ELECTRICO;ACTIVO;28/11/2019;2019;BUS;Antioquia;1
ELECTRICO;ACTIVO;30/12/2021;2021;AUTOMOVIL;Cundinamarca;1
ELECTRICO;ACTIVO;27/10/2021;2021;CAMIONETA;Antioquia;1
ELECTRICO;ACTIVO;10/05/2019;2019;CAMIONETA;Antioquia;1
ELECTRICO;ACTIVO;27/10/2021;2021;CAMIONETA;Antioquia;1
ELECTRICO;ACTIVO;27/10/2021;2021;CAMIONETA;Antioquia;1
ELECTRICO;ACTIVO;27/10/2021;2021;CAMIONETA;Antioquia;1
ELECTRICO;ACTIVO;27/10/2021;2021;CAMIONETA;Antioquia;1
ELECTRICO;ACTIVO;31/01/2020;2020;AUTOMOVIL;Bogota D.C.;1
ELECTRICO;ACTIVO;24/07/2019;2019;AUTOMOVIL;Bogota D.C.;1
ELECTRICO;ACTIVO;8/04/2019;2019;AUTOMOVIL;Antioquia;1
ELECTRICO;ACTIVO;30/05/2020;2020;CUADRICICLO;Antioquia;1
ELECTRICO;ACTIVO;4/06/2020;2020;CUADRICICLO;Antioquia;1
ELECTRICO;ACTIVO;24/05/2021;2021;CUADRICICLO;Bogota D.C.;1
ELECTRICO;ACTIVO;18/06/2021;2021;CUADRICICLO;Cundinamarca;1
ELECTRICO;ACTIVO;30/12/2020;2020;CUADRICICLO;Bogota D.C.;1
ELECTRICO;ACTIVO;26/03/2021;2021;CUADRICICLO;Bogota D.C.;1
ELECTRICO;ACTIVO;30/06/2021;2021;CUADRICICLO;Bogota D.C.;1
ELECTRICO;ACTIVO;31/05/2021;2021;CUADRICICLO;Santander;1
ELECTRICO;ACTIVO;3/03/2021;2021;MOTOCARRO;Cundinamarca;1
ELECTRICO;ACTIVO;3/03/2021;2021;MOTOCARRO;Cundinamarca;1
ELECTRICO;ACTIVO;10/09/2019;2019;AUTOMOVIL;Bogota D.C.;1
ELECTRICO;ACTIVO;27/08/2019;2019;AUTOMOVIL;Bogota D.C.;1
ELECTRICO;ACTIVO;29/08/2019;2019;CUADRICICLO;Bogota D.C.;1
ELECTRICO;ACTIVO;18/06/2019;2019;CUADRICICLO;Bogota D.C.;1
ELECTRICO;ACTIVO;22/04/2019;2019;CUADRICICLO;Bogota D.C.;1
ELECTRICO;ACTIVO;2/04/2019;2019;CUADRICICLO;Caldas;1
ELECTRICO;ACTIVO;14/06/2019;2019;CUADRICICLO;Antioquia;1
ELECTRICO;ACTIVO;5/08/2019;2019;CUADRICICLO;Antioquia;1
ELECTRICO;ACTIVO;6/12/2019;2019;BUS;Antioquia;1
ELECTRICO;ACTIVO;28/11/2019;2019;BUS;Antioquia;1
ELECTRICO;ACTIVO;6/12/2019;2019;BUS;Antioquia;1
ELECTRICO;ACTIVO;6/12/2019;2019;BUS;Antioquia;1
ELECTRICO;ACTIVO;6/12/2019;2019;BUS;Antioquia;1
ELECTRICO;ACTIVO;6/12/2019;2019;BUS;Antioquia;1
ELECTRICO;ACTIVO;28/11/2019;2019;BUS;Antioquia;1
ELECTRICO;ACTIVO;6/12/2019;2019;BUS;Antioquia;1
ELECTRICO;ACTIVO;3/09/2019;2019;CUADRICICLO;Bogota D.C.;1
ELECTRICO;ACTIVO;18/09/2019;2019;CUADRICICLO;Bogota D.C.;1
ELECTRICO;ACTIVO;6/12/2019;2019;BUS;Antioquia;1
ELECTRICO;ACTIVO;28/11/2019;2019;BUS;Antioquia;1
ELECTRICO;ACTIVO;6/12/2019;2019;BUS;Antioquia;1
ELECTRICO;ACTIVO;6/12/2019;2019;BUS;Antioquia;1
ELECTRICO;ACTIVO;6/12/2019;2019;BUS;Antioquia;1
ELECTRICO;ACTIVO;17/06/2020;2020;AUTOMOVIL;Bogota D.C.;1
ELECTRICO;ACTIVO;23/12/2021;2021;AUTOMOVIL;Antioquia;1
ELECTRICO;ACTIVO;14/12/2020;2020;AUTOMOVIL;Antioquia;1
ELECTRICO;ACTIVO;25/10/2021;2021;CUADRICICLO;Bogota D.C.;1
ELECTRICO;ACTIVO;22/09/2021;2021;CUADRICICLO;Bogota D.C.;1
ELECTRICO;ACTIVO;30/08/2021;2021;CUADRICICLO;Bogota D.C.;1
ELECTRICO;ACTIVO;19/07/2021;2021;AUTOMOVIL;Meta;1
ELECTRICO;ACTIVO;18/12/2019;2019;AUTOMOVIL;Antioquia;1
ELECTRICO;ACTIVO;12/03/2021;2021;TRICIMOTO;Valle del Cauca;1
ELECTRICO;ACTIVO;4/05/2021;2021;CUADRICICLO;Cundinamarca;1
ELECTRICO;ACTIVO;11/12/2021;2021;CAMIONETA;Bogota D.C.;1
ELECTRICO;ACTIVO;26/09/2020;2020;AUTOMOVIL;Antioquia;1
ELECTRICO;ACTIVO;6/01/2021;2021;MOTOCICLETA;Antioquia;1
ELECTRICO;ACTIVO;11/02/2020;2020;CAMIONETA;Antioquia;1
ELECTRICO;ACTIVO;31/07/2020;2020;CUADRICICLO;Antioquia;1
ELECTRICO;ACTIVO;30/07/2020;2020;CUADRICICLO;Antioquia;1
ELECTRICO;ACTIVO;31/07/2020;2020;CUADRICICLO;Antioquia;1
ELECTRICO;ACTIVO;30/07/2020;2020;CUADRICICLO;Antioquia;1
ELECTRICO;ACTIVO;25/03/2022;2022;CAMIONETA;Antioquia;1
ELECTRICO;ACTIVO;21/09/2021;2021;CAMIONETA;Bogota D.C.;1
ELECTRICO;ACTIVO;30/09/2021;2021;CAMIONETA;Bogota D.C.;1
ELECTRICO;ACTIVO;4/08/2020;2020;CUADRICICLO;Antioquia;1
ELECTRICO;ACTIVO;28/12/2020;2020;CUADRICICLO;Antioquia;1
ELECTRICO;ACTIVO;28/12/2020;2020;CUADRICICLO;Antioquia;1
ELECTRICO;ACTIVO;31/07/2020;2020;CUADRICICLO;Antioquia;1
ELECTRICO;ACTIVO;31/07/2020;2020;CUADRICICLO;Antioquia;1
ELECTRICO;ACTIVO;16/09/2021;2021;AUTOMOVIL;Bogota D.C.;1
ELECTRICO;ACTIVO;19/01/2022;2022;AUTOMOVIL;Bogota D.C.;1
ELECTRICO;ACTIVO;4/03/2022;2022;AUTOMOVIL;Bogota D.C.;1
ELECTRICO;ACTIVO;30/03/2022;2022;AUTOMOVIL;Bogota D.C.;1
ELECTRICO;ACTIVO;14/12/2021;2021;AUTOMOVIL;Bogota D.C.;1
ELECTRICO;ACTIVO;30/10/2021;2021;CAMIONETA;Cundinamarca;1
ELECTRICO;ACTIVO;4/10/2021;2021;CAMIONETA;Bogota D.C.;1
ELECTRICO;ACTIVO;22/09/2021;2021;CAMIONETA;Bogota D.C.;1
ELECTRICO;ACTIVO;13/12/2019;2019;AUTOMOVIL;Bogota D.C.;1
ELECTRICO;ACTIVO;3/03/2021;2021;CUADRICICLO;Santander;1
ELECTRICO;ACTIVO;24/12/2020;2020;CUADRICICLO;Valle del Cauca;1
ELECTRICO;ACTIVO;12/05/2021;2021;CUADRICICLO;Antioquia;1
ELECTRICO;ACTIVO;23/02/2022;2022;AUTOMOVIL;Bogota D.C.;1
ELECTRICO;ACTIVO;23/12/2021;2021;CAMIONETA;Meta;1
ELECTRICO;ACTIVO;24/12/2021;2021;CAMIONETA;Bogota D.C.;1
ELECTRICO;ACTIVO;7/02/2022;2022;CAMIONETA;Cauca;1
ELECTRICO;ACTIVO;7/02/2022;2022;CAMIONETA;Cauca;1
ELECTRICO;ACTIVO;25/09/2020;2020;BUS;Cordoba;1
ELECTRICO;ACTIVO;17/11/2021;2021;CAMIONETA;Cundinamarca;1
ELECTRICO;ACTIVO;9/09/2019;2019;BUS;Valle del Cauca;1
ELECTRICO;ACTIVO;9/09/2019;2019;BUS;Valle del Cauca;1
ELECTRICO;ACTIVO;9/09/2019;2019;BUS;Valle del Cauca;1
ELECTRICO;ACTIVO;18/11/2021;2021;CAMIONETA;Cundinamarca;1
ELECTRICO;ACTIVO;15/04/2021;2021;CAMIONETA;Antioquia;1
ELECTRICO;ACTIVO;9/06/2021;2021;CAMIONETA;Antioquia;1
ELECTRICO;ACTIVO;2/02/2021;2021;CUADRICICLO;Antioquia;1
ELECTRICO;ACTIVO;14/11/2019;2019;AUTOMOVIL;Bogota D.C.;1
ELECTRICO;ACTIVO;20/05/2019;2019;AUTOMOVIL;Bogota D.C.;1
ELECTRICO;ACTIVO;21/05/2019;2019;AUTOMOVIL;Bogota D.C.;1
ELECTRICO;ACTIVO;21/05/2019;2019;AUTOMOVIL;Antioquia;1
ELECTRICO;ACTIVO;22/05/2019;2019;AUTOMOVIL;Antioquia;1
ELECTRICO;ACTIVO;16/05/2019;2019;AUTOMOVIL;Bogota D.C.;1
ELECTRICO;ACTIVO;11/03/2020;2020;CAMIONETA;Antioquia;1
ELECTRICO;ACTIVO;11/03/2020;2020;CAMIONETA;Antioquia;1
ELECTRICO;ACTIVO;28/11/2020;2020;TRICIMOTO;Valle del Cauca;1
ELECTRICO;ACTIVO;23/12/2020;2020;TRICIMOTO;Valle del Cauca;1
ELECTRICO;ACTIVO;5/07/2019;2019;AUTOMOVIL;Bogota D.C.;1
ELECTRICO;ACTIVO;28/12/2020;2020;AUTOMOVIL;Antioquia;1
ELECTRICO;ACTIVO;18/02/2020;2020;TRICIMOTO;Valle del Cauca;1
ELECTRICO;ACTIVO;11/05/2021;2021;CUADRICICLO;Antioquia;1
ELECTRICO;ACTIVO;13/05/2021;2021;CUADRICICLO;Antioquia;1
ELECTRICO;ACTIVO;11/05/2021;2021;CUADRICICLO;Antioquia;1
ELECTRICO;ACTIVO;23/12/2019;2019;MOTOCICLETA;Antioquia;1
ELECTRICO;ACTIVO;25/01/2022;2022;AUTOMOVIL;Bogota D.C.;1
ELECTRICO;ACTIVO;28/10/2021;2021;AUTOMOVIL;Bogota D.C.;1
ELECTRICO;ACTIVO;17/02/2020;2020;CAMIONETA;Bogota D.C.;1
ELECTRICO;ACTIVO;12/03/2021;2021;AUTOMOVIL;Antioquia;1
ELECTRICO;ACTIVO;1/10/2020;2020;AUTOMOVIL;Bogota D.C.;1
ELECTRICO;ACTIVO;23/11/2020;2020;AUTOMOVIL;Bogota D.C.;1
ELECTRICO;ACTIVO;28/01/2021;2021;AUTOMOVIL;Norte de Santander;1
ELECTRICO;ACTIVO;1/02/2021;2021;BUS;Bogota D.C.;1
ELECTRICO;ACTIVO;1/02/2021;2021;BUS;Bogota D.C.;1
ELECTRICO;ACTIVO;1/02/2021;2021;BUS;Bogota D.C.;1
ELECTRICO;ACTIVO;1/02/2021;2021;BUS;Bogota D.C.;1
ELECTRICO;ACTIVO;2/02/2021;2021;BUS;Bogota D.C.;1
ELECTRICO;ACTIVO;2/02/2021;2021;BUS;Bogota D.C.;1
ELECTRICO;ACTIVO;2/02/2021;2021;BUS;Bogota D.C.;1
ELECTRICO;ACTIVO;2/02/2021;2021;BUS;Bogota D.C.;1
ELECTRICO;ACTIVO;2/02/2021;2021;BUS;Bogota D.C.;1
ELECTRICO;ACTIVO;30/07/2019;2019;CAMIONETA;Antioquia;1
ELECTRICO;ACTIVO;30/07/2019;2019;CAMIONETA;Antioquia;1
ELECTRICO;ACTIVO;30/07/2019;2019;CAMIONETA;Antioquia;1
ELECTRICO;ACTIVO;28/08/2019;2019;CAMIONETA;Antioquia;1
ELECTRICO;ACTIVO;5/01/2021;2021;CAMIONETA;Cundinamarca;1
ELECTRICO;ACTIVO;30/09/2020;2020;CAMIONETA;Antioquia;1
ELECTRICO;ACTIVO;22/07/2019;2019;CAMIONETA;Antioquia;1
ELECTRICO;ACTIVO;1/12/2021;2021;CAMIONETA;Santander;1
ELECTRICO;ACTIVO;30/09/2020;2020;CAMIONETA;Cundinamarca;1
ELECTRICO;ACTIVO;1/02/2021;2021;BUS;Bogota D.C.;1
ELECTRICO;ACTIVO;1/02/2021;2021;BUS;Bogota D.C.;1
ELECTRICO;ACTIVO;1/02/2021;2021;BUS;Bogota D.C.;1
ELECTRICO;ACTIVO;1/02/2021;2021;BUS;Bogota D.C.;1
ELECTRICO;ACTIVO;25/08/2020;2020;CAMIONETA;Antioquia;1
ELECTRICO;ACTIVO;9/08/2021;2021;AUTOMOVIL;Bogota D.C.;1
ELECTRICO;ACTIVO;25/02/2021;2021;AUTOMOVIL;Santander;1
ELECTRICO;ACTIVO;24/02/2021;2021;AUTOMOVIL;Bogota D.C.;1
ELECTRICO;ACTIVO;8/03/2021;2021;TRICIMOTO;Valle del Cauca;1
ELECTRICO;ACTIVO;2/07/2020;2020;AUTOMOVIL;Cundinamarca;1
ELECTRICO;ACTIVO;25/06/2020;2020;AUTOMOVIL;Bogota D.C.;1
ELECTRICO;ACTIVO;12/03/2020;2020;AUTOMOVIL;Antioquia;1
ELECTRICO;ACTIVO;10/03/2020;2020;AUTOMOVIL;Bogota D.C.;1
ELECTRICO;ACTIVO;9/07/2021;2021;AUTOMOVIL;Antioquia;1
ELECTRICO;ACTIVO;13/09/2019;2019;AUTOMOVIL;Antioquia;1
ELECTRICO;ACTIVO;6/09/2019;2019;AUTOMOVIL;Bogota D.C.;1
ELECTRICO;ACTIVO;29/07/2021;2021;CAMIONETA;Cundinamarca;1
ELECTRICO;ACTIVO;28/12/2019;2019;BUS;Cundinamarca;1
ELECTRICO;ACTIVO;19/03/2021;2021;AUTOMOVIL;Norte de Santander;1
ELECTRICO;ACTIVO;30/07/2020;2020;AUTOMOVIL;Antioquia;1
ELECTRICO;ACTIVO;2/07/2020;2020;AUTOMOVIL;Bogota D.C.;1
ELECTRICO;ACTIVO;12/03/2021;2021;CAMION;Cundinamarca;1
ELECTRICO;ACTIVO;6/01/2021;2021;CUADRICICLO;Bogota D.C.;1
ELECTRICO;ACTIVO;14/11/2020;2020;CUADRICICLO;Bogota D.C.;1
ELECTRICO;ACTIVO;28/10/2020;2020;CUADRICICLO;Bogota D.C.;1
ELECTRICO;ACTIVO;28/05/2020;2020;CUADRICICLO;Bogota D.C.;1
ELECTRICO;ACTIVO;20/04/2021;2021;CUADRICICLO;Bogota D.C.;1
ELECTRICO;ACTIVO;4/03/2020;2020;CUADRICICLO;Antioquia;1
ELECTRICO;ACTIVO;18/06/2020;2020;CUADRICICLO;Bogota D.C.;1
ELECTRICO;ACTIVO;26/08/2020;2020;CAMIONETA;Valle del Cauca;1
ELECTRICO;ACTIVO;15/12/2020;2020;CAMIONETA;Cundinamarca;1
ELECTRICO;ACTIVO;30/10/2019;2019;AUTOMOVIL;Bogota D.C.;1
ELECTRICO;ACTIVO;30/08/2019;2019;AUTOMOVIL;Bogota D.C.;1
ELECTRICO;ACTIVO;30/10/2019;2019;AUTOMOVIL;Bogota D.C.;1
ELECTRICO;ACTIVO;23/09/2019;2019;AUTOMOVIL;Bogota D.C.;1
ELECTRICO;ACTIVO;31/10/2019;2019;AUTOMOVIL;Bogota D.C.;1
ELECTRICO;ACTIVO;20/09/2019;2019;AUTOMOVIL;Bogota D.C.;1
ELECTRICO;ACTIVO;29/01/2020;2020;AUTOMOVIL;Bogota D.C.;1
ELECTRICO;ACTIVO;29/12/2020;2020;CUADRICICLO;Bogota D.C.;1
ELECTRICO;ACTIVO;9/09/2019;2019;BUS;Valle del Cauca;1
ELECTRICO;ACTIVO;7/12/2021;2021;AUTOMOVIL;Bogota D.C.;1
ELECTRICO;ACTIVO;13/02/2020;2020;AUTOMOVIL;Antioquia;1
ELECTRICO;ACTIVO;31/01/2022;2022;CAMION;Antioquia;1
ELECTRICO;ACTIVO;31/01/2022;2022;CAMION;Antioquia;1
ELECTRICO;ACTIVO;31/01/2022;2022;CAMION;Antioquia;1
ELECTRICO;ACTIVO;31/01/2022;2022;CAMION;Antioquia;1
ELECTRICO;ACTIVO;26/05/2021;2021;CAMIONETA;Antioquia;1
ELECTRICO;ACTIVO;23/12/2021;2021;CAMIONETA;Cundinamarca;1
ELECTRICO;ACTIVO;25/10/2021;2021;CAMIONETA;Antioquia;1
ELECTRICO;ACTIVO;4/11/2021;2021;CAMIONETA;Antioquia;1
ELECTRICO;ACTIVO;8/03/2021;2021;AUTOMOVIL;Bogota D.C.;1
ELECTRICO;ACTIVO;7/12/2020;2020;AUTOMOVIL;Bogota D.C.;1
ELECTRICO;ACTIVO;28/11/2020;2020;AUTOMOVIL;Bogota D.C.;1
ELECTRICO;ACTIVO;21/08/2020;2020;TRICIMOTO;Valle del Cauca;1
ELECTRICO;ACTIVO;3/11/2021;2021;CAMION;Antioquia;1
ELECTRICO;ACTIVO;26/01/2022;2022;CAMION;Antioquia;1
ELECTRICO;ACTIVO;1/02/2022;2022;CAMION;Antioquia;1
ELECTRICO;ACTIVO;3/11/2021;2021;CAMION;Antioquia;1
ELECTRICO;ACTIVO;5/11/2021;2021;CAMIONETA;Bogota D.C.;1
ELECTRICO;ACTIVO;29/10/2021;2021;AUTOMOVIL;Bogota D.C.;1
ELECTRICO;ACTIVO;12/04/2021;2021;CUADRICICLO;Cundinamarca;1
ELECTRICO;ACTIVO;15/03/2022;2022;AUTOMOVIL;Cundinamarca;1
ELECTRICO;ACTIVO;17/09/2021;2021;AUTOMOVIL;Valle del Cauca;1
ELECTRICO;ACTIVO;10/12/2020;2020;MOTOCICLETA;Antioquia;1
ELECTRICO;ACTIVO;11/12/2020;2020;AUTOMOVIL;Bogota D.C.;1
ELECTRICO;ACTIVO;28/05/2020;2020;AUTOMOVIL;Antioquia;1
ELECTRICO;ACTIVO;9/11/2021;2021;AUTOMOVIL;Antioquia;1
ELECTRICO;ACTIVO;17/12/2021;2021;AUTOMOVIL;Bogota D.C.;1
ELECTRICO;ACTIVO;3/11/2020;2020;BUS;Bogota D.C.;1
ELECTRICO;ACTIVO;9/11/2020;2020;BUS;Bogota D.C.;1
ELECTRICO;ACTIVO;9/11/2020;2020;BUS;Bogota D.C.;1
ELECTRICO;ACTIVO;10/11/2020;2020;BUS;Bogota D.C.;1
ELECTRICO;ACTIVO;24/02/2022;2022;CAMIONETA;Bogota D.C.;1
ELECTRICO;ACTIVO;23/03/2021;2021;AUTOMOVIL;Bogota D.C.;1
ELECTRICO;ACTIVO;17/11/2021;2021;CAMIONETA;Cundinamarca;1
ELECTRICO;ACTIVO;17/11/2021;2021;CAMIONETA;Cundinamarca;1
ELECTRICO;ACTIVO;19/11/2021;2021;CAMIONETA;Cundinamarca;1
ELECTRICO;ACTIVO;4/12/2020;2020;BUS;Bogota D.C.;1
ELECTRICO;ACTIVO;4/12/2020;2020;BUS;Bogota D.C.;1
ELECTRICO;ACTIVO;14/11/2020;2020;BUS;Bogota D.C.;1
ELECTRICO;ACTIVO;14/11/2020;2020;BUS;Bogota D.C.;1
ELECTRICO;ACTIVO;4/12/2020;2020;BUS;Bogota D.C.;1
ELECTRICO;ACTIVO;4/12/2020;2020;BUS;Bogota D.C.;1
ELECTRICO;ACTIVO;4/12/2020;2020;BUS;Bogota D.C.;1
ELECTRICO;ACTIVO;21/01/2022;2022;MOTOCARRO;Cundinamarca;1
ELECTRICO;ACTIVO;4/03/2022;2022;CAMIONETA;Valle del Cauca;1
ELECTRICO;ACTIVO;19/10/2020;2020;MOTOCICLETA;Cundinamarca;1
ELECTRICO;ACTIVO;12/05/2021;2021;CUADRICICLO;Antioquia;1
ELECTRICO;ACTIVO;12/05/2021;2021;CUADRICICLO;Antioquia;1
ELECTRICO;ACTIVO;26/10/2021;2021;AUTOMOVIL;Bogota D.C.;1
ELECTRICO;ACTIVO;7/01/2021;2021;AUTOMOVIL;Bogota D.C.;1
ELECTRICO;ACTIVO;25/02/2021;2021;AUTOMOVIL;Santander;1
ELECTRICO;ACTIVO;19/07/2021;2021;AUTOMOVIL;Meta;1
ELECTRICO;ACTIVO;6/11/2021;2021;AUTOMOVIL;Cundinamarca;1
ELECTRICO;ACTIVO;19/01/2022;2022;BUS;Bogota D.C.;1
ELECTRICO;ACTIVO;19/01/2022;2022;BUS;Bogota D.C.;1
ELECTRICO;ACTIVO;19/01/2022;2022;BUS;Bogota D.C.;1
ELECTRICO;ACTIVO;8/06/2020;2020;CAMIONETA;Bogota D.C.;1
ELECTRICO;ACTIVO;1/06/2020;2020;CAMIONETA;Bogota D.C.;1
ELECTRICO;ACTIVO;6/06/2020;2020;CAMIONETA;Bogota D.C.;1
ELECTRICO;ACTIVO;18/02/2022;2022;BUS;Bogota D.C.;1
ELECTRICO;ACTIVO;31/01/2022;2022;BUS;Bogota D.C.;1
ELECTRICO;ACTIVO;26/01/2022;2022;BUS;Bogota D.C.;1
ELECTRICO;ACTIVO;21/01/2022;2022;BUS;Bogota D.C.;1
ELECTRICO;ACTIVO;29/01/2022;2022;BUS;Bogota D.C.;1
ELECTRICO;ACTIVO;14/03/2022;2022;BUS;Bogota D.C.;1
ELECTRICO;ACTIVO;13/09/2021;2021;AUTOMOVIL;Antioquia;1
ELECTRICO;ACTIVO;14/12/2021;2021;AUTOMOVIL;Antioquia;1
ELECTRICO;ACTIVO;23/08/2021;2021;AUTOMOVIL;Bogota D.C.;1
ELECTRICO;ACTIVO;23/08/2021;2021;AUTOMOVIL;Bogota D.C.;1
ELECTRICO;ACTIVO;25/11/2021;2021;AUTOMOVIL;Antioquia;1
ELECTRICO;ACTIVO;25/03/2022;2022;AUTOMOVIL;Antioquia;1
ELECTRICO;ACTIVO;21/01/2022;2022;BUS;Bogota D.C.;1
ELECTRICO;ACTIVO;10/02/2022;2022;BUS;Bogota D.C.;1
ELECTRICO;ACTIVO;24/01/2022;2022;BUS;Bogota D.C.;1
ELECTRICO;ACTIVO;26/01/2022;2022;BUS;Bogota D.C.;1
ELECTRICO;ACTIVO;9/12/2021;2021;CAMIONETA;Antioquia;1
ELECTRICO;ACTIVO;9/12/2021;2021;CAMIONETA;Antioquia;1
ELECTRICO;ACTIVO;3/12/2021;2021;MOTOCARRO;Cundinamarca;1
ELECTRICO;ACTIVO;7/12/2021;2021;AUTOMOVIL;Valle del Cauca;1
ELECTRICO;ACTIVO;1/02/2022;2022;BUS;Bogota D.C.;1
ELECTRICO;ACTIVO;26/01/2022;2022;BUS;Bogota D.C.;1
ELECTRICO;ACTIVO;24/01/2022;2022;BUS;Bogota D.C.;1
ELECTRICO;ACTIVO;1/02/2022;2022;BUS;Bogota D.C.;1
ELECTRICO;ACTIVO;1/02/2022;2022;BUS;Bogota D.C.;1
ELECTRICO;ACTIVO;19/02/2022;2022;BUS;Bogota D.C.;1
ELECTRICO;ACTIVO;5/02/2022;2022;BUS;Bogota D.C.;1
ELECTRICO;ACTIVO;13/02/2021;2021;CAMIONETA;Antioquia;1
ELECTRICO;ACTIVO;31/01/2022;2022;BUS;Bogota D.C.;1
ELECTRICO;ACTIVO;18/02/2022;2022;BUS;Bogota D.C.;1
ELECTRICO;ACTIVO;1/02/2022;2022;BUS;Bogota D.C.;1
ELECTRICO;ACTIVO;24/01/2022;2022;BUS;Bogota D.C.;1
ELECTRICO;ACTIVO;30/06/2021;2021;AUTOMOVIL;Bogota D.C.;1
ELECTRICO;ACTIVO;3/12/2021;2021;MOTOCARRO;Cundinamarca;1
ELECTRICO;ACTIVO;3/12/2021;2021;MOTOCARRO;Cundinamarca;1
ELECTRICO;ACTIVO;10/11/2021;2021;MOTOCARRO;Cundinamarca;1
ELECTRICO;ACTIVO;24/01/2022;2022;BUS;Bogota D.C.;1
ELECTRICO;ACTIVO;26/01/2022;2022;BUS;Bogota D.C.;1
ELECTRICO;ACTIVO;1/02/2022;2022;BUS;Bogota D.C.;1
ELECTRICO;ACTIVO;18/02/2022;2022;BUS;Bogota D.C.;1
ELECTRICO;ACTIVO;21/12/2020;2020;MOTOCARRO;Valle del Cauca;1
ELECTRICO;ACTIVO;29/12/2020;2020;CAMIONETA;Cundinamarca;1
ELECTRICO;ACTIVO;29/12/2020;2020;CAMIONETA;Cundinamarca;1
ELECTRICO;ACTIVO;21/12/2021;2021;AUTOMOVIL;Bogota D.C.;1
ELECTRICO;ACTIVO;11/11/2020;2020;BUS;Bogota D.C.;1
ELECTRICO;ACTIVO;11/11/2020;2020;BUS;Bogota D.C.;1
ELECTRICO;ACTIVO;11/11/2020;2020;BUS;Bogota D.C.;1
ELECTRICO;ACTIVO;11/11/2020;2020;BUS;Bogota D.C.;1
ELECTRICO;ACTIVO;11/11/2020;2020;BUS;Bogota D.C.;1
ELECTRICO;ACTIVO;13/11/2020;2020;BUS;Bogota D.C.;1
ELECTRICO;ACTIVO;13/11/2020;2020;BUS;Bogota D.C.;1
ELECTRICO;ACTIVO;13/11/2020;2020;BUS;Bogota D.C.;1
ELECTRICO;ACTIVO;11/11/2020;2020;BUS;Bogota D.C.;1
ELECTRICO;ACTIVO;11/11/2020;2020;BUS;Bogota D.C.;1
ELECTRICO;ACTIVO;11/11/2020;2020;BUS;Bogota D.C.;1
ELECTRICO;ACTIVO;11/11/2020;2020;BUS;Bogota D.C.;1
ELECTRICO;ACTIVO;3/12/2020;2020;BUS;Bogota D.C.;1
ELECTRICO;ACTIVO;13/11/2020;2020;BUS;Bogota D.C.;1
ELECTRICO;ACTIVO;21/12/2020;2020;CAMIONETA;Valle del Cauca;1
ELECTRICO;ACTIVO;29/12/2020;2020;BUS;Valle del Cauca;1
ELECTRICO;ACTIVO;29/12/2020;2020;BUS;Valle del Cauca;1
ELECTRICO;ACTIVO;19/11/2020;2020;TRICIMOTO;Valle del Cauca;1
ELECTRICO;ACTIVO;6/01/2022;2022;AUTOMOVIL;Antioquia;1
ELECTRICO;ACTIVO;13/12/2021;2021;AUTOMOVIL;Bogota D.C.;1
ELECTRICO;ACTIVO;7/12/2021;2021;CAMIONETA;Bogota D.C.;1
ELECTRICO;ACTIVO;2/12/2021;2021;CAMIONETA;Atlantico;1
ELECTRICO;ACTIVO;18/01/2022;2022;CAMIONETA;Antioquia;1
ELECTRICO;ACTIVO;9/02/2022;2022;AUTOMOVIL;Bogota D.C.;1
ELECTRICO;ACTIVO;15/01/2022;2022;BUS;Bogota D.C.;1
ELECTRICO;ACTIVO;15/01/2022;2022;BUS;Bogota D.C.;1
ELECTRICO;ACTIVO;15/01/2022;2022;BUS;Bogota D.C.;1
ELECTRICO;ACTIVO;15/01/2022;2022;BUS;Bogota D.C.;1
ELECTRICO;ACTIVO;15/01/2022;2022;BUS;Bogota D.C.;1
ELECTRICO;ACTIVO;15/01/2022;2022;BUS;Bogota D.C.;1
ELECTRICO;ACTIVO;15/01/2022;2022;BUS;Bogota D.C.;1
ELECTRICO;ACTIVO;15/01/2022;2022;BUS;Bogota D.C.;1
ELECTRICO;ACTIVO;30/12/2021;2021;BUS;Bogota D.C.;1
ELECTRICO;ACTIVO;15/01/2022;2022;BUS;Bogota D.C.;1
ELECTRICO;ACTIVO;15/01/2022;2022;BUS;Bogota D.C.;1
ELECTRICO;ACTIVO;15/01/2022;2022;BUS;Bogota D.C.;1
ELECTRICO;ACTIVO;29/12/2021;2021;CAMION;Antioquia;1
ELECTRICO;ACTIVO;29/12/2021;2021;CAMION;Antioquia;1
ELECTRICO;ACTIVO;29/03/2021;2021;CAMIONETA;Valle del Cauca;1
ELECTRICO;ACTIVO;29/12/2021;2021;AUTOMOVIL;Cundinamarca;1
ELECTRICO;ACTIVO;30/11/2021;2021;AUTOMOVIL;Antioquia;1
ELECTRICO;ACTIVO;26/02/2022;2022;AUTOMOVIL;Antioquia;1
ELECTRICO;ACTIVO;13/11/2020;2020;BUS;Bogota D.C.;1
ELECTRICO;ACTIVO;19/11/2020;2020;BUS;Bogota D.C.;1
ELECTRICO;ACTIVO;19/11/2020;2020;BUS;Bogota D.C.;1
ELECTRICO;ACTIVO;19/11/2020;2020;BUS;Bogota D.C.;1
ELECTRICO;ACTIVO;30/10/2021;2021;AUTOMOVIL;Valle del Cauca;1
ELECTRICO;ACTIVO;30/11/2021;2021;AUTOMOVIL;Bogota D.C.;1
ELECTRICO;ACTIVO;16/12/2021;2021;CAMIONETA;Bogota D.C.;1
ELECTRICO;ACTIVO;23/08/2021;2021;CAMIONETA;Antioquia;1
ELECTRICO;ACTIVO;23/12/2021;2021;CAMIONETA;Antioquia;1
ELECTRICO;ACTIVO;14/05/2021;2021;MOTOCARRO;Cundinamarca;1
ELECTRICO;ACTIVO;14/05/2021;2021;MOTOCARRO;Cundinamarca;1
ELECTRICO;ACTIVO;18/12/2019;2019;MOTOCICLETA;Bogota D.C.;1
ELECTRICO;ACTIVO;28/12/2020;2020;CUADRICICLO;Antioquia;1
ELECTRICO;ACTIVO;23/10/2020;2020;CUADRICICLO;Antioquia;1
ELECTRICO;ACTIVO;28/12/2020;2020;CUADRICICLO;Antioquia;1
ELECTRICO;ACTIVO;30/12/2020;2020;CUADRICICLO;Antioquia;1
ELECTRICO;ACTIVO;28/12/2020;2020;CUADRICICLO;Antioquia;1
ELECTRICO;ACTIVO;23/10/2020;2020;CUADRICICLO;Antioquia;1
ELECTRICO;ACTIVO;30/07/2020;2020;CUADRICICLO;Antioquia;1
ELECTRICO;ACTIVO;30/07/2020;2020;CUADRICICLO;Antioquia;1
ELECTRICO;ACTIVO;31/07/2020;2020;CUADRICICLO;Antioquia;1
ELECTRICO;ACTIVO;28/12/2020;2020;CUADRICICLO;Antioquia;1
ELECTRICO;ACTIVO;28/12/2020;2020;CUADRICICLO;Antioquia;1
ELECTRICO;ACTIVO;3/12/2020;2020;BUS;Bogota D.C.;1
ELECTRICO;ACTIVO;3/12/2020;2020;BUS;Bogota D.C.;1
ELECTRICO;ACTIVO;3/12/2020;2020;BUS;Bogota D.C.;1
ELECTRICO;ACTIVO;3/12/2020;2020;BUS;Bogota D.C.;1
ELECTRICO;ACTIVO;4/12/2020;2020;BUS;Bogota D.C.;1
ELECTRICO;ACTIVO;3/12/2020;2020;BUS;Bogota D.C.;1
ELECTRICO;ACTIVO;3/03/2021;2021;MOTOCARRO;Cundinamarca;1
ELECTRICO;ACTIVO;3/12/2020;2020;BUS;Bogota D.C.;1
ELECTRICO;ACTIVO;14/08/2021;2021;AUTOMOVIL;Bogota D.C.;1
ELECTRICO;ACTIVO;2/08/2021;2021;CUADRICICLO;Santander;1
ELECTRICO;ACTIVO;18/01/2022;2022;CAMIONETA;Cundinamarca;1
ELECTRICO;ACTIVO;28/12/2021;2021;CAMIONETA;Cundinamarca;1
ELECTRICO;ACTIVO;31/01/2020;2020;AUTOMOVIL;Bogota D.C.;1
ELECTRICO;ACTIVO;29/01/2020;2020;AUTOMOVIL;Bogota D.C.;1
ELECTRICO;ACTIVO;21/01/2022;2022;AUTOMOVIL;Bogota D.C.;1
ELECTRICO;ACTIVO;4/01/2022;2022;CAMIONETA;Santander;1
ELECTRICO;ACTIVO;8/02/2022;2022;CAMIONETA;Cundinamarca;1
ELECTRICO;ACTIVO;19/02/2022;2022;CAMIONETA;Antioquia;1
ELECTRICO;ACTIVO;10/11/2020;2020;CAMIONETA;Bogota D.C.;1
ELECTRICO;ACTIVO;20/03/2020;2020;CAMIONETA;Antioquia;1
ELECTRICO;ACTIVO;5/03/2022;2022;CAMIONETA;Bogota D.C.;1
ELECTRICO;ACTIVO;10/11/2021;2021;CAMIONETA;Antioquia;1
ELECTRICO;ACTIVO;3/12/2021;2021;MOTOCICLETA;Antioquia;1
ELECTRICO;ACTIVO;29/11/2021;2021;CUADRICICLO;Bogota D.C.;1
ELECTRICO;ACTIVO;25/09/2020;2020;BUS;Cordoba;1
ELECTRICO;ACTIVO;15/09/2020;2020;CAMION;Antioquia;1
ELECTRICO;ACTIVO;15/09/2020;2020;CAMION;Antioquia;1
ELECTRICO;ACTIVO;18/09/2020;2020;CAMION;Cundinamarca;1
ELECTRICO;ACTIVO;17/12/2020;2020;CAMION;Antioquia;1
ELECTRICO;ACTIVO;9/03/2020;2020;CAMION;Cundinamarca;1
ELECTRICO;ACTIVO;26/03/2021;2021;CAMION;Antioquia;1
ELECTRICO;ACTIVO;19/07/2021;2021;CAMION;Antioquia;1
ELECTRICO;ACTIVO;9/07/2020;2020;CAMION;Antioquia;1
ELECTRICO;ACTIVO;10/05/2021;2021;CAMION;Antioquia;1
ELECTRICO;ACTIVO;9/07/2020;2020;CAMION;Antioquia;1
ELECTRICO;ACTIVO;24/12/2021;2021;AUTOMOVIL;Antioquia;1
ELECTRICO;ACTIVO;25/06/2020;2020;CAMION;Antioquia;1
ELECTRICO;ACTIVO;24/09/2020;2020;AUTOMOVIL;Bogota D.C.;1
ELECTRICO;ACTIVO;23/11/2021;2021;TRICIMOTO;Huila;1
ELECTRICO;ACTIVO;27/11/2021;2021;CAMION;Antioquia;1
ELECTRICO;ACTIVO;20/08/2020;2020;TRICIMOTO;Valle del Cauca;1
ELECTRICO;ACTIVO;31/03/2022;2022;AUTOMOVIL;Valle del Cauca;1
ELECTRICO;ACTIVO;28/01/2022;2022;CAMIONETA;Antioquia;1
ELECTRICO;ACTIVO;24/11/2021;2021;CAMION;Antioquia;1
ELECTRICO;ACTIVO;12/02/2022;2022;AUTOMOVIL;Valle del Cauca;1
ELECTRICO;ACTIVO;14/02/2022;2022;AUTOMOVIL;Bogota D.C.;1
ELECTRICO;ACTIVO;11/11/2021;2021;CAMIONETA;Bogota D.C.;1
ELECTRICO;ACTIVO;2/12/2021;2021;CUADRICICLO;Antioquia;1
ELECTRICO;ACTIVO;23/12/2021;2021;CUADRICICLO;Antioquia;1
ELECTRICO;ACTIVO;17/12/2021;2021;CUADRICICLO;Bogota D.C.;1
ELECTRICO;ACTIVO;25/02/2021;2021;TRICIMOTO;Cauca;1
ELECTRICO;ACTIVO;2/11/2021;2021;AUTOMOVIL;Bogota D.C.;1
ELECTRICO;ACTIVO;27/02/2022;2022;BUS;Bogota D.C.;1
ELECTRICO;ACTIVO;25/03/2022;2022;BUS;Bogota D.C.;1
ELECTRICO;ACTIVO;12/03/2022;2022;BUS;Bogota D.C.;1
ELECTRICO;ACTIVO;10/02/2022;2022;CAMIONETA;Antioquia;1
ELECTRICO;ACTIVO;19/01/2022;2022;CAMIONETA;Bogota D.C.;1
ELECTRICO;ACTIVO;21/01/2022;2022;AUTOMOVIL;Bogota D.C.;1
ELECTRICO;ACTIVO;25/01/2022;2022;CUADRICICLO;Antioquia;1
ELECTRICO;ACTIVO;25/03/2022;2022;CUADRICICLO;Antioquia;1
ELECTRICO;ACTIVO;25/03/2022;2022;CUADRICICLO;Antioquia;1
ELECTRICO;ACTIVO;28/01/2022;2022;BUS;Bogota D.C.;1
ELECTRICO;ACTIVO;28/01/2022;2022;BUS;Bogota D.C.;1
ELECTRICO;ACTIVO;5/02/2022;2022;AUTOMOVIL;Bogota D.C.;1
ELECTRICO;ACTIVO;20/01/2022;2022;CAMIONETA;Bogota D.C.;1
ELECTRICO;ACTIVO;30/03/2022;2022;CAMIONETA;Bogota D.C.;1
ELECTRICO;ACTIVO;12/02/2022;2022;CAMIONETA;Antioquia;1
ELECTRICO;ACTIVO;16/03/2022;2022;CAMIONETA;Antioquia;1
ELECTRICO;ACTIVO;27/02/2022;2022;BUS;Bogota D.C.;1
ELECTRICO;ACTIVO;25/03/2022;2022;BUS;Bogota D.C.;1
ELECTRICO;ACTIVO;26/02/2022;2022;BUS;Bogota D.C.;1
ELECTRICO;ACTIVO;12/03/2022;2022;BUS;Bogota D.C.;1
ELECTRICO;ACTIVO;25/02/2022;2022;AUTOMOVIL;Bogota D.C.;1
ELECTRICO;ACTIVO;11/03/2022;2022;CAMIONETA;Antioquia;1
ELECTRICO;ACTIVO;11/03/2022;2022;CAMIONETA;Antioquia;1
ELECTRICO;ACTIVO;14/03/2022;2022;BUS;Bogota D.C.;1
ELECTRICO;ACTIVO;14/03/2022;2022;BUS;Bogota D.C.;1
ELECTRICO;ACTIVO;14/03/2022;2022;BUS;Bogota D.C.;1
ELECTRICO;ACTIVO;14/03/2022;2022;BUS;Bogota D.C.;1
ELECTRICO;ACTIVO;15/03/2022;2022;BUS;Bogota D.C.;1
ELECTRICO;ACTIVO;14/03/2022;2022;BUS;Bogota D.C.;1
ELECTRICO;ACTIVO;14/03/2022;2022;BUS;Bogota D.C.;1
ELECTRICO;ACTIVO;18/02/2022;2022;AUTOMOVIL;Bogota D.C.;1
ELECTRICO;ACTIVO;11/03/2022;2022;CAMIONETA;Antioquia;1
ELECTRICO;ACTIVO;7/02/2022;2022;CUADRICICLO;Antioquia;1
ELECTRICO;ACTIVO;14/02/2022;2022;CAMIONETA;Antioquia;1
ELECTRICO;ACTIVO;14/02/2022;2022;CAMIONETA;Antioquia;1
ELECTRICO;ACTIVO;10/03/2022;2022;BUS;Bolivar;1
ELECTRICO;ACTIVO;3/02/2022;2022;AUTOMOVIL;Bogota D.C.;1
ELECTRICO;ACTIVO;27/01/2022;2022;AUTOMOVIL;Antioquia;1
ELECTRICO;ACTIVO;11/03/2022;2022;BUS;Bogota D.C.;1
ELECTRICO;ACTIVO;11/03/2022;2022;BUS;Bogota D.C.;1
ELECTRICO;ACTIVO;24/02/2022;2022;BUS;Bogota D.C.;1
ELECTRICO;ACTIVO;22/02/2022;2022;BUS;Bogota D.C.;1
ELECTRICO;ACTIVO;25/02/2022;2022;BUS;Bogota D.C.;1
ELECTRICO;ACTIVO;27/01/2022;2022;BUS;Bogota D.C.;1
ELECTRICO;ACTIVO;27/01/2022;2022;BUS;Bogota D.C.;1
ELECTRICO;ACTIVO;26/02/2022;2022;AUTOMOVIL;Antioquia;1
ELECTRICO;ACTIVO;11/03/2022;2022;BUS;Bogota D.C.;1
ELECTRICO;ACTIVO;22/03/2022;2022;CAMIONETA;Santander;1
ELECTRICO;ACTIVO;22/03/2022;2022;CAMIONETA;Santander;1
ELECTRICO;ACTIVO;26/01/2022;2022;BUS;Bogota D.C.;1
ELECTRICO;ACTIVO;26/01/2022;2022;BUS;Bogota D.C.;1
ELECTRICO;ACTIVO;15/03/2022;2022;CAMIONETA;Bogota D.C.;1
ELECTRICO;ACTIVO;28/01/2022;2022;BUS;Bogota D.C.;1
ELECTRICO;ACTIVO;30/03/2022;2022;CAMIONETA;Bogota D.C.;1
ELECTRICO;ACTIVO;30/03/2022;2022;CUADRICICLO;Antioquia;1
ELECTRICO;ACTIVO;30/03/2022;2022;CUADRICICLO;Antioquia;1
ELECTRICO;ACTIVO;16/01/2012;2012;MOTOCICLETA;Bogota D.C.;1
ELECTRICO;ACTIVO;8/09/2010;2010;MOTOCICLETA;Bolivar;1
ELECTRICO;ACTIVO;15/07/2010;2010;MOTOCICLETA;Antioquia;1
ELECTRICO;ACTIVO;20/08/2010;2010;AUTOMOVIL;Bogota D.C.;1
ELECTRICO;ACTIVO;15/07/2010;2010;MOTOCICLETA;Antioquia;1
ELECTRICO;ACTIVO;27/10/2011;2011;MOTOCICLETA;Santander;1
ELECTRICO;ACTIVO;23/05/2011;2011;MOTOCICLETA;Antioquia;1
ELECTRICO;ACTIVO;25/10/2010;2010;CAMIONETA;Cundinamarca;1
ELECTRICO;ACTIVO;30/10/2010;2010;MOTOCICLETA;Antioquia;1
ELECTRICO;ACTIVO;19/10/2011;2011;CAMIONETA;Cundinamarca;1
ELECTRICO;ACTIVO;25/07/2011;2011;MOTOCICLETA;Bogota D.C.;1
ELECTRICO;ACTIVO;2/02/2011;2011;MOTOCICLETA;Antioquia;1
ELECTRICO;ACTIVO;26/07/2011;2011;MOTOCICLETA;Antioquia;1
ELECTRICO;ACTIVO;18/10/2011;2011;CAMIONETA;Cundinamarca;1
ELECTRICO;ACTIVO;23/09/2013;2013;MOTOCICLETA;Bogota D.C.;1
ELECTRICO;ACTIVO;4/09/2012;2012;MOTOCICLETA;Valle del Cauca;1
ELECTRICO;ACTIVO;2/03/2012;2012;MOTOCICLETA;Antioquia;1
ELECTRICO;ACTIVO;24/11/2011;2011;AUTOMOVIL;Antioquia;1
ELECTRICO;ACTIVO;18/10/2011;2011;CAMIONETA;Cundinamarca;1
ELECTRICO;ACTIVO;23/01/2014;2014;MOTOCICLETA;Bogota D.C.;1
ELECTRICO;ACTIVO;18/09/2012;2012;MOTOCICLETA;Bogota D.C.;1
ELECTRICO;ACTIVO;17/07/2012;2012;MOTOCICLETA;Valle del Cauca;1
ELECTRICO;ACTIVO;12/05/2012;2012;MOTOCICLETA;Bogota D.C.;1
ELECTRICO;ACTIVO;21/11/2011;2011;MOTOCICLETA;Risaralda;1
ELECTRICO;ACTIVO;6/09/2013;2013;MOTOCICLETA;Bogota D.C.;1
ELECTRICO;ACTIVO;7/12/2011;2011;MOTOCICLETA;Bogota D.C.;1
ELECTRICO;ACTIVO;7/12/2011;2011;MOTOCICLETA;Bogota D.C.;1
ELECTRICO;ACTIVO;20/01/2012;2012;MOTOCICLETA;Valle del Cauca;1
ELECTRICO;ACTIVO;30/01/2012;2012;MOTOCICLETA;Bogota D.C.;1
ELECTRICO;ACTIVO;15/02/2012;2012;MOTOCICLETA;Antioquia;1
ELECTRICO;ACTIVO;21/10/2011;2011;CAMIONETA;Cundinamarca;1
ELECTRICO;ACTIVO;27/12/2011;2011;AUTOMOVIL;Bogota D.C.;1
ELECTRICO;ACTIVO;18/05/2012;2012;MOTOCICLETA;Bogota D.C.;1
ELECTRICO;ACTIVO;8/11/2012;2012;MOTOCICLETA;Choco;1
ELECTRICO;ACTIVO;6/08/2013;2013;MOTOCICLETA;Bogota D.C.;1
ELECTRICO;ACTIVO;6/12/2012;2012;AUTOMOVIL;Bogota D.C.;1
ELECTRICO;ACTIVO;6/12/2012;2012;AUTOMOVIL;Bogota D.C.;1
ELECTRICO;ACTIVO;6/12/2012;2012;AUTOMOVIL;Bogota D.C.;1
ELECTRICO;ACTIVO;24/05/2013;2013;MOTOCICLETA;Bogota D.C.;1
ELECTRICO;ACTIVO;16/05/2013;2013;MOTOCICLETA;Antioquia;1
ELECTRICO;ACTIVO;28/12/2012;2012;MOTOCICLETA;Antioquia;1
ELECTRICO;ACTIVO;15/08/2013;2013;AUTOMOVIL;Bogota D.C.;1
ELECTRICO;ACTIVO;15/08/2013;2013;AUTOMOVIL;Bogota D.C.;1
ELECTRICO;ACTIVO;15/08/2013;2013;AUTOMOVIL;Bogota D.C.;1
ELECTRICO;ACTIVO;30/01/2014;2014;AUTOMOVIL;Bogota D.C.;1
ELECTRICO;ACTIVO;15/08/2013;2013;AUTOMOVIL;Bogota D.C.;1
ELECTRICO;ACTIVO;15/08/2013;2013;AUTOMOVIL;Bogota D.C.;1
ELECTRICO;ACTIVO;15/08/2013;2013;AUTOMOVIL;Bogota D.C.;1
ELECTRICO;ACTIVO;28/11/2012;2012;MOTOCICLETA;Antioquia;1
ELECTRICO;ACTIVO;31/12/2013;2013;AUTOMOVIL;Bogota D.C.;1
ELECTRICO;ACTIVO;18/01/2013;2013;MOTOCICLETA;Antioquia;1
ELECTRICO;ACTIVO;24/05/2013;2013;MOTOCICLETA;Bogota D.C.;1
ELECTRICO;ACTIVO;24/05/2013;2013;MOTOCICLETA;Bogota D.C.;1
ELECTRICO;ACTIVO;24/05/2013;2013;MOTOCICLETA;Bogota D.C.;1
ELECTRICO;ACTIVO;24/05/2013;2013;MOTOCICLETA;Bogota D.C.;1
ELECTRICO;ACTIVO;24/05/2013;2013;MOTOCICLETA;Bogota D.C.;1
ELECTRICO;ACTIVO;23/05/2013;2013;MOTOCICLETA;Bogota D.C.;1
ELECTRICO;ACTIVO;23/05/2013;2013;MOTOCICLETA;Bogota D.C.;1
ELECTRICO;ACTIVO;24/05/2013;2013;MOTOCICLETA;Bogota D.C.;1
ELECTRICO;ACTIVO;24/05/2013;2013;MOTOCICLETA;Bogota D.C.;1
ELECTRICO;ACTIVO;8/02/2013;2013;MOTOCICLETA;Bogota D.C.;1
ELECTRICO;ACTIVO;24/05/2013;2013;MOTOCICLETA;Bogota D.C.;1
ELECTRICO;ACTIVO;24/05/2013;2013;MOTOCICLETA;Bogota D.C.;1
ELECTRICO;ACTIVO;24/05/2013;2013;MOTOCICLETA;Bogota D.C.;1
ELECTRICO;ACTIVO;24/05/2013;2013;MOTOCICLETA;Bogota D.C.;1
ELECTRICO;ACTIVO;15/03/2013;2013;MOTOCICLETA;Antioquia;1
ELECTRICO;ACTIVO;27/06/2013;2013;MOTOCICLETA;Antioquia;1
ELECTRICO;ACTIVO;11/07/2013;2013;MOTOCICLETA;Norte de Santander;1
ELECTRICO;ACTIVO;23/01/2014;2014;MOTOCICLETA;Bogota D.C.;1
ELECTRICO;ACTIVO;3/09/2014;2014;MOTOCICLETA;Casanare;1
ELECTRICO;ACTIVO;3/01/2014;2014;MOTOCICLETA;Antioquia;1
ELECTRICO;ACTIVO;2/09/2013;2013;MOTOCICLETA;Bogota D.C.;1
ELECTRICO;ACTIVO;17/12/2013;2013;MOTOCICLETA;Cundinamarca;1
ELECTRICO;ACTIVO;18/12/2013;2013;MOTOCICLETA;Bogota D.C.;1
ELECTRICO;ACTIVO;5/09/2013;2013;MOTOCICLETA;Antioquia;1
ELECTRICO;ACTIVO;4/12/2013;2013;MOTOCICLETA;Valle del Cauca;1
ELECTRICO;ACTIVO;14/04/2014;2014;MOTOCICLETA;Bogota D.C.;1
ELECTRICO;ACTIVO;11/09/2013;2013;MOTOCICLETA;Bogota D.C.;1
ELECTRICO;ACTIVO;24/06/2013;2013;MOTOCICLETA;Antioquia;1
ELECTRICO;ACTIVO;11/09/2013;2013;MOTOCICLETA;Bogota D.C.;1
ELECTRICO;ACTIVO;28/06/2013;2013;MOTOCICLETA;Antioquia;1
ELECTRICO;ACTIVO;27/12/2013;2013;MOTOCICLETA;Antioquia;1
ELECTRICO;ACTIVO;18/12/2013;2013;MOTOCICLETA;Bogota D.C.;1
ELECTRICO;ACTIVO;2/04/2014;2014;MOTOCICLETA;Santander;1
ELECTRICO;ACTIVO;21/08/2014;2014;MOTOCICLETA;Antioquia;1
ELECTRICO;ACTIVO;19/07/2014;2014;MOTOCICLETA;Antioquia;1
ELECTRICO;ACTIVO;19/05/2014;2014;MOTOCICLETA;Antioquia;1
ELECTRICO;ACTIVO;14/02/2014;2014;MOTOCICLETA;Antioquia;1
ELECTRICO;ACTIVO;1/08/2014;2014;MOTOCICLETA;Cordoba;1
ELECTRICO;ACTIVO;17/02/2014;2014;MOTOCICLETA;Bogota D.C.;1
ELECTRICO;ACTIVO;19/12/2014;2014;MOTOCICLETA;Valle del Cauca;1
ELECTRICO;ACTIVO;22/07/2015;2015;MOTOCICLETA;Cauca;1
ELECTRICO;ACTIVO;15/05/2014;2014;MOTOCICLETA;Bogota D.C.;1
ELECTRICO;ACTIVO;1/08/2014;2014;MOTOCICLETA;Santander;1
ELECTRICO;ACTIVO;10/09/2014;2014;MOTOCICLETA;Bogota D.C.;1
ELECTRICO;ACTIVO;9/06/2014;2014;MOTOCICLETA;Huila;1
ELECTRICO;ACTIVO;15/01/2016;2016;MOTOCICLETA;Huila;1
ELECTRICO;ACTIVO;12/12/2014;2014;MOTOCICLETA;Bogota D.C.;1
ELECTRICO;ACTIVO;12/02/2014;2014;MOTOCICLETA;Santander;1
ELECTRICO;ACTIVO;20/05/2014;2014;MOTOCICLETA;Huila;1
ELECTRICO;ACTIVO;26/08/2015;2015;MOTOCICLETA;Valle del Cauca;1
ELECTRICO;ACTIVO;18/09/2014;2014;MOTOCICLETA;Valle del Cauca;1
ELECTRICO;ACTIVO;30/07/2014;2014;MOTOCICLETA;Antioquia;1
ELECTRICO;ACTIVO;17/12/2014;2014;MOTOCICLETA;Valle del Cauca;1
ELECTRICO;ACTIVO;5/05/2014;2014;MOTOCICLETA;Antioquia;1
ELECTRICO;ACTIVO;12/08/2014;2014;MOTOCICLETA;Antioquia;1
ELECTRICO;ACTIVO;24/07/2014;2014;CAMIONETA;Antioquia;1
ELECTRICO;ACTIVO;29/07/2014;2014;CAMIONETA;Antioquia;1
ELECTRICO;ACTIVO;11/07/2014;2014;CAMIONETA;Antioquia;1
ELECTRICO;ACTIVO;20/03/2014;2014;MOTOCICLETA;Santander;1
ELECTRICO;ACTIVO;5/03/2014;2014;MOTOCICLETA;Santander;1
ELECTRICO;ACTIVO;19/11/2014;2014;MOTOCICLETA;Antioquia;1
ELECTRICO;ACTIVO;31/03/2015;2015;MOTOCICLETA;Antioquia;1
ELECTRICO;ACTIVO;9/02/2016;2016;MOTOCICLETA;Bogota D.C.;1
ELECTRICO;ACTIVO;16/03/2015;2015;MOTOCICLETA;Antioquia;1
ELECTRICO;ACTIVO;8/02/2016;2016;MOTOCICLETA;Valle del Cauca;1
ELECTRICO;ACTIVO;10/04/2015;2015;MOTOCICLETA;Antioquia;1
ELECTRICO;ACTIVO;10/11/2015;2015;MOTOCICLETA;Bogota D.C.;1
ELECTRICO;ACTIVO;28/11/2014;2014;MOTOCICLETA;Antioquia;1
ELECTRICO;ACTIVO;23/04/2015;2015;AUTOMOVIL;Bogota D.C.;1
ELECTRICO;ACTIVO;24/02/2015;2015;MOTOCICLETA;Antioquia;1
ELECTRICO;ACTIVO;6/03/2015;2015;MOTOCICLETA;Santander;1
ELECTRICO;ACTIVO;22/01/2015;2015;CAMIONETA;Bogota D.C.;1
ELECTRICO;ACTIVO;21/11/2014;2014;CAMIONETA;Bogota D.C.;1
ELECTRICO;ACTIVO;24/12/2014;2014;MOTOCICLETA;Antioquia;1
ELECTRICO;ACTIVO;26/12/2014;2014;MOTOCICLETA;Antioquia;1
ELECTRICO;ACTIVO;13/02/2015;2015;MOTOCICLETA;Antioquia;1
ELECTRICO;ACTIVO;10/02/2015;2015;AUTOMOVIL;Antioquia;1
ELECTRICO;ACTIVO;14/05/2015;2015;MOTOCICLETA;Bogota D.C.;1
ELECTRICO;ACTIVO;30/10/2014;2014;MOTOCICLETA;Santander;1
ELECTRICO;ACTIVO;19/09/2014;2014;MOTOCICLETA;Valle del Cauca;1
ELECTRICO;ACTIVO;7/01/2015;2015;MOTOCICLETA;Cordoba;1
ELECTRICO;ACTIVO;15/09/2014;2014;MOTOCICLETA;Antioquia;1
ELECTRICO;ACTIVO;27/09/2014;2014;MOTOCICLETA;Antioquia;1
ELECTRICO;ACTIVO;4/03/2015;2015;MOTOCICLETA;Antioquia;1
ELECTRICO;ACTIVO;13/11/2014;2014;CAMIONETA;Risaralda;1
ELECTRICO;ACTIVO;16/05/2015;2015;MOTOCICLETA;Bogota D.C.;1
ELECTRICO;ACTIVO;14/10/2015;2015;MOTOCICLETA;Bogota D.C.;1
ELECTRICO;ACTIVO;10/06/2015;2015;AUTOMOVIL;Bogota D.C.;1
ELECTRICO;ACTIVO;11/06/2015;2015;AUTOMOVIL;Risaralda;1
ELECTRICO;ACTIVO;14/10/2015;2015;AUTOMOVIL;Bogota D.C.;1
ELECTRICO;ACTIVO;24/06/2015;2015;AUTOMOVIL;Caldas;1
ELECTRICO;ACTIVO;7/07/2015;2015;AUTOMOVIL;Bogota D.C.;1
ELECTRICO;ACTIVO;25/06/2015;2015;AUTOMOVIL;Risaralda;1
ELECTRICO;ACTIVO;2/07/2015;2015;AUTOMOVIL;Antioquia;1
ELECTRICO;ACTIVO;16/07/2015;2015;AUTOMOVIL;Valle del Cauca;1
ELECTRICO;ACTIVO;30/06/2015;2015;AUTOMOVIL;Bogota D.C.;1
ELECTRICO;ACTIVO;9/06/2015;2015;AUTOMOVIL;Bogota D.C.;1
ELECTRICO;ACTIVO;11/11/2015;2015;MOTOCICLETA;Santander;1
ELECTRICO;ACTIVO;28/08/2015;2015;AUTOMOVIL;Magdalena;1
ELECTRICO;ACTIVO;13/06/2015;2015;AUTOMOVIL;Antioquia;1
ELECTRICO;ACTIVO;27/02/2017;2017;AUTOMOVIL;Bogota D.C.;1
ELECTRICO;ACTIVO;11/09/2015;2015;MOTOCICLETA;Bogota D.C.;1
ELECTRICO;ACTIVO;4/12/2015;2015;AUTOMOVIL;Bogota D.C.;1
ELECTRICO;ACTIVO;26/08/2015;2015;MOTOCICLETA;Santander;1
ELECTRICO;ACTIVO;11/09/2015;2015;AUTOMOVIL;Bolivar;1
ELECTRICO;ACTIVO;22/10/2015;2015;MOTOCICLETA;Caqueta;1
ELECTRICO;ACTIVO;13/06/2015;2015;AUTOMOVIL;Antioquia;1
ELECTRICO;ACTIVO;2/12/2015;2015;MOTOCICLETA;Bogota D.C.;1
ELECTRICO;ACTIVO;29/12/2016;2016;AUTOMOVIL;Bogota D.C.;1
ELECTRICO;ACTIVO;29/04/2016;2016;AUTOMOVIL;Caldas;1
ELECTRICO;ACTIVO;20/05/2016;2016;AUTOMOVIL;Bogota D.C.;1
ELECTRICO;ACTIVO;29/10/2015;2015;AUTOMOVIL;Bogota D.C.;1
ELECTRICO;ACTIVO;16/10/2015;2015;MOTOCICLETA;Santander;1
ELECTRICO;ACTIVO;23/06/2016;2016;AUTOMOVIL;Huila;1
ELECTRICO;ACTIVO;31/10/2015;2015;AUTOMOVIL;Bogota D.C.;1
ELECTRICO;ACTIVO;19/10/2015;2015;AUTOMOVIL;Bogota D.C.;1
ELECTRICO;ACTIVO;27/09/2017;2017;AUTOMOVIL;Bogota D.C.;1
ELECTRICO;ACTIVO;30/07/2015;2015;AUTOMOVIL;Bogota D.C.;1
ELECTRICO;ACTIVO;29/07/2015;2015;AUTOMOVIL;Bogota D.C.;1
ELECTRICO;ACTIVO;25/01/2016;2016;AUTOMOVIL;Antioquia;1
ELECTRICO;ACTIVO;11/11/2016;2016;AUTOMOVIL;Bogota D.C.;1
ELECTRICO;ACTIVO;4/08/2015;2015;MOTOCICLETA;Valle del Cauca;1
ELECTRICO;ACTIVO;8/01/2016;2016;CAMIONETA;Bogota D.C.;1
ELECTRICO;ACTIVO;24/11/2015;2015;MOTOCICLETA;Antioquia;1
ELECTRICO;ACTIVO;21/12/2016;2016;AUTOMOVIL;Antioquia;1
ELECTRICO;ACTIVO;19/12/2016;2016;AUTOMOVIL;Bogota D.C.;1
ELECTRICO;ACTIVO;19/08/2016;2016;AUTOMOVIL;Bogota D.C.;1
ELECTRICO;ACTIVO;30/11/2016;2016;AUTOMOVIL;Antioquia;1
ELECTRICO;ACTIVO;22/08/2016;2016;AUTOMOVIL;Caldas;1
ELECTRICO;ACTIVO;25/10/2016;2016;AUTOMOVIL;Risaralda;1
ELECTRICO;ACTIVO;22/11/2016;2016;AUTOMOVIL;Antioquia;1
ELECTRICO;ACTIVO;11/11/2015;2015;MOTOCICLETA;Santander;1
ELECTRICO;ACTIVO;4/02/2016;2016;CAMIONETA;Valle del Cauca;1
ELECTRICO;ACTIVO;20/08/2015;2015;MOTOCICLETA;Santander;1
ELECTRICO;ACTIVO;14/01/2016;2016;MOTOCICLETA;Valle del Cauca;1
ELECTRICO;ACTIVO;17/06/2015;2015;AUTOMOVIL;Bogota D.C.;1
ELECTRICO;ACTIVO;2/12/2015;2015;MOTOCICLETA;Bogota D.C.;1
ELECTRICO;ACTIVO;8/10/2015;2015;MOTOCICLETA;Valle del Cauca;1
ELECTRICO;ACTIVO;23/12/2015;2015;MOTOCICLETA;Antioquia;1
ELECTRICO;ACTIVO;14/08/2015;2015;AUTOMOVIL;Bogota D.C.;1
ELECTRICO;ACTIVO;1/09/2016;2016;AUTOMOVIL;Bogota D.C.;1
ELECTRICO;ACTIVO;4/02/2016;2016;MOTOCICLETA;Valle del Cauca;1
ELECTRICO;ACTIVO;11/02/2016;2016;AUTOMOVIL;Bogota D.C.;1
ELECTRICO;ACTIVO;1/09/2015;2015;MOTOCICLETA;Bogota D.C.;1
ELECTRICO;ACTIVO;27/05/2016;2016;AUTOMOVIL;Bogota D.C.;1
ELECTRICO;ACTIVO;2/10/2015;2015;MOTOCICLETA;Santander;1
ELECTRICO;ACTIVO;2/12/2016;2016;AUTOMOVIL;Meta;1
ELECTRICO;ACTIVO;18/06/2015;2015;MOTOCICLETA;Santander;1
ELECTRICO;ACTIVO;28/07/2016;2016;AUTOMOVIL;Antioquia;1
ELECTRICO;ACTIVO;28/07/2016;2016;AUTOMOVIL;Antioquia;1
ELECTRICO;ACTIVO;1/02/2016;2016;AUTOMOVIL;Bogota D.C.;1
ELECTRICO;ACTIVO;12/11/2015;2015;MOTOCICLETA;Antioquia;1
ELECTRICO;ACTIVO;7/09/2015;2015;MOTOCICLETA;Antioquia;1
ELECTRICO;ACTIVO;11/10/2018;2018;AUTOMOVIL;Bogota D.C.;1
ELECTRICO;ACTIVO;12/02/2016;2016;MOTOCICLETA;Antioquia;1
ELECTRICO;ACTIVO;12/08/2016;2016;MOTOCARRO;Cundinamarca;1
ELECTRICO;ACTIVO;4/08/2016;2016;MOTOCICLETA;Santander;1
ELECTRICO;ACTIVO;21/06/2016;2016;MOTOCICLETA;Antioquia;1
ELECTRICO;ACTIVO;10/11/2016;2016;MOTOCARRO;Cundinamarca;1
ELECTRICO;ACTIVO;10/11/2016;2016;MOTOCARRO;Cundinamarca;1
ELECTRICO;ACTIVO;12/08/2016;2016;MOTOCARRO;Cundinamarca;1
ELECTRICO;ACTIVO;12/08/2016;2016;MOTOCARRO;Cundinamarca;1
ELECTRICO;ACTIVO;19/10/2016;2016;MOTOCICLETA;Valle del Cauca;1
ELECTRICO;ACTIVO;29/11/2016;2016;MOTOCICLETA;Bolivar;1
ELECTRICO;ACTIVO;4/07/2018;2018;MOTOCICLETA;Valle del Cauca;1
ELECTRICO;ACTIVO;23/09/2016;2016;MOTOCICLETA;Tolima;1
ELECTRICO;ACTIVO;10/11/2016;2016;MOTOCARRO;Cundinamarca;1
ELECTRICO;ACTIVO;25/04/2016;2016;MOTOCICLETA;Antioquia;1
ELECTRICO;ACTIVO;7/03/2016;2016;MOTOCICLETA;Antioquia;1
ELECTRICO;ACTIVO;11/10/2016;2016;MOTOCARRO;Cundinamarca;1
ELECTRICO;ACTIVO;29/02/2016;2016;MOTOCICLETA;Santander;1
ELECTRICO;ACTIVO;30/04/2016;2016;CAMIONETA;Bogota D.C.;1
ELECTRICO;ACTIVO;23/05/2016;2016;AUTOMOVIL;Bogota D.C.;1
ELECTRICO;ACTIVO;19/12/2016;2016;AUTOMOVIL;Bogota D.C.;1
ELECTRICO;ACTIVO;19/05/2016;2016;MOTOCICLETA;Antioquia;1
ELECTRICO;ACTIVO;11/10/2016;2016;MOTOCARRO;Cundinamarca;1
ELECTRICO;ACTIVO;3/11/2016;2016;MOTOCICLETA;Antioquia;1
ELECTRICO;ACTIVO;11/03/2016;2016;MOTOCICLETA;Santander;1
ELECTRICO;ACTIVO;12/12/2016;2016;AUTOMOVIL;Bogota D.C.;1
ELECTRICO;ACTIVO;10/11/2016;2016;MOTOCARRO;Cundinamarca;1
ELECTRICO;ACTIVO;22/08/2016;2016;MOTOCICLETA;Valle del Cauca;1
ELECTRICO;ACTIVO;29/04/2016;2016;MOTOCICLETA;Santander;1
ELECTRICO;ACTIVO;7/04/2016;2016;MOTOCICLETA;Antioquia;1
ELECTRICO;ACTIVO;1/04/2016;2016;MOTOCICLETA;Santander;1
ELECTRICO;ACTIVO;22/01/2016;2016;MOTOCICLETA;Bogota D.C.;1
ELECTRICO;ACTIVO;11/10/2016;2016;MOTOCARRO;Cundinamarca;1
ELECTRICO;ACTIVO;11/10/2016;2016;MOTOCICLETA;Tolima;1
ELECTRICO;ACTIVO;12/08/2016;2016;MOTOCARRO;Cundinamarca;1
ELECTRICO;ACTIVO;22/05/2017;2017;MOTOCICLETA;Antioquia;1
ELECTRICO;ACTIVO;30/03/2017;2017;MOTOCICLETA;Antioquia;1
ELECTRICO;ACTIVO;16/03/2017;2017;CAMIONETA;Antioquia;1
ELECTRICO;ACTIVO;24/04/2017;2017;MOTOCICLETA;Antioquia;1
ELECTRICO;ACTIVO;30/05/2017;2017;CAMIONETA;Bogota D.C.;1
ELECTRICO;ACTIVO;28/12/2016;2016;MOTOCARRO;Cundinamarca;1
ELECTRICO;ACTIVO;31/08/2017;2017;AUTOMOVIL;Antioquia;1
ELECTRICO;ACTIVO;20/04/2017;2017;MOTOCICLETA;Antioquia;1
ELECTRICO;ACTIVO;3/01/2017;2017;MOTOCICLETA;Antioquia;1
ELECTRICO;ACTIVO;30/11/2016;2016;MOTOCICLETA;Antioquia;1
ELECTRICO;ACTIVO;26/07/2017;2017;MOTOCICLETA;Huila;1
ELECTRICO;ACTIVO;26/12/2016;2016;MOTOCICLETA;Antioquia;1
ELECTRICO;ACTIVO;16/12/2016;2016;CAMIONETA;Risaralda;1
ELECTRICO;ACTIVO;25/02/2017;2017;MOTOCICLETA;Antioquia;1
ELECTRICO;ACTIVO;28/12/2016;2016;MOTOCARRO;Cundinamarca;1
ELECTRICO;ACTIVO;31/08/2017;2017;AUTOMOVIL;Antioquia;1
ELECTRICO;ACTIVO;15/09/2017;2017;AUTOMOVIL;Bogota D.C.;1
ELECTRICO;ACTIVO;21/02/2017;2017;CAMIONETA;Antioquia;1
ELECTRICO;ACTIVO;30/01/2018;2018;CUADRICICLO;Bogota D.C.;1
ELECTRICO;ACTIVO;25/07/2018;2018;AUTOMOVIL;Bogota D.C.;1
ELECTRICO;ACTIVO;31/07/2018;2018;CUADRICICLO;Bogota D.C.;1
ELECTRICO;ACTIVO;22/02/2018;2018;AUTOMOVIL;Bogota D.C.;1
ELECTRICO;ACTIVO;1/11/2018;2018;CAMION;Antioquia;1
ELECTRICO;ACTIVO;22/03/2019;2019;AUTOMOVIL;Bogota D.C.;1
ELECTRICO;ACTIVO;19/12/2018;2018;AUTOMOVIL;Antioquia;1
ELECTRICO;ACTIVO;28/06/2018;2018;MOTOCICLETA;Antioquia;1
ELECTRICO;ACTIVO;27/02/2018;2018;CUADRICICLO;Bogota D.C.;1
ELECTRICO;ACTIVO;1/11/2017;2017;CUADRICICLO;Cundinamarca;1
ELECTRICO;ACTIVO;13/12/2018;2018;AUTOMOVIL;Bogota D.C.;1
ELECTRICO;ACTIVO;23/10/2018;2018;AUTOMOVIL;Bogota D.C.;1
ELECTRICO;ACTIVO;28/03/2019;2019;AUTOMOVIL;Bogota D.C.;1
ELECTRICO;ACTIVO;19/03/2019;2019;CUADRICICLO;Bogota D.C.;1
ELECTRICO;ACTIVO;1/11/2018;2018;CAMIONETA;Bogota D.C.;1
ELECTRICO;ACTIVO;29/06/2018;2018;AUTOMOVIL;Bogota D.C.;1
ELECTRICO;ACTIVO;11/04/2019;2019;AUTOMOVIL;Bogota D.C.;1
ELECTRICO;ACTIVO;8/11/2018;2018;CAMIONETA;Bogota D.C.;1
ELECTRICO;ACTIVO;8/11/2018;2018;CAMIONETA;Bogota D.C.;1
ELECTRICO;ACTIVO;29/11/2017;2017;CUADRICICLO;Antioquia;1
ELECTRICO;ACTIVO;29/03/2019;2019;CUADRICICLO;Santander;1
ELECTRICO;ACTIVO;28/12/2018;2018;CUADRICICLO;Antioquia;1
ELECTRICO;ACTIVO;28/02/2019;2019;CUADRICICLO;Antioquia;1
ELECTRICO;ACTIVO;23/04/2019;2019;AUTOMOVIL;Antioquia;1
ELECTRICO;ACTIVO;28/02/2019;2019;AUTOMOVIL;Bogota D.C.;1
ELECTRICO;ACTIVO;22/02/2019;2019;CAMIONETA;Cundinamarca;1
ELECTRICO;ACTIVO;20/02/2019;2019;CAMIONETA;Cundinamarca;1
ELECTRICO;ACTIVO;20/02/2019;2019;CAMIONETA;Cundinamarca;1
ELECTRICO;ACTIVO;31/05/2019;2019;CAMIONETA;Antioquia;1
ELECTRICO;ACTIVO;8/08/2018;2018;CUADRICICLO;Bogota D.C.;1
ELECTRICO;ACTIVO;2/08/2018;2018;CUADRICICLO;Bogota D.C.;1
ELECTRICO;ACTIVO;16/11/2018;2018;CUADRICICLO;Antioquia;1
ELECTRICO;ACTIVO;24/01/2018;2018;MOTOCICLETA;Antioquia;1
ELECTRICO;ACTIVO;9/05/2018;2018;CUADRICICLO;Antioquia;1
ELECTRICO;ACTIVO;15/05/2018;2018;CUADRICICLO;Antioquia;1
ELECTRICO;ACTIVO;26/12/2018;2018;CAMION;Antioquia;1
ELECTRICO;ACTIVO;22/05/2018;2018;AUTOMOVIL;Santander;1
ELECTRICO;ACTIVO;21/12/2018;2018;CUADRICICLO;Bogota D.C.;1
ELECTRICO;ACTIVO;5/02/2020;2020;CUADRICICLO;Quindio;1
ELECTRICO;ACTIVO;15/05/2018;2018;AUTOMOVIL;Antioquia;1
ELECTRICO;ACTIVO;29/01/2019;2019;AUTOMOVIL;Bogota D.C.;1
ELECTRICO;ACTIVO;28/12/2018;2018;AUTOMOVIL;Bogota D.C.;1
ELECTRICO;ACTIVO;10/05/2019;2019;CAMIONETA;Bogota D.C.;1
ELECTRICO;ACTIVO;14/02/2019;2019;CAMIONETA;Santander;1
ELECTRICO;ACTIVO;9/05/2019;2019;CAMIONETA;Antioquia;1
ELECTRICO;ACTIVO;1/11/2018;2018;CAMION;Antioquia;1
ELECTRICO;ACTIVO;28/12/2018;2018;AUTOMOVIL;Antioquia;1
ELECTRICO;ACTIVO;26/11/2018;2018;AUTOMOVIL;Bogota D.C.;1
ELECTRICO;ACTIVO;27/11/2018;2018;AUTOMOVIL;Bogota D.C.;1
ELECTRICO;ACTIVO;9/08/2018;2018;AUTOMOVIL;Bogota D.C.;1
ELECTRICO;ACTIVO;18/01/2018;2018;MOTOCICLETA;Valle del Cauca;1
ELECTRICO;ACTIVO;31/01/2019;2019;AUTOMOVIL;Norte de Santander;1
ELECTRICO;ACTIVO;21/09/2018;2018;AUTOMOVIL;Cundinamarca;1
ELECTRICO;ACTIVO;25/07/2018;2018;AUTOMOVIL;Antioquia;1
ELECTRICO;ACTIVO;5/12/2018;2018;MOTOCARRO;Antioquia;1
ELECTRICO;ACTIVO;27/04/2018;2018;MOTOCICLETA;Valle del Cauca;1
ELECTRICO;ACTIVO;29/12/2018;2018;AUTOMOVIL;Bogota D.C.;1
ELECTRICO;ACTIVO;24/12/2018;2018;AUTOMOVIL;Antioquia;1
ELECTRICO;ACTIVO;27/09/2018;2018;AUTOMOVIL;Antioquia;1
ELECTRICO;ACTIVO;28/03/2018;2018;AUTOMOVIL;Antioquia;1
ELECTRICO;ACTIVO;26/10/2018;2018;AUTOMOVIL;Antioquia;1
ELECTRICO;ACTIVO;28/03/2018;2018;CUADRICICLO;Bogota D.C.;1
ELECTRICO;ACTIVO;29/09/2018;2018;AUTOMOVIL;Bogota D.C.;1
ELECTRICO;ACTIVO;11/12/2018;2018;AUTOMOVIL;Antioquia;1
ELECTRICO;ACTIVO;29/05/2018;2018;CUADRICICLO;Bogota D.C.;1
ELECTRICO;ACTIVO;27/02/2019;2019;AUTOMOVIL;Bogota D.C.;1
ELECTRICO;ACTIVO;5/03/2019;2019;AUTOMOVIL;Bogota D.C.;1
ELECTRICO;ACTIVO;31/01/2019;2019;AUTOMOVIL;Bogota D.C.;1
ELECTRICO;ACTIVO;14/02/2019;2019;AUTOMOVIL;Bogota D.C.;1
ELECTRICO;ACTIVO;3/10/2018;2018;CAMIONETA;Antioquia;1
ELECTRICO;ACTIVO;5/12/2018;2018;AUTOMOVIL;Bogota D.C.;1
ELECTRICO;ACTIVO;22/01/2019;2019;AUTOMOVIL;Bogota D.C.;1
ELECTRICO;ACTIVO;27/02/2019;2019;CUADRICICLO;Bogota D.C.;1
ELECTRICO;ACTIVO;15/05/2019;2019;CUADRICICLO;Bogota D.C.;1
ELECTRICO;ACTIVO;29/10/2015;2015;MOTOCICLETA;Antioquia;1
ELECTRICO;ACTIVO;25/06/2015;2015;AUTOMOVIL;Antioquia;1
ELECTRICO;ACTIVO;22/12/2014;2014;MOTOCICLETA;Bogota D.C.;1
ELECTRICO;ACTIVO;6/05/2015;2015;MOTOCICLETA;Cundinamarca;1
ELECTRICO;ACTIVO;3/01/2017;2017;MOTOCICLETA;Antioquia;1
ELECTRICO;ACTIVO;12/09/2013;2013;MOTOCICLETA;Bogota D.C.;1
ELECTRICO;ACTIVO;15/03/2013;2013;MOTOCICLETA;Antioquia;1
ELECTRICO;ACTIVO;24/05/2013;2013;MOTOCICLETA;Bogota D.C.;1
ELECTRICO;ACTIVO;21/06/2013;2013;MOTOCICLETA;Antioquia;1
ELECTRICO;ACTIVO;17/02/2020;2020;AUTOMOVIL;Antioquia;1
ELECTRICO;ACTIVO;8/04/2021;2021;TRICIMOTO;Valle del Cauca;1
ELECTRICO;ACTIVO;12/11/2020;2020;BUS;Bogota D.C.;1
ELECTRICO;ACTIVO;11/11/2020;2020;BUS;Bogota D.C.;1
ELECTRICO;ACTIVO;27/01/2021;2021;AUTOMOVIL;Antioquia;1
ELECTRICO;ACTIVO;29/08/2020;2020;TRICIMOTO;Valle del Cauca;1
ELECTRICO;ACTIVO;11/11/2020;2020;BUS;Bogota D.C.;1
ELECTRICO;ACTIVO;19/07/2021;2021;AUTOMOVIL;Meta;1
ELECTRICO;ACTIVO;11/03/2020;2020;CAMIONETA;Antioquia;1
ELECTRICO;ACTIVO;11/03/2020;2020;CAMIONETA;Antioquia;1
ELECTRICO;ACTIVO;26/10/2019;2019;AUTOMOVIL;Antioquia;1
ELECTRICO;ACTIVO;13/02/2020;2020;AUTOMOVIL;Bogota D.C.;1
ELECTRICO;ACTIVO;26/02/2020;2020;AUTOMOVIL;Bogota D.C.;1
ELECTRICO;ACTIVO;12/12/2019;2019;AUTOMOVIL;Bogota D.C.;1
ELECTRICO;ACTIVO;29/11/2019;2019;AUTOMOVIL;Bogota D.C.;1
ELECTRICO;ACTIVO;29/11/2019;2019;AUTOMOVIL;Cundinamarca;1
ELECTRICO;ACTIVO;19/03/2020;2020;AUTOMOVIL;Cundinamarca;1
ELECTRICO;ACTIVO;16/06/2020;2020;AUTOMOVIL;Bogota D.C.;1
ELECTRICO;ACTIVO;28/08/2020;2020;TRICIMOTO;Atlantico;1
ELECTRICO;ACTIVO;5/11/2020;2020;BUS;Bogota D.C.;1
ELECTRICO;ACTIVO;23/05/2019;2019;AUTOMOVIL;Bogota D.C.;1
ELECTRICO;ACTIVO;7/01/2021;2021;AUTOMOVIL;Bolivar;1
ELECTRICO;ACTIVO;7/01/2021;2021;AUTOMOVIL;Santander;1
ELECTRICO;ACTIVO;22/07/2020;2020;AUTOMOVIL;Bogota D.C.;1
ELECTRICO;ACTIVO;28/12/2019;2019;AUTOMOVIL;Bogota D.C.;1
ELECTRICO;ACTIVO;15/03/2022;2022;CAMIONETA;Antioquia;1
ELECTRICO;ACTIVO;11/09/2021;2021;CAMIONETA;Antioquia;1
ELECTRICO;ACTIVO;10/06/2021;2021;CAMIONETA;Antioquia;1
ELECTRICO;ACTIVO;17/09/2021;2021;AUTOMOVIL;Antioquia;1
ELECTRICO;ACTIVO;25/11/2021;2021;AUTOMOVIL;Antioquia;1
ELECTRICO;ACTIVO;13/11/2020;2020;MOTOCARRO;Bogota D.C.;1
ELECTRICO;ACTIVO;21/05/2020;2020;AUTOMOVIL;Antioquia;1
ELECTRICO;ACTIVO;19/03/2021;2021;AUTOMOVIL;Bogota D.C.;1
ELECTRICO;ACTIVO;19/07/2019;2019;AUTOMOVIL;Antioquia;1
ELECTRICO;ACTIVO;22/07/2019;2019;AUTOMOVIL;Antioquia;1
ELECTRICO;ACTIVO;25/11/2021;2021;CAMION;Antioquia;1
ELECTRICO;ACTIVO;10/12/2020;2020;CAMION;Antioquia;1
ELECTRICO;ACTIVO;6/05/2021;2021;CAMION;Antioquia;1
ELECTRICO;ACTIVO;24/11/2021;2021;CAMION;Antioquia;1
ELECTRICO;ACTIVO;10/12/2020;2020;CAMION;Antioquia;1
ELECTRICO;ACTIVO;25/11/2021;2021;CAMION;Antioquia;1
ELECTRICO;ACTIVO;24/03/2021;2021;CAMION;Antioquia;1
ELECTRICO;ACTIVO;25/11/2021;2021;CAMION;Antioquia;1
ELECTRICO;ACTIVO;3/02/2021;2021;CAMION;Antioquia;1
ELECTRICO;ACTIVO;22/05/2019;2019;AUTOMOVIL;Antioquia;1
ELECTRICO;ACTIVO;9/12/2019;2019;AUTOMOVIL;Bogota D.C.;1
ELECTRICO;ACTIVO;10/12/2019;2019;AUTOMOVIL;Bogota D.C.;1
ELECTRICO;ACTIVO;30/11/2019;2019;AUTOMOVIL;Antioquia;1
ELECTRICO;ACTIVO;18/12/2019;2019;AUTOMOVIL;Antioquia;1
ELECTRICO;ACTIVO;28/12/2019;2019;AUTOMOVIL;Valle del Cauca;1
ELECTRICO;ACTIVO;9/12/2019;2019;CAMION;Cundinamarca;1
ELECTRICO;ACTIVO;7/01/2020;2020;CAMION;Cundinamarca;1
ELECTRICO;ACTIVO;5/12/2019;2019;CAMION;Cundinamarca;1
ELECTRICO;ACTIVO;9/12/2019;2019;CAMION;Cundinamarca;1
ELECTRICO;ACTIVO;9/12/2019;2019;CAMION;Cundinamarca;1
ELECTRICO;ACTIVO;9/12/2019;2019;CAMION;Cundinamarca;1
ELECTRICO;ACTIVO;21/01/2020;2020;CAMION;Cundinamarca;1
ELECTRICO;ACTIVO;19/12/2019;2019;CAMION;Antioquia;1
ELECTRICO;ACTIVO;19/12/2019;2019;CAMION;Antioquia;1
ELECTRICO;ACTIVO;9/10/2019;2019;AUTOMOVIL;Antioquia;1
ELECTRICO;ACTIVO;27/05/2020;2020;CAMIONETA;Bogota D.C.;1
ELECTRICO;ACTIVO;16/10/2020;2020;CAMIONETA;Bogota D.C.;1
ELECTRICO;ACTIVO;8/06/2020;2020;AUTOMOVIL;Bogota D.C.;1
ELECTRICO;ACTIVO;13/02/2020;2020;AUTOMOVIL;Bogota D.C.;1
ELECTRICO;ACTIVO;25/02/2020;2020;AUTOMOVIL;Bogota D.C.;1
ELECTRICO;ACTIVO;18/03/2020;2020;AUTOMOVIL;Cundinamarca;1
ELECTRICO;ACTIVO;29/02/2020;2020;AUTOMOVIL;Bogota D.C.;1
ELECTRICO;ACTIVO;25/02/2020;2020;AUTOMOVIL;Antioquia;1
ELECTRICO;ACTIVO;11/11/2020;2020;BUS;Bogota D.C.;1
ELECTRICO;ACTIVO;9/11/2020;2020;BUS;Bogota D.C.;1
ELECTRICO;ACTIVO;10/11/2020;2020;BUS;Bogota D.C.;1
ELECTRICO;ACTIVO;10/11/2020;2020;BUS;Bogota D.C.;1
ELECTRICO;ACTIVO;18/11/2020;2020;BUS;Bogota D.C.;1
ELECTRICO;ACTIVO;10/11/2020;2020;BUS;Bogota D.C.;1
ELECTRICO;ACTIVO;11/11/2020;2020;BUS;Bogota D.C.;1
ELECTRICO;ACTIVO;10/02/2020;2020;AUTOMOVIL;Atlantico;1
ELECTRICO;ACTIVO;9/03/2019;2019;MOTOCICLETA;Antioquia;1
ELECTRICO;ACTIVO;29/01/2020;2020;AUTOMOVIL;Bogota D.C.;1
ELECTRICO;ACTIVO;27/11/2019;2019;AUTOMOVIL;Bogota D.C.;1
ELECTRICO;ACTIVO;30/11/2019;2019;AUTOMOVIL;Bogota D.C.;1
ELECTRICO;ACTIVO;26/11/2019;2019;AUTOMOVIL;Bogota D.C.;1
ELECTRICO;ACTIVO;15/04/2019;2019;AUTOMOVIL;Bogota D.C.;1
ELECTRICO;ACTIVO;24/05/2019;2019;AUTOMOVIL;Bogota D.C.;1
ELECTRICO;ACTIVO;7/05/2019;2019;AUTOMOVIL;Bogota D.C.;1
ELECTRICO;ACTIVO;28/08/2019;2019;CUATRIMOTO;Valle del Cauca;1
ELECTRICO;ACTIVO;19/09/2019;2019;AUTOMOVIL;Cundinamarca;1
ELECTRICO;ACTIVO;18/03/2019;2019;AUTOMOVIL;Bogota D.C.;1
ELECTRICO;ACTIVO;8/10/2019;2019;CUADRICICLO;Bogota D.C.;1
ELECTRICO;ACTIVO;30/11/2019;2019;AUTOMOVIL;Bogota D.C.;1
ELECTRICO;ACTIVO;23/08/2019;2019;AUTOMOVIL;Bogota D.C.;1
ELECTRICO;ACTIVO;22/11/2019;2019;AUTOMOVIL;Bogota D.C.;1
ELECTRICO;ACTIVO;27/01/2020;2020;MOTOCICLETA;Bogota D.C.;1
ELECTRICO;ACTIVO;6/05/2019;2019;AUTOMOVIL;Cundinamarca;1
ELECTRICO;ACTIVO;28/05/2019;2019;CUADRICICLO;Antioquia;1
ELECTRICO;ACTIVO;16/09/2019;2019;CUADRICICLO;Bogota D.C.;1
ELECTRICO;ACTIVO;10/04/2019;2019;CUADRICICLO;Antioquia;1
ELECTRICO;ACTIVO;15/04/2019;2019;CUADRICICLO;Bogota D.C.;1
ELECTRICO;ACTIVO;23/09/2019;2019;CAMION;Cundinamarca;1
ELECTRICO;ACTIVO;26/09/2019;2019;CAMION;Cundinamarca;1
ELECTRICO;ACTIVO;10/03/2022;2022;CAMION;Cundinamarca;1
ELECTRICO;ACTIVO;11/07/2019;2019;AUTOMOVIL;Antioquia;1
ELECTRICO;ACTIVO;30/08/2019;2019;AUTOMOVIL;Bogota D.C.;1
ELECTRICO;ACTIVO;11/02/2020;2020;AUTOMOVIL;Antioquia;1
ELECTRICO;ACTIVO;25/09/2020;2020;CUADRICICLO;Cundinamarca;1
ELECTRICO;ACTIVO;4/09/2019;2019;AUTOMOVIL;Bogota D.C.;1
ELECTRICO;ACTIVO;24/01/2020;2020;AUTOMOVIL;Bogota D.C.;1
ELECTRICO;ACTIVO;12/09/2019;2019;AUTOMOVIL;Antioquia;1
ELECTRICO;ACTIVO;30/08/2019;2019;AUTOMOVIL;Antioquia;1
ELECTRICO;ACTIVO;10/12/2020;2020;CAMIONETA;Bogota D.C.;1
ELECTRICO;ACTIVO;11/06/2021;2021;TRICIMOTO;Valle del Cauca;1
ELECTRICO;ACTIVO;13/08/2019;2019;AUTOMOVIL;Antioquia;1
ELECTRICO;ACTIVO;28/06/2019;2019;AUTOMOVIL;Antioquia;1
ELECTRICO;ACTIVO;11/06/2019;2019;AUTOMOVIL;Antioquia;1
ELECTRICO;ACTIVO;8/07/2019;2019;AUTOMOVIL;Bogota D.C.;1
ELECTRICO;ACTIVO;20/06/2019;2019;AUTOMOVIL;Antioquia;1
ELECTRICO;ACTIVO;10/11/2020;2020;BUS;Bogota D.C.;1
ELECTRICO;ACTIVO;9/09/2019;2019;BUS;Valle del Cauca;1
ELECTRICO;ACTIVO;11/11/2020;2020;BUS;Bogota D.C.;1
ELECTRICO;ACTIVO;20/05/2019;2019;AUTOMOVIL;Bogota D.C.;1
ELECTRICO;ACTIVO;16/05/2019;2019;AUTOMOVIL;Bogota D.C.;1
ELECTRICO;ACTIVO;7/05/2019;2019;AUTOMOVIL;Bogota D.C.;1
ELECTRICO;ACTIVO;25/04/2019;2019;MOTOCICLETA;Bogota D.C.;1
ELECTRICO;ACTIVO;25/09/2020;2020;BUS;Cordoba;1
ELECTRICO;ACTIVO;25/09/2020;2020;BUS;Cordoba;1
ELECTRICO;ACTIVO;25/09/2020;2020;BUS;Cordoba;1
ELECTRICO;ACTIVO;11/04/2019;2019;AUTOMOVIL;Bogota D.C.;1
ELECTRICO;ACTIVO;16/01/2020;2020;AUTOMOVIL;Bogota D.C.;1
ELECTRICO;ACTIVO;27/08/2020;2020;CAMIONETA;Antioquia;1
ELECTRICO;ACTIVO;10/06/2020;2020;CAMIONETA;Antioquia;1
ELECTRICO;ACTIVO;20/10/2017;2017;CUADRICICLO;Antioquia;1
ELECTRICO;ACTIVO;2/07/2019;2019;TRICIMOTO;Santander;1
ELECTRICO;ACTIVO;27/08/2021;2021;AUTOMOVIL;Valle del Cauca;1
ELECTRICO;ACTIVO;13/08/2020;2020;TRICIMOTO;Valle del Cauca;1
ELECTRICO;ACTIVO;18/06/2021;2021;AUTOMOVIL;Bogota D.C.;1
ELECTRICO;ACTIVO;24/02/2021;2021;AUTOMOVIL;Cundinamarca;1
ELECTRICO;ACTIVO;8/04/2019;2019;AUTOMOVIL;Bogota D.C.;1
ELECTRICO;ACTIVO;26/02/2021;2021;AUTOMOVIL;Antioquia;1
ELECTRICO;ACTIVO;15/09/2020;2020;CAMIONETA;Bogota D.C.;1
ELECTRICO;ACTIVO;21/10/2021;2021;CAMIONETA;Bogota D.C.;1
ELECTRICO;ACTIVO;10/08/2020;2020;CAMIONETA;Bogota D.C.;1
ELECTRICO;ACTIVO;11/03/2020;2020;CUADRICICLO;Bolivar;1
ELECTRICO;ACTIVO;14/01/2020;2020;CUADRICICLO;Bogota D.C.;1
ELECTRICO;ACTIVO;30/07/2021;2021;CUADRICICLO;Valle del Cauca;1
ELECTRICO;ACTIVO;12/08/2021;2021;CUADRICICLO;Bogota D.C.;1
ELECTRICO;ACTIVO;18/02/2021;2021;TRICIMOTO;Guainia;1
ELECTRICO;ACTIVO;8/08/2019;2019;AUTOMOVIL;Antioquia;1
ELECTRICO;ACTIVO;22/07/2019;2019;AUTOMOVIL;Bogota D.C.;1
ELECTRICO;ACTIVO;29/07/2019;2019;AUTOMOVIL;Santander;1
ELECTRICO;ACTIVO;23/07/2019;2019;AUTOMOVIL;Bogota D.C.;1
ELECTRICO;ACTIVO;26/03/2021;2021;CAMIONETA;Antioquia;1
ELECTRICO;ACTIVO;14/07/2021;2021;AUTOMOVIL;Bogota D.C.;1
ELECTRICO;ACTIVO;15/10/2021;2021;CAMIONETA;Antioquia;1
ELECTRICO;ACTIVO;5/11/2021;2021;CAMIONETA;Cundinamarca;1
ELECTRICO;ACTIVO;17/07/2019;2019;TRICIMOTO;Valle del Cauca;1
ELECTRICO;ACTIVO;1/10/2021;2021;CUADRICICLO;Bogota D.C.;1
ELECTRICO;ACTIVO;12/10/2021;2021;CUADRICICLO;Antioquia;1
ELECTRICO;ACTIVO;11/10/2021;2021;CUADRICICLO;Antioquia;1
ELECTRICO;ACTIVO;29/09/2021;2021;CUADRICICLO;Bogota D.C.;1
ELECTRICO;ACTIVO;12/10/2021;2021;CUADRICICLO;Antioquia;1
ELECTRICO;ACTIVO;11/10/2021;2021;CUADRICICLO;Antioquia;1
ELECTRICO;ACTIVO;11/10/2021;2021;CUADRICICLO;Antioquia;1
ELECTRICO;ACTIVO;14/09/2020;2020;AUTOMOVIL;Bogota D.C.;1
ELECTRICO;ACTIVO;28/03/2022;2022;TRICIMOTO;Valle del Cauca;1
ELECTRICO;ACTIVO;3/02/2021;2021;CAMIONETA;Santander;1
ELECTRICO;ACTIVO;27/10/2021;2021;CAMIONETA;Antioquia;1
ELECTRICO;ACTIVO;27/10/2021;2021;CAMIONETA;Antioquia;1
ELECTRICO;ACTIVO;16/11/2021;2021;CAMIONETA;Antioquia;1
ELECTRICO;ACTIVO;19/12/2019;2019;CUADRICICLO;Antioquia;1
ELECTRICO;ACTIVO;28/10/2020;2020;AUTOMOVIL;Meta;1
ELECTRICO;ACTIVO;11/07/2019;2019;AUTOMOVIL;Bogota D.C.;1
ELECTRICO;ACTIVO;26/03/2021;2021;CUADRICICLO;Bogota D.C.;1
ELECTRICO;ACTIVO;27/04/2021;2021;CUADRICICLO;Bogota D.C.;1
ELECTRICO;ACTIVO;29/09/2020;2020;CUADRICICLO;Antioquia;1
ELECTRICO;ACTIVO;4/06/2021;2021;CUADRICICLO;Bogota D.C.;1
ELECTRICO;ACTIVO;13/07/2021;2021;CUADRICICLO;Bogota D.C.;1
ELECTRICO;ACTIVO;22/08/2019;2019;AUTOMOVIL;Bogota D.C.;1
ELECTRICO;ACTIVO;3/03/2021;2021;MOTOCARRO;Cundinamarca;1
ELECTRICO;ACTIVO;6/04/2019;2019;CUADRICICLO;Antioquia;1
ELECTRICO;ACTIVO;28/08/2019;2019;CUADRICICLO;Antioquia;1
ELECTRICO;ACTIVO;9/09/2019;2019;CUADRICICLO;Bogota D.C.;1
ELECTRICO;ACTIVO;17/07/2019;2019;CUADRICICLO;Bogota D.C.;1
ELECTRICO;ACTIVO;6/12/2019;2019;BUS;Antioquia;1
ELECTRICO;ACTIVO;6/12/2019;2019;BUS;Antioquia;1
ELECTRICO;ACTIVO;28/11/2019;2019;BUS;Antioquia;1
ELECTRICO;ACTIVO;6/12/2019;2019;BUS;Antioquia;1
ELECTRICO;ACTIVO;6/12/2019;2019;BUS;Antioquia;1
ELECTRICO;ACTIVO;28/11/2019;2019;BUS;Antioquia;1
ELECTRICO;ACTIVO;28/11/2019;2019;BUS;Antioquia;1
ELECTRICO;ACTIVO;24/02/2020;2020;AUTOMOVIL;Bogota D.C.;1
ELECTRICO;ACTIVO;9/09/2019;2019;BUS;Valle del Cauca;1
ELECTRICO;ACTIVO;3/12/2021;2021;CUADRICICLO;Bogota D.C.;1
ELECTRICO;ACTIVO;16/02/2022;2022;CAMIONETA;Bogota D.C.;1
ELECTRICO;ACTIVO;15/07/2021;2021;AUTOMOVIL;Antioquia;1
ELECTRICO;ACTIVO;22/07/2021;2021;AUTOMOVIL;Casanare;1
ELECTRICO;ACTIVO;25/11/2020;2020;CAMION;Valle del Cauca;1
ELECTRICO;ACTIVO;11/08/2021;2021;CAMIONETA;Bogota D.C.;1
ELECTRICO;ACTIVO;28/10/2021;2021;AUTOMOVIL;Antioquia;1
ELECTRICO;ACTIVO;21/10/2021;2021;AUTOMOVIL;Bogota D.C.;1
ELECTRICO;ACTIVO;26/08/2020;2020;CAMIONETA;Bogota D.C.;1
ELECTRICO;ACTIVO;6/05/2020;2020;AUTOMOVIL;Bogota D.C.;1
ELECTRICO;ACTIVO;27/05/2020;2020;CAMIONETA;Antioquia;1
ELECTRICO;ACTIVO;31/07/2020;2020;CUADRICICLO;Antioquia;1
ELECTRICO;ACTIVO;31/07/2020;2020;CUADRICICLO;Antioquia;1
ELECTRICO;ACTIVO;31/07/2020;2020;CUADRICICLO;Antioquia;1
ELECTRICO;ACTIVO;31/07/2020;2020;CUADRICICLO;Antioquia;1
ELECTRICO;ACTIVO;30/09/2021;2021;CAMIONETA;Bogota D.C.;1
ELECTRICO;ACTIVO;31/07/2020;2020;CUADRICICLO;Antioquia;1
ELECTRICO;ACTIVO;30/07/2020;2020;CUADRICICLO;Antioquia;1
ELECTRICO;ACTIVO;17/12/2021;2021;AUTOMOVIL;Bogota D.C.;1
ELECTRICO;ACTIVO;29/12/2021;2021;AUTOMOVIL;Bogota D.C.;1
ELECTRICO;ACTIVO;4/12/2021;2021;CAMIONETA;Norte de Santander;1
ELECTRICO;ACTIVO;17/09/2021;2021;CAMIONETA;Bogota D.C.;1
ELECTRICO;ACTIVO;3/03/2021;2021;CUADRICICLO;Santander;1
ELECTRICO;ACTIVO;11/08/2021;2021;CUADRICICLO;Antioquia;1
ELECTRICO;ACTIVO;13/05/2021;2021;CUADRICICLO;Antioquia;1
ELECTRICO;ACTIVO;25/07/2019;2019;MOTOCICLETA;Antioquia;1
ELECTRICO;ACTIVO;9/12/2019;2019;AUTOMOVIL;Atlantico;1
ELECTRICO;ACTIVO;29/12/2021;2021;AUTOMOVIL;Bogota D.C.;1
ELECTRICO;ACTIVO;27/12/2021;2021;AUTOMOVIL;Antioquia;1
ELECTRICO;ACTIVO;29/01/2022;2022;AUTOMOVIL;Bogota D.C.;1
ELECTRICO;ACTIVO;7/12/2021;2021;AUTOMOVIL;Valle del Cauca;1
ELECTRICO;ACTIVO;14/12/2021;2021;CAMIONETA;Bogota D.C.;1
ELECTRICO;ACTIVO;29/12/2021;2021;CAMIONETA;Bogota D.C.;1
ELECTRICO;ACTIVO;29/12/2021;2021;AUTOMOVIL;Bogota D.C.;1
ELECTRICO;ACTIVO;18/03/2022;2022;CAMIONETA;Bogota D.C.;1
ELECTRICO;ACTIVO;11/08/2021;2021;CAMIONETA;Bogota D.C.;1
ELECTRICO;ACTIVO;16/09/2020;2020;CUADRICICLO;Antioquia;1
ELECTRICO;ACTIVO;6/12/2019;2019;AUTOMOVIL;Cundinamarca;1
ELECTRICO;ACTIVO;4/12/2019;2019;AUTOMOVIL;Antioquia;1
ELECTRICO;ACTIVO;19/01/2022;2022;CAMIONETA;Cundinamarca;1
ELECTRICO;ACTIVO;30/07/2021;2021;CAMIONETA;Valle del Cauca;1
ELECTRICO;ACTIVO;17/11/2021;2021;CAMIONETA;Cundinamarca;1
ELECTRICO;ACTIVO;9/09/2019;2019;BUS;Valle del Cauca;1
ELECTRICO;ACTIVO;9/09/2019;2019;BUS;Valle del Cauca;1
ELECTRICO;ACTIVO;29/01/2021;2021;CUADRICICLO;Antioquia;1
ELECTRICO;ACTIVO;20/05/2019;2019;AUTOMOVIL;Bogota D.C.;1
ELECTRICO;ACTIVO;23/05/2019;2019;AUTOMOVIL;Bogota D.C.;1
ELECTRICO;ACTIVO;21/05/2019;2019;AUTOMOVIL;Bogota D.C.;1
ELECTRICO;ACTIVO;23/05/2019;2019;AUTOMOVIL;Bogota D.C.;1
ELECTRICO;ACTIVO;28/12/2020;2020;AUTOMOVIL;Antioquia;1
ELECTRICO;ACTIVO;13/05/2021;2021;CUADRICICLO;Antioquia;1
ELECTRICO;ACTIVO;28/02/2022;2022;CAMIONETA;Cundinamarca;1
ELECTRICO;ACTIVO;5/11/2019;2019;TRICIMOTO;Valle del Cauca;1
ELECTRICO;ACTIVO;27/10/2021;2021;AUTOMOVIL;Bogota D.C.;1
ELECTRICO;ACTIVO;15/03/2022;2022;AUTOMOVIL;Cundinamarca;1
ELECTRICO;ACTIVO;29/12/2021;2021;AUTOMOVIL;Cundinamarca;1
ELECTRICO;ACTIVO;27/10/2021;2021;AUTOMOVIL;Bogota D.C.;1
ELECTRICO;ACTIVO;25/10/2021;2021;AUTOMOVIL;Bogota D.C.;1
ELECTRICO;ACTIVO;30/12/2020;2020;AUTOMOVIL;Cundinamarca;1
ELECTRICO;ACTIVO;1/02/2021;2021;BUS;Bogota D.C.;1
ELECTRICO;ACTIVO;1/02/2021;2021;BUS;Bogota D.C.;1
ELECTRICO;ACTIVO;2/02/2021;2021;BUS;Bogota D.C.;1
ELECTRICO;ACTIVO;1/02/2021;2021;BUS;Bogota D.C.;1
ELECTRICO;ACTIVO;2/02/2021;2021;BUS;Bogota D.C.;1
ELECTRICO;ACTIVO;1/02/2021;2021;BUS;Bogota D.C.;1
ELECTRICO;ACTIVO;1/02/2021;2021;BUS;Bogota D.C.;1
ELECTRICO;ACTIVO;2/02/2021;2021;BUS;Bogota D.C.;1
ELECTRICO;ACTIVO;5/09/2019;2019;AUTOMOVIL;Bogota D.C.;1
ELECTRICO;ACTIVO;17/07/2019;2019;CAMIONETA;Antioquia;1
ELECTRICO;ACTIVO;30/07/2019;2019;CAMIONETA;Antioquia;1
ELECTRICO;ACTIVO;30/07/2019;2019;CAMIONETA;Antioquia;1
ELECTRICO;ACTIVO;28/08/2019;2019;CAMIONETA;Antioquia;1
ELECTRICO;ACTIVO;29/11/2019;2019;CAMIONETA;Antioquia;1
ELECTRICO;ACTIVO;5/01/2021;2021;CAMIONETA;Cundinamarca;1
ELECTRICO;ACTIVO;31/03/2021;2021;CAMIONETA;Risaralda;1
ELECTRICO;ACTIVO;1/12/2021;2021;CAMIONETA;Santander;1
ELECTRICO;ACTIVO;1/02/2021;2021;BUS;Bogota D.C.;1
ELECTRICO;ACTIVO;1/02/2021;2021;BUS;Bogota D.C.;1
ELECTRICO;ACTIVO;1/02/2021;2021;BUS;Bogota D.C.;1
ELECTRICO;ACTIVO;1/02/2021;2021;BUS;Bogota D.C.;1
ELECTRICO;ACTIVO;2/02/2021;2021;BUS;Bogota D.C.;1
ELECTRICO;ACTIVO;5/02/2020;2020;AUTOMOVIL;Bogota D.C.;1
ELECTRICO;ACTIVO;28/12/2020;2020;MOTOCICLETA;Antioquia;1
ELECTRICO;ACTIVO;25/02/2021;2021;AUTOMOVIL;Santander;1
ELECTRICO;ACTIVO;25/02/2021;2021;AUTOMOVIL;Santander;1
ELECTRICO;ACTIVO;24/02/2021;2021;AUTOMOVIL;Bogota D.C.;1
ELECTRICO;ACTIVO;25/02/2021;2021;AUTOMOVIL;Santander;1
ELECTRICO;ACTIVO;14/09/2021;2021;MOTOCARRO;Antioquia;1
ELECTRICO;ACTIVO;24/02/2022;2022;AUTOMOVIL;Bogota D.C.;1
ELECTRICO;ACTIVO;20/09/2019;2019;AUTOMOVIL;Bogota D.C.;1
ELECTRICO;ACTIVO;29/10/2019;2019;AUTOMOVIL;Antioquia;1
ELECTRICO;ACTIVO;1/10/2020;2020;AUTOMOVIL;Antioquia;1
ELECTRICO;ACTIVO;23/01/2020;2020;AUTOMOVIL;Bogota D.C.;1
ELECTRICO;ACTIVO;13/11/2020;2020;MOTOCARRO;Valle del Cauca;1
ELECTRICO;ACTIVO;17/02/2021;2021;AUTOMOVIL;Antioquia;1
ELECTRICO;ACTIVO;2/10/2020;2020;CAMIONETA;Antioquia;1
ELECTRICO;ACTIVO;6/03/2020;2020;CAMIONETA;Bogota D.C.;1
ELECTRICO;ACTIVO;23/08/2021;2021;MOTOCARRO;Antioquia;1
ELECTRICO;ACTIVO;19/03/2020;2020;AUTOMOVIL;Bogota D.C.;1
ELECTRICO;ACTIVO;2/07/2020;2020;AUTOMOVIL;Bogota D.C.;1
ELECTRICO;ACTIVO;30/06/2020;2020;CUADRICICLO;Bogota D.C.;1
ELECTRICO;ACTIVO;13/05/2020;2020;CUADRICICLO;Antioquia;1
ELECTRICO;ACTIVO;17/06/2020;2020;CUADRICICLO;Santander;1
ELECTRICO;ACTIVO;26/01/2022;2022;AUTOMOVIL;Cundinamarca;1
ELECTRICO;ACTIVO;15/12/2020;2020;CAMIONETA;Cundinamarca;1
ELECTRICO;ACTIVO;31/08/2019;2019;AUTOMOVIL;Bogota D.C.;1
ELECTRICO;ACTIVO;11/09/2019;2019;AUTOMOVIL;Bogota D.C.;1
ELECTRICO;ACTIVO;16/03/2020;2020;AUTOMOVIL;Antioquia;1
ELECTRICO;ACTIVO;18/09/2019;2019;AUTOMOVIL;Bogota D.C.;1
ELECTRICO;ACTIVO;26/09/2019;2019;AUTOMOVIL;Antioquia;1
ELECTRICO;ACTIVO;26/09/2019;2019;AUTOMOVIL;Antioquia;1
ELECTRICO;ACTIVO;26/09/2019;2019;AUTOMOVIL;Antioquia;1
ELECTRICO;ACTIVO;7/10/2019;2019;AUTOMOVIL;Bogota D.C.;1
ELECTRICO;ACTIVO;13/10/2020;2020;CUADRICICLO;Bogota D.C.;1
ELECTRICO;ACTIVO;9/09/2019;2019;BUS;Valle del Cauca;1
ELECTRICO;ACTIVO;24/01/2020;2020;AUTOMOVIL;Bogota D.C.;1
ELECTRICO;ACTIVO;31/01/2022;2022;CAMION;Antioquia;1
ELECTRICO;ACTIVO;10/12/2021;2021;CAMION;Cundinamarca;1
ELECTRICO;ACTIVO;31/03/2022;2022;CAMION;Antioquia;1
ELECTRICO;ACTIVO;22/12/2021;2021;CAMIONETA;Antioquia;1
ELECTRICO;ACTIVO;9/12/2021;2021;CAMIONETA;Cundinamarca;1
ELECTRICO;ACTIVO;7/03/2020;2020;AUTOMOVIL;Cundinamarca;1
ELECTRICO;ACTIVO;7/10/2021;2021;CAMIONETA;Bogota D.C.;1
ELECTRICO;ACTIVO;6/11/2021;2021;CAMIONETA;Antioquia;1
ELECTRICO;ACTIVO;12/11/2021;2021;CAMIONETA;Bogota D.C.;1
ELECTRICO;ACTIVO;27/12/2021;2021;CUADRICICLO;Antioquia;1
ELECTRICO;ACTIVO;30/03/2022;2022;CUADRICICLO;Bogota D.C.;1
ELECTRICO;ACTIVO;30/11/2020;2020;AUTOMOVIL;Antioquia;1
ELECTRICO;ACTIVO;23/09/2021;2021;TRICIMOTO;Cundinamarca;1
ELECTRICO;ACTIVO;26/01/2022;2022;CAMION;Antioquia;1
ELECTRICO;ACTIVO;11/11/2020;2020;AUTOMOVIL;Bogota D.C.;1
ELECTRICO;ACTIVO;9/09/2019;2019;BUS;Valle del Cauca;1
ELECTRICO;ACTIVO;17/03/2021;2021;MOTOCARRO;Cundinamarca;1
ELECTRICO;ACTIVO;19/02/2022;2022;BUS;Bogota D.C.;1
ELECTRICO;ACTIVO;26/06/2020;2020;AUTOMOVIL;Bogota D.C.;1
ELECTRICO;ACTIVO;12/03/2021;2021;CAMION;Cundinamarca;1
ELECTRICO;ACTIVO;22/04/2021;2021;TRICIMOTO;Valle del Cauca;1
ELECTRICO;ACTIVO;16/09/2021;2021;AUTOMOVIL;Cundinamarca;1
ELECTRICO;ACTIVO;17/09/2021;2021;AUTOMOVIL;Antioquia;1
ELECTRICO;ACTIVO;17/09/2021;2021;AUTOMOVIL;Antioquia;1
ELECTRICO;ACTIVO;17/09/2021;2021;AUTOMOVIL;Antioquia;1
ELECTRICO;ACTIVO;17/02/2022;2022;AUTOMOVIL;Bogota D.C.;1
ELECTRICO;ACTIVO;19/01/2022;2022;AUTOMOVIL;Bogota D.C.;1
ELECTRICO;ACTIVO;30/12/2021;2021;AUTOMOVIL;Bogota D.C.;1
ELECTRICO;ACTIVO;29/12/2021;2021;AUTOMOVIL;Cundinamarca;1
ELECTRICO;ACTIVO;28/12/2021;2021;AUTOMOVIL;Bogota D.C.;1
ELECTRICO;ACTIVO;3/12/2021;2021;MOTOCARRO;Cundinamarca;1
ELECTRICO;ACTIVO;3/12/2021;2021;MOTOCARRO;Cundinamarca;1
ELECTRICO;ACTIVO;18/12/2021;2021;AUTOMOVIL;Bogota D.C.;1
ELECTRICO;ACTIVO;9/11/2020;2020;BUS;Bogota D.C.;1
ELECTRICO;ACTIVO;9/11/2020;2020;BUS;Bogota D.C.;1
ELECTRICO;ACTIVO;10/11/2020;2020;BUS;Bogota D.C.;1
ELECTRICO;ACTIVO;3/11/2020;2020;BUS;Bogota D.C.;1
ELECTRICO;ACTIVO;3/03/2021;2021;MOTOCARRO;Cundinamarca;1
ELECTRICO;ACTIVO;10/11/2020;2020;BUS;Bogota D.C.;1
ELECTRICO;ACTIVO;10/11/2020;2020;BUS;Bogota D.C.;1
ELECTRICO;ACTIVO;22/11/2021;2021;CAMIONETA;Bogota D.C.;1
ELECTRICO;ACTIVO;25/09/2020;2020;CUADRICICLO;Cundinamarca;1
ELECTRICO;ACTIVO;23/02/2022;2022;CAMIONETA;Bogota D.C.;1
ELECTRICO;ACTIVO;23/09/2020;2020;AUTOMOVIL;Antioquia;1
ELECTRICO;ACTIVO;27/12/2021;2021;AUTOMOVIL;Bogota D.C.;1
ELECTRICO;ACTIVO;28/12/2021;2021;AUTOMOVIL;Antioquia;1
ELECTRICO;ACTIVO;19/11/2021;2021;CAMIONETA;Cundinamarca;1
ELECTRICO;ACTIVO;17/11/2021;2021;CAMIONETA;Cundinamarca;1
ELECTRICO;ACTIVO;24/11/2021;2021;CAMIONETA;Cundinamarca;1
ELECTRICO;ACTIVO;4/12/2020;2020;BUS;Bogota D.C.;1
ELECTRICO;ACTIVO;4/12/2020;2020;BUS;Bogota D.C.;1
ELECTRICO;ACTIVO;4/12/2020;2020;BUS;Bogota D.C.;1
ELECTRICO;ACTIVO;4/12/2020;2020;BUS;Bogota D.C.;1
ELECTRICO;ACTIVO;4/12/2020;2020;BUS;Bogota D.C.;1
ELECTRICO;ACTIVO;4/12/2020;2020;BUS;Bogota D.C.;1
ELECTRICO;ACTIVO;4/12/2020;2020;BUS;Bogota D.C.;1
ELECTRICO;ACTIVO;4/12/2020;2020;BUS;Bogota D.C.;1
ELECTRICO;ACTIVO;4/12/2020;2020;BUS;Bogota D.C.;1
ELECTRICO;ACTIVO;4/03/2022;2022;CAMIONETA;Valle del Cauca;1
ELECTRICO;ACTIVO;15/09/2020;2020;AUTOMOVIL;Antioquia;1
ELECTRICO;ACTIVO;13/11/2020;2020;MOTOCARRO;Valle del Cauca;1
ELECTRICO;ACTIVO;3/06/2020;2020;AUTOMOVIL;Bogota D.C.;1
ELECTRICO;ACTIVO;5/11/2020;2020;CUADRICICLO;Antioquia;1
ELECTRICO;ACTIVO;11/05/2021;2021;CUADRICICLO;Antioquia;1
ELECTRICO;ACTIVO;25/02/2021;2021;AUTOMOVIL;Santander;1
ELECTRICO;ACTIVO;24/02/2021;2021;AUTOMOVIL;Bogota D.C.;1
ELECTRICO;ACTIVO;19/07/2021;2021;AUTOMOVIL;Meta;1
ELECTRICO;ACTIVO;11/03/2022;2022;BUS;Valle del Cauca;1
ELECTRICO;ACTIVO;13/03/2020;2020;CUADRICICLO;Antioquia;1
ELECTRICO;ACTIVO;19/01/2022;2022;BUS;Bogota D.C.;1
ELECTRICO;ACTIVO;19/01/2022;2022;BUS;Bogota D.C.;1
ELECTRICO;ACTIVO;6/06/2020;2020;CAMIONETA;Bogota D.C.;1
ELECTRICO;ACTIVO;17/06/2020;2020;CAMIONETA;Bogota D.C.;1
ELECTRICO;ACTIVO;20/03/2020;2020;CAMIONETA;Antioquia;1
ELECTRICO;ACTIVO;27/01/2022;2022;BUS;Bogota D.C.;1
ELECTRICO;ACTIVO;26/01/2022;2022;BUS;Bogota D.C.;1
ELECTRICO;ACTIVO;19/02/2022;2022;BUS;Bogota D.C.;1
ELECTRICO;ACTIVO;27/01/2022;2022;BUS;Bogota D.C.;1
ELECTRICO;ACTIVO;28/01/2022;2022;BUS;Bogota D.C.;1
ELECTRICO;ACTIVO;28/01/2022;2022;BUS;Bogota D.C.;1
ELECTRICO;ACTIVO;11/03/2022;2022;BUS;Bogota D.C.;1
ELECTRICO;ACTIVO;13/09/2021;2021;AUTOMOVIL;Antioquia;1
ELECTRICO;ACTIVO;10/03/2022;2022;AUTOMOVIL;Antioquia;1
ELECTRICO;ACTIVO;13/09/2021;2021;AUTOMOVIL;Antioquia;1
ELECTRICO;ACTIVO;28/01/2022;2022;BUS;Bogota D.C.;1
ELECTRICO;ACTIVO;21/01/2022;2022;BUS;Bogota D.C.;1
ELECTRICO;ACTIVO;9/12/2021;2021;CAMIONETA;Antioquia;1
ELECTRICO;ACTIVO;10/03/2020;2020;AUTOMOVIL;Antioquia;1
ELECTRICO;ACTIVO;24/02/2022;2022;CAMIONETA;Bogota D.C.;1
ELECTRICO;ACTIVO;14/01/2022;2022;CAMIONETA;Bogota D.C.;1
ELECTRICO;ACTIVO;22/05/2020;2020;AUTOMOVIL;Bogota D.C.;1
ELECTRICO;ACTIVO;13/03/2020;2020;CUADRICICLO;Antioquia;1
ELECTRICO;ACTIVO;5/11/2020;2020;AUTOMOVIL;Bogota D.C.;1
ELECTRICO;ACTIVO;19/02/2022;2022;BUS;Bogota D.C.;1
ELECTRICO;ACTIVO;18/02/2022;2022;BUS;Bogota D.C.;1
ELECTRICO;ACTIVO;19/02/2022;2022;BUS;Bogota D.C.;1
ELECTRICO;ACTIVO;18/02/2022;2022;BUS;Bogota D.C.;1
ELECTRICO;ACTIVO;23/02/2022;2022;BUS;Bogota D.C.;1
ELECTRICO;ACTIVO;29/01/2022;2022;BUS;Bogota D.C.;1
ELECTRICO;ACTIVO;1/02/2022;2022;BUS;Bogota D.C.;1
ELECTRICO;ACTIVO;18/02/2022;2022;BUS;Bogota D.C.;1
ELECTRICO;ACTIVO;27/02/2021;2021;AUTOMOVIL;Bogota D.C.;1
ELECTRICO;ACTIVO;23/02/2022;2022;BUS;Bogota D.C.;1
ELECTRICO;ACTIVO;31/01/2022;2022;BUS;Bogota D.C.;1
ELECTRICO;ACTIVO;18/02/2022;2022;BUS;Bogota D.C.;1
ELECTRICO;ACTIVO;18/02/2022;2022;BUS;Bogota D.C.;1
ELECTRICO;ACTIVO;19/10/2021;2021;CAMIONETA;Bogota D.C.;1
ELECTRICO;ACTIVO;11/08/2021;2021;AUTOMOVIL;Risaralda;1
ELECTRICO;ACTIVO;4/11/2021;2021;AUTOMOVIL;Bogota D.C.;1
ELECTRICO;ACTIVO;31/08/2021;2021;AUTOMOVIL;Bogota D.C.;1
ELECTRICO;ACTIVO;8/02/2022;2022;AUTOMOVIL;Bogota D.C.;1
ELECTRICO;ACTIVO;11/01/2022;2022;CAMIONETA;Bogota D.C.;1
ELECTRICO;ACTIVO;24/01/2022;2022;BUS;Bogota D.C.;1
ELECTRICO;ACTIVO;31/01/2022;2022;BUS;Bogota D.C.;1
ELECTRICO;ACTIVO;24/01/2022;2022;BUS;Bogota D.C.;1
ELECTRICO;ACTIVO;18/02/2022;2022;BUS;Bogota D.C.;1
ELECTRICO;ACTIVO;13/11/2020;2020;BUS;Bogota D.C.;1
ELECTRICO;ACTIVO;11/11/2020;2020;BUS;Bogota D.C.;1
ELECTRICO;ACTIVO;13/11/2020;2020;BUS;Bogota D.C.;1
ELECTRICO;ACTIVO;11/11/2020;2020;BUS;Bogota D.C.;1
ELECTRICO;ACTIVO;13/11/2020;2020;BUS;Bogota D.C.;1
ELECTRICO;ACTIVO;11/11/2020;2020;BUS;Bogota D.C.;1
ELECTRICO;ACTIVO;20/08/2020;2020;TRICIMOTO;Valle del Cauca;1
ELECTRICO;ACTIVO;11/11/2020;2020;BUS;Bogota D.C.;1
ELECTRICO;ACTIVO;11/11/2020;2020;BUS;Bogota D.C.;1
ELECTRICO;ACTIVO;11/11/2020;2020;BUS;Bogota D.C.;1
ELECTRICO;ACTIVO;3/12/2020;2020;BUS;Bogota D.C.;1
ELECTRICO;ACTIVO;7/12/2021;2021;AUTOMOVIL;Bogota D.C.;1
ELECTRICO;ACTIVO;13/03/2020;2020;AUTOMOVIL;Bogota D.C.;1
ELECTRICO;ACTIVO;30/11/2020;2020;CAMIONETA;Valle del Cauca;1
ELECTRICO;ACTIVO;29/12/2020;2020;BUS;Valle del Cauca;1
ELECTRICO;ACTIVO;16/10/2021;2021;MOTOCARRO;Antioquia;1
ELECTRICO;ACTIVO;13/03/2020;2020;AUTOMOVIL;Bogota D.C.;1
ELECTRICO;ACTIVO;14/04/2021;2021;AUTOMOVIL;Santander;1
ELECTRICO;ACTIVO;19/07/2021;2021;AUTOMOVIL;Meta;1
ELECTRICO;ACTIVO;3/12/2021;2021;AUTOMOVIL;Bogota D.C.;1
ELECTRICO;ACTIVO;31/07/2021;2021;CAMIONETA;Bogota D.C.;1
ELECTRICO;ACTIVO;21/07/2021;2021;AUTOMOVIL;Bolivar;1
ELECTRICO;ACTIVO;23/12/2021;2021;CAMIONETA;Antioquia;1
ELECTRICO;ACTIVO;30/11/2021;2021;AUTOMOVIL;Bogota D.C.;1
ELECTRICO;ACTIVO;15/01/2022;2022;BUS;Bogota D.C.;1
ELECTRICO;ACTIVO;15/01/2022;2022;BUS;Bogota D.C.;1
ELECTRICO;ACTIVO;15/01/2022;2022;BUS;Bogota D.C.;1
ELECTRICO;ACTIVO;15/01/2022;2022;BUS;Bogota D.C.;1
ELECTRICO;ACTIVO;15/01/2022;2022;BUS;Bogota D.C.;1
ELECTRICO;ACTIVO;19/01/2022;2022;BUS;Bogota D.C.;1
ELECTRICO;ACTIVO;19/01/2022;2022;BUS;Bogota D.C.;1
ELECTRICO;ACTIVO;19/01/2022;2022;BUS;Bogota D.C.;1
ELECTRICO;ACTIVO;19/01/2022;2022;BUS;Bogota D.C.;1
ELECTRICO;ACTIVO;30/11/2021;2021;AUTOMOVIL;Antioquia;1
ELECTRICO;ACTIVO;30/11/2021;2021;AUTOMOVIL;Antioquia;1
ELECTRICO;ACTIVO;30/11/2021;2021;AUTOMOVIL;Antioquia;1
ELECTRICO;ACTIVO;26/11/2021;2021;AUTOMOVIL;Antioquia;1
ELECTRICO;ACTIVO;5/08/2021;2021;CAMIONETA;Bogota D.C.;1
ELECTRICO;ACTIVO;30/10/2021;2021;AUTOMOVIL;Valle del Cauca;1
ELECTRICO;ACTIVO;30/09/2021;2021;CAMIONETA;Antioquia;1
ELECTRICO;ACTIVO;26/03/2022;2022;CAMIONETA;Antioquia;1
ELECTRICO;ACTIVO;21/12/2020;2020;MOTOCARRO;Valle del Cauca;1
ELECTRICO;ACTIVO;17/03/2021;2021;MOTOCARRO;Cundinamarca;1
ELECTRICO;ACTIVO;12/02/2021;2021;TRICIMOTO;Valle del Cauca;1
ELECTRICO;ACTIVO;28/12/2020;2020;CUADRICICLO;Antioquia;1
ELECTRICO;ACTIVO;4/06/2021;2021;CUADRICICLO;Antioquia;1
ELECTRICO;ACTIVO;28/12/2020;2020;CUADRICICLO;Antioquia;1
ELECTRICO;ACTIVO;28/12/2020;2020;CUADRICICLO;Antioquia;1
ELECTRICO;ACTIVO;28/12/2020;2020;CUADRICICLO;Antioquia;1
ELECTRICO;ACTIVO;28/12/2020;2020;CUADRICICLO;Antioquia;1
ELECTRICO;ACTIVO;28/12/2020;2020;CUADRICICLO;Antioquia;1
ELECTRICO;ACTIVO;31/07/2020;2020;CUADRICICLO;Antioquia;1
ELECTRICO;ACTIVO;31/07/2020;2020;CUADRICICLO;Antioquia;1
ELECTRICO;ACTIVO;31/07/2020;2020;CUADRICICLO;Antioquia;1
ELECTRICO;ACTIVO;31/07/2020;2020;CUADRICICLO;Antioquia;1
ELECTRICO;ACTIVO;30/07/2020;2020;CUADRICICLO;Antioquia;1
ELECTRICO;ACTIVO;31/07/2020;2020;CUADRICICLO;Antioquia;1
ELECTRICO;ACTIVO;28/12/2020;2020;CUADRICICLO;Antioquia;1
ELECTRICO;ACTIVO;28/12/2020;2020;CUADRICICLO;Antioquia;1
ELECTRICO;ACTIVO;3/12/2020;2020;BUS;Bogota D.C.;1
ELECTRICO;ACTIVO;3/12/2020;2020;BUS;Bogota D.C.;1
ELECTRICO;ACTIVO;4/12/2020;2020;BUS;Bogota D.C.;1
ELECTRICO;ACTIVO;4/12/2020;2020;BUS;Bogota D.C.;1
ELECTRICO;ACTIVO;4/12/2020;2020;BUS;Bogota D.C.;1
ELECTRICO;ACTIVO;3/12/2020;2020;BUS;Bogota D.C.;1
ELECTRICO;ACTIVO;3/12/2020;2020;BUS;Bogota D.C.;1
ELECTRICO;ACTIVO;3/12/2020;2020;BUS;Bogota D.C.;1
ELECTRICO;ACTIVO;14/05/2021;2021;MOTOCARRO;Cundinamarca;1
ELECTRICO;ACTIVO;20/10/2020;2020;AUTOMOVIL;Bogota D.C.;1
ELECTRICO;ACTIVO;25/01/2021;2021;AUTOMOVIL;Bogota D.C.;1
ELECTRICO;ACTIVO;24/11/2021;2021;AUTOMOVIL;Antioquia;1
ELECTRICO;ACTIVO;22/12/2021;2021;AUTOMOVIL;Bogota D.C.;1
ELECTRICO;ACTIVO;28/01/2022;2022;CAMIONETA;Cundinamarca;1
ELECTRICO;ACTIVO;3/03/2022;2022;CAMIONETA;Bogota D.C.;1
ELECTRICO;ACTIVO;7/03/2022;2022;CAMIONETA;Bogota D.C.;1
ELECTRICO;ACTIVO;3/09/2021;2021;TRICIMOTO;Valle del Cauca;1
ELECTRICO;ACTIVO;24/01/2020;2020;AUTOMOVIL;Bogota D.C.;1
ELECTRICO;ACTIVO;10/11/2021;2021;MOTOCARRO;Cundinamarca;1
ELECTRICO;ACTIVO;10/11/2021;2021;MOTOCARRO;Cundinamarca;1
ELECTRICO;ACTIVO;26/11/2021;2021;CAMIONETA;Antioquia;1
ELECTRICO;ACTIVO;8/02/2022;2022;CAMIONETA;Cundinamarca;1
ELECTRICO;ACTIVO;8/02/2022;2022;CAMIONETA;Cundinamarca;1
ELECTRICO;ACTIVO;16/12/2021;2021;CAMIONETA;Atlantico;1
ELECTRICO;ACTIVO;21/10/2021;2021;TRICIMOTO;Boyaca;1
ELECTRICO;ACTIVO;28/12/2021;2021;AUTOMOVIL;Antioquia;1
ELECTRICO;ACTIVO;18/12/2020;2020;AUTOMOVIL;Antioquia;1
ELECTRICO;ACTIVO;25/06/2020;2020;CAMIONETA;Bogota D.C.;1
ELECTRICO;ACTIVO;27/05/2020;2020;CAMIONETA;Bogota D.C.;1
ELECTRICO;ACTIVO;21/01/2022;2022;CAMIONETA;Bogota D.C.;1
ELECTRICO;ACTIVO;1/12/2021;2021;CAMIONETA;Bogota D.C.;1
ELECTRICO;ACTIVO;13/01/2022;2022;CAMIONETA;Valle del Cauca;1
ELECTRICO;ACTIVO;21/12/2021;2021;CAMIONETA;Antioquia;1
ELECTRICO;ACTIVO;30/11/2021;2021;CAMIONETA;Antioquia;1
ELECTRICO;ACTIVO;19/11/2021;2021;CAMIONETA;Antioquia;1
ELECTRICO;ACTIVO;27/10/2021;2021;CAMIONETA;Antioquia;1
ELECTRICO;ACTIVO;24/05/2021;2021;AUTOMOVIL;Bogota D.C.;1
ELECTRICO;ACTIVO;9/03/2020;2020;CAMION;Cundinamarca;1
ELECTRICO;ACTIVO;15/09/2020;2020;CAMION;Antioquia;1
ELECTRICO;ACTIVO;8/01/2021;2021;CAMION;Antioquia;1
ELECTRICO;ACTIVO;15/09/2020;2020;CAMION;Antioquia;1
ELECTRICO;ACTIVO;14/12/2020;2020;CAMION;Antioquia;1
ELECTRICO;ACTIVO;9/07/2020;2020;CAMION;Antioquia;1
ELECTRICO;ACTIVO;25/11/2021;2021;CAMION;Antioquia;1
ELECTRICO;ACTIVO;9/07/2020;2020;CAMION;Antioquia;1
ELECTRICO;ACTIVO;9/03/2020;2020;CAMION;Cundinamarca;1
ELECTRICO;ACTIVO;25/11/2021;2021;CAMION;Antioquia;1
ELECTRICO;ACTIVO;20/08/2021;2021;CAMION;Cundinamarca;1
ELECTRICO;ACTIVO;30/12/2021;2021;AUTOMOVIL;Valle del Cauca;1
ELECTRICO;ACTIVO;6/09/2021;2021;CUADRICICLO;Bogota D.C.;1
ELECTRICO;ACTIVO;22/11/2021;2021;TRICIMOTO;Cundinamarca;1
ELECTRICO;ACTIVO;30/12/2021;2021;AUTOMOVIL;Antioquia;1
ELECTRICO;ACTIVO;20/01/2022;2022;AUTOMOVIL;Quindio;1
ELECTRICO;ACTIVO;18/01/2022;2022;AUTOMOVIL;Bogota D.C.;1
ELECTRICO;ACTIVO;17/12/2021;2021;CUADRICICLO;Bogota D.C.;1
ELECTRICO;ACTIVO;29/12/2021;2021;CAMIONETA;Santander;1
ELECTRICO;ACTIVO;22/04/2021;2021;TRICIMOTO;Valle del Cauca;1
ELECTRICO;ACTIVO;25/01/2022;2022;AUTOMOVIL;Bogota D.C.;1
ELECTRICO;ACTIVO;27/02/2022;2022;BUS;Bogota D.C.;1
ELECTRICO;ACTIVO;12/03/2022;2022;MOTOCICLETA;Bogota D.C.;1
ELECTRICO;ACTIVO;9/02/2022;2022;AUTOMOVIL;Bogota D.C.;1
ELECTRICO;ACTIVO;9/02/2022;2022;AUTOMOVIL;Bogota D.C.;1
ELECTRICO;ACTIVO;10/02/2022;2022;CAMIONETA;Bogota D.C.;1
ELECTRICO;ACTIVO;14/01/2022;2022;AUTOMOVIL;Bogota D.C.;1
ELECTRICO;ACTIVO;25/03/2022;2022;CUADRICICLO;Antioquia;1
ELECTRICO;ACTIVO;26/01/2022;2022;BUS;Bogota D.C.;1
ELECTRICO;ACTIVO;16/02/2022;2022;CAMIONETA;Bogota D.C.;1
ELECTRICO;ACTIVO;27/02/2022;2022;BUS;Bogota D.C.;1
ELECTRICO;ACTIVO;21/01/2022;2022;AUTOMOVIL;Bogota D.C.;1
ELECTRICO;ACTIVO;11/03/2022;2022;CAMIONETA;Antioquia;1
ELECTRICO;ACTIVO;11/03/2022;2022;CAMIONETA;Antioquia;1
ELECTRICO;ACTIVO;11/03/2022;2022;CAMIONETA;Antioquia;1
ELECTRICO;ACTIVO;25/03/2022;2022;CUADRICICLO;Antioquia;1
ELECTRICO;ACTIVO;25/03/2022;2022;CUADRICICLO;Antioquia;1
ELECTRICO;ACTIVO;7/03/2022;2022;AUTOMOVIL;Bogota D.C.;1
ELECTRICO;ACTIVO;17/03/2022;2022;AUTOMOVIL;Antioquia;1
ELECTRICO;ACTIVO;14/03/2022;2022;BUS;Bogota D.C.;1
ELECTRICO;ACTIVO;14/03/2022;2022;BUS;Bogota D.C.;1
ELECTRICO;ACTIVO;14/03/2022;2022;BUS;Bogota D.C.;1
ELECTRICO;ACTIVO;18/03/2022;2022;BUS;Bogota D.C.;1
ELECTRICO;ACTIVO;14/03/2022;2022;BUS;Bogota D.C.;1
ELECTRICO;ACTIVO;14/03/2022;2022;BUS;Bogota D.C.;1
ELECTRICO;ACTIVO;15/03/2022;2022;BUS;Bogota D.C.;1
ELECTRICO;ACTIVO;17/03/2022;2022;BUS;Bogota D.C.;1
ELECTRICO;ACTIVO;11/03/2022;2022;BUS;Bogota D.C.;1
ELECTRICO;ACTIVO;24/02/2022;2022;BUS;Bogota D.C.;1
ELECTRICO;ACTIVO;24/02/2022;2022;BUS;Bogota D.C.;1
ELECTRICO;ACTIVO;18/03/2022;2022;AUTOMOVIL;Antioquia;1
ELECTRICO;ACTIVO;23/03/2022;2022;BUS;Bogota D.C.;1
ELECTRICO;ACTIVO;18/02/2022;2022;AUTOMOVIL;Bogota D.C.;1
ELECTRICO;ACTIVO;23/03/2022;2022;BUS;Bogota D.C.;1
ELECTRICO;ACTIVO;23/03/2022;2022;BUS;Bogota D.C.;1
ELECTRICO;ACTIVO;23/03/2022;2022;BUS;Bogota D.C.;1
ELECTRICO;ACTIVO;18/02/2022;2022;BUS;Bogota D.C.;1
ELECTRICO;ACTIVO;25/02/2022;2022;BUS;Bogota D.C.;1
ELECTRICO;ACTIVO;25/02/2022;2022;BUS;Bogota D.C.;1
ELECTRICO;ACTIVO;28/01/2022;2022;BUS;Bogota D.C.;1
ELECTRICO;ACTIVO;27/01/2022;2022;BUS;Bogota D.C.;1
ELECTRICO;ACTIVO;25/02/2022;2022;BUS;Bogota D.C.;1
ELECTRICO;ACTIVO;23/02/2022;2022;AUTOMOVIL;Bogota D.C.;1
ELECTRICO;ACTIVO;11/03/2022;2022;AUTOMOVIL;Antioquia;1
ELECTRICO;ACTIVO;12/03/2022;2022;BUS;Bogota D.C.;1
ELECTRICO;ACTIVO;25/02/2022;2022;CUADRICICLO;Bogota D.C.;1
ELECTRICO;ACTIVO;28/03/2022;2022;TRICIMOTO;Bolivar;1
ELECTRICO;ACTIVO;25/03/2022;2022;CUADRICICLO;Antioquia;1
ELECTRICO;ACTIVO;22/03/2022;2022;CAMIONETA;Santander;1
ELECTRICO;ACTIVO;22/03/2022;2022;CAMIONETA;Santander;1
ELECTRICO;ACTIVO;27/02/2022;2022;BUS;Bogota D.C.;1
ELECTRICO;ACTIVO;26/01/2022;2022;BUS;Bogota D.C.;1
ELECTRICO;ACTIVO;8/03/2022;2022;CAMIONETA;Bogota D.C.;1
ELECTRICO;ACTIVO;23/03/2022;2022;AUTOMOVIL;Antioquia;1
ELECTRICO;ACTIVO;30/03/2022;2022;CUADRICICLO;Antioquia;1
ELECTRICO;ACTIVO;30/03/2022;2022;CUADRICICLO;Antioquia;1
ELECTRICO;ACTIVO;30/03/2022;2022;CUADRICICLO;Antioquia;1
ELECTRICO;ACTIVO;30/03/2022;2022;CUADRICICLO;Antioquia;1
ELECTRICO;ACTIVO;30/03/2022;2022;CUADRICICLO;Antioquia;1
ELECTRICO;ACTIVO;30/03/2022;2022;CUADRICICLO;Antioquia;1
ELECTRICO;ACTIVO;30/03/2022;2022;CUADRICICLO;Antioquia;1
ELECTRICO;ACTIVO;14/01/2012;2012;MOTOCICLETA;Antioquia;1
ELECTRICO;ACTIVO;18/12/2010;2010;MOTOCICLETA;Antioquia;1
ELECTRICO;ACTIVO;2/04/2011;2011;MOTOCICLETA;Bogota D.C.;1
ELECTRICO;ACTIVO;30/06/2011;2011;AUTOMOVIL;Valle del Cauca;1
ELECTRICO;ACTIVO;14/10/2010;2010;CAMIONETA;Cundinamarca;1
ELECTRICO;ACTIVO;25/10/2010;2010;CAMIONETA;Cundinamarca;1
ELECTRICO;ACTIVO;25/10/2010;2010;CAMIONETA;Cundinamarca;1
ELECTRICO;ACTIVO;5/04/2011;2011;MOTOCICLETA;Bogota D.C.;1
ELECTRICO;ACTIVO;2/06/2011;2011;MOTOCICLETA;Antioquia;1
ELECTRICO;ACTIVO;25/07/2011;2011;MOTOCICLETA;Antioquia;1
ELECTRICO;ACTIVO;19/10/2011;2011;CAMIONETA;Cundinamarca;1
ELECTRICO;ACTIVO;16/11/2011;2011;MOTOCICLETA;Antioquia;1
ELECTRICO;ACTIVO;19/08/2011;2011;MOTOCICLETA;Antioquia;1
ELECTRICO;ACTIVO;24/11/2012;2012;MOTOCICLETA;Bogota D.C.;1
ELECTRICO;ACTIVO;27/09/2012;2012;MOTOCICLETA;Valle del Cauca;1
ELECTRICO;ACTIVO;19/09/2011;2011;MOTOCICLETA;Cundinamarca;1
ELECTRICO;ACTIVO;23/02/2012;2012;MOTOCICLETA;Antioquia;1
ELECTRICO;ACTIVO;5/01/2013;2013;MOTOCICLETA;Bogota D.C.;1
ELECTRICO;ACTIVO;9/10/2012;2012;MOTOCICLETA;Bogota D.C.;1
ELECTRICO;ACTIVO;10/05/2012;2012;MOTOCICLETA;Bogota D.C.;1
ELECTRICO;ACTIVO;29/03/2012;2012;MOTOCICLETA;Meta;1
ELECTRICO;ACTIVO;6/03/2012;2012;MOTOCICLETA;Antioquia;1
ELECTRICO;ACTIVO;6/06/2012;2012;MOTOCICLETA;Valle del Cauca;1
ELECTRICO;ACTIVO;19/10/2012;2012;MOTOCICLETA;Bogota D.C.;1
ELECTRICO;ACTIVO;2/12/2011;2011;CAMIONETA;Antioquia;1
ELECTRICO;ACTIVO;27/03/2012;2012;MOTOCICLETA;Antioquia;1
ELECTRICO;ACTIVO;9/05/2012;2012;MOTOCICLETA;Antioquia;1
ELECTRICO;ACTIVO;6/07/2012;2012;MOTOCICLETA;Antioquia;1
ELECTRICO;ACTIVO;8/05/2012;2012;MOTOCICLETA;Antioquia;1
ELECTRICO;ACTIVO;18/05/2012;2012;AUTOMOVIL;Bogota D.C.;1
ELECTRICO;ACTIVO;1/06/2012;2012;MOTOCICLETA;Antioquia;1
ELECTRICO;ACTIVO;10/08/2012;2012;MOTOCICLETA;Choco;1
ELECTRICO;ACTIVO;6/11/2012;2012;MOTOCICLETA;Bogota D.C.;1
ELECTRICO;ACTIVO;6/12/2012;2012;AUTOMOVIL;Bogota D.C.;1
ELECTRICO;ACTIVO;6/12/2012;2012;AUTOMOVIL;Bogota D.C.;1
ELECTRICO;ACTIVO;6/12/2012;2012;AUTOMOVIL;Bogota D.C.;1
ELECTRICO;ACTIVO;11/12/2012;2012;AUTOMOVIL;Antioquia;1
ELECTRICO;ACTIVO;11/12/2012;2012;AUTOMOVIL;Antioquia;1
ELECTRICO;ACTIVO;18/02/2013;2013;MOTOCICLETA;Choco;1
ELECTRICO;ACTIVO;23/03/2013;2013;MOTOCICLETA;Santander;1
ELECTRICO;ACTIVO;15/08/2013;2013;AUTOMOVIL;Bogota D.C.;1
ELECTRICO;ACTIVO;15/08/2013;2013;AUTOMOVIL;Bogota D.C.;1
ELECTRICO;ACTIVO;2/03/2013;2013;MOTOCICLETA;Bogota D.C.;1
ELECTRICO;ACTIVO;15/08/2013;2013;AUTOMOVIL;Bogota D.C.;1
ELECTRICO;ACTIVO;15/08/2013;2013;AUTOMOVIL;Bogota D.C.;1
ELECTRICO;ACTIVO;15/08/2013;2013;AUTOMOVIL;Bogota D.C.;1
ELECTRICO;ACTIVO;15/08/2013;2013;AUTOMOVIL;Bogota D.C.;1
ELECTRICO;ACTIVO;16/05/2013;2013;AUTOMOVIL;Bogota D.C.;1
ELECTRICO;ACTIVO;17/09/2013;2013;MOTOCICLETA;Bogota D.C.;1
ELECTRICO;ACTIVO;23/05/2013;2013;MOTOCICLETA;Bogota D.C.;1
ELECTRICO;ACTIVO;23/05/2013;2013;MOTOCICLETA;Bogota D.C.;1
ELECTRICO;ACTIVO;24/05/2013;2013;MOTOCICLETA;Bogota D.C.;1
ELECTRICO;ACTIVO;24/05/2013;2013;MOTOCICLETA;Bogota D.C.;1
ELECTRICO;ACTIVO;24/05/2013;2013;MOTOCICLETA;Bogota D.C.;1
ELECTRICO;ACTIVO;22/01/2013;2013;MOTOCICLETA;Caqueta;1
ELECTRICO;ACTIVO;23/04/2013;2013;MOTOCICLETA;Bogota D.C.;1
ELECTRICO;ACTIVO;28/11/2012;2012;MOTOCICLETA;Antioquia;1
ELECTRICO;ACTIVO;21/12/2012;2012;MOTOCICLETA;Antioquia;1
ELECTRICO;ACTIVO;16/02/2013;2013;MOTOCICLETA;Bogota D.C.;1
ELECTRICO;ACTIVO;19/03/2013;2013;MOTOCICLETA;Antioquia;1
ELECTRICO;ACTIVO;24/05/2013;2013;MOTOCICLETA;Bogota D.C.;1
ELECTRICO;ACTIVO;24/05/2013;2013;MOTOCICLETA;Bogota D.C.;1
ELECTRICO;ACTIVO;24/05/2013;2013;MOTOCICLETA;Bogota D.C.;1
ELECTRICO;ACTIVO;24/05/2013;2013;MOTOCICLETA;Bogota D.C.;1
ELECTRICO;ACTIVO;24/05/2013;2013;MOTOCICLETA;Bogota D.C.;1
ELECTRICO;ACTIVO;24/04/2014;2014;MOTOCICLETA;Bogota D.C.;1
ELECTRICO;ACTIVO;6/09/2013;2013;MOTOCICLETA;Antioquia;1
ELECTRICO;ACTIVO;6/09/2013;2013;MOTOCICLETA;Antioquia;1
ELECTRICO;ACTIVO;3/12/2013;2013;MOTOCICLETA;Antioquia;1
ELECTRICO;ACTIVO;23/08/2013;2013;MOTOCICLETA;Bogota D.C.;1
ELECTRICO;ACTIVO;27/06/2013;2013;MOTOCICLETA;Antioquia;1
ELECTRICO;ACTIVO;30/12/2013;2013;MOTOCICLETA;Bogota D.C.;1
ELECTRICO;ACTIVO;9/10/2013;2013;MOTOCICLETA;Antioquia;1
ELECTRICO;ACTIVO;27/02/2014;2014;MOTOCICLETA;Bogota D.C.;1
ELECTRICO;ACTIVO;22/10/2013;2013;MOTOCICLETA;Antioquia;1
ELECTRICO;ACTIVO;14/03/2014;2014;MOTOCICLETA;Bogota D.C.;1
ELECTRICO;ACTIVO;20/09/2013;2013;MOTOCICLETA;Bogota D.C.;1
ELECTRICO;ACTIVO;28/03/2014;2014;MOTOCICLETA;Antioquia;1
ELECTRICO;ACTIVO;10/04/2014;2014;MOTOCICLETA;Santander;1
ELECTRICO;ACTIVO;17/04/2015;2015;AUTOMOVIL;Bogota D.C.;1
ELECTRICO;ACTIVO;1/08/2014;2014;MOTOCICLETA;Antioquia;1
ELECTRICO;ACTIVO;8/05/2015;2015;MOTOCICLETA;Valle del Cauca;1
ELECTRICO;ACTIVO;30/12/2014;2014;MOTOCICLETA;Valle del Cauca;1
ELECTRICO;ACTIVO;30/07/2014;2014;MOTOCICLETA;Huila;1
ELECTRICO;ACTIVO;29/09/2015;2015;MOTOCICLETA;Bogota D.C.;1
ELECTRICO;ACTIVO;24/09/2014;2014;AUTOMOVIL;Bogota D.C.;1
ELECTRICO;ACTIVO;4/12/2014;2014;MOTOCICLETA;Bogota D.C.;1
ELECTRICO;ACTIVO;7/05/2014;2014;AUTOMOVIL;Atlantico;1
ELECTRICO;ACTIVO;1/04/2014;2014;CAMIONETA;Antioquia;1
ELECTRICO;ACTIVO;5/06/2014;2014;MOTOCICLETA;Antioquia;1
ELECTRICO;ACTIVO;1/08/2014;2014;MOTOCICLETA;Antioquia;1
ELECTRICO;ACTIVO;30/07/2014;2014;MOTOCICLETA;Antioquia;1
ELECTRICO;ACTIVO;31/05/2014;2014;MOTOCICLETA;Antioquia;1
ELECTRICO;ACTIVO;12/07/2014;2014;CAMIONETA;Cundinamarca;1
ELECTRICO;ACTIVO;19/11/2014;2014;MOTOCICLETA;Valle del Cauca;1
ELECTRICO;ACTIVO;3/03/2015;2015;MOTOCICLETA;Narino;1
ELECTRICO;ACTIVO;20/02/2015;2015;AUTOMOVIL;Bogota D.C.;1
ELECTRICO;ACTIVO;10/06/2015;2015;MOTOCICLETA;Bogota D.C.;1
ELECTRICO;ACTIVO;24/09/2015;2015;MOTOCICLETA;Bogota D.C.;1
ELECTRICO;ACTIVO;13/03/2015;2015;MOTOCICLETA;Antioquia;1
ELECTRICO;ACTIVO;28/01/2015;2015;MOTOCICLETA;Antioquia;1
ELECTRICO;ACTIVO;15/11/2014;2014;MOTOCICLETA;Bogota D.C.;1
ELECTRICO;ACTIVO;17/04/2015;2015;MOTOCICLETA;Santander;1
ELECTRICO;ACTIVO;27/04/2015;2015;MOTOCICLETA;Santander;1
ELECTRICO;ACTIVO;30/01/2015;2015;CAMIONETA;Bogota D.C.;1
ELECTRICO;ACTIVO;7/05/2015;2015;MOTOCICLETA;Santander;1
ELECTRICO;ACTIVO;10/02/2015;2015;MOTOCICLETA;Antioquia;1
ELECTRICO;ACTIVO;31/08/2015;2015;MOTOCICLETA;Antioquia;1
ELECTRICO;ACTIVO;23/07/2015;2015;MOTOCICLETA;Antioquia;1
ELECTRICO;ACTIVO;29/04/2016;2016;MOTOCICLETA;Huila;1
ELECTRICO;ACTIVO;4/10/2014;2014;MOTOCICLETA;Antioquia;1
ELECTRICO;ACTIVO;7/04/2015;2015;MOTOCICLETA;Huila;1
ELECTRICO;ACTIVO;25/08/2015;2015;MOTOCICLETA;Cordoba;1
ELECTRICO;ACTIVO;15/01/2015;2015;AUTOMOVIL;Bogota D.C.;1
ELECTRICO;ACTIVO;22/04/2015;2015;MOTOCICLETA;Cundinamarca;1
ELECTRICO;ACTIVO;13/02/2015;2015;MOTOCICLETA;Antioquia;1
ELECTRICO;ACTIVO;31/12/2014;2014;MOTOCICLETA;Huila;1
ELECTRICO;ACTIVO;22/09/2014;2014;MOTOCICLETA;Cordoba;1
ELECTRICO;ACTIVO;13/05/2015;2015;MOTOCICLETA;Bogota D.C.;1
ELECTRICO;ACTIVO;2/05/2015;2015;MOTOCICLETA;Bogota D.C.;1
ELECTRICO;ACTIVO;16/04/2015;2015;MOTOCICLETA;Antioquia;1
ELECTRICO;ACTIVO;10/04/2015;2015;MOTOCICLETA;Antioquia;1
ELECTRICO;ACTIVO;2/10/2015;2015;MOTOCICLETA;Bogota D.C.;1
ELECTRICO;ACTIVO;28/01/2015;2015;AUTOMOVIL;Bogota D.C.;1
ELECTRICO;ACTIVO;31/07/2015;2015;AUTOMOVIL;Bogota D.C.;1
ELECTRICO;ACTIVO;27/02/2017;2017;AUTOMOVIL;Bogota D.C.;1
ELECTRICO;ACTIVO;24/07/2015;2015;AUTOMOVIL;Antioquia;1
ELECTRICO;ACTIVO;12/06/2015;2015;AUTOMOVIL;Bogota D.C.;1
ELECTRICO;ACTIVO;17/06/2015;2015;AUTOMOVIL;Caldas;1
ELECTRICO;ACTIVO;2/07/2015;2015;AUTOMOVIL;Bogota D.C.;1
ELECTRICO;ACTIVO;12/06/2015;2015;AUTOMOVIL;Bogota D.C.;1
ELECTRICO;ACTIVO;27/10/2015;2015;MOTOCICLETA;Bogota D.C.;1
ELECTRICO;ACTIVO;16/09/2015;2015;MOTOCICLETA;Cauca;1
ELECTRICO;ACTIVO;29/04/2016;2016;AUTOMOVIL;Bogota D.C.;1
ELECTRICO;ACTIVO;31/10/2015;2015;AUTOMOVIL;Antioquia;1
ELECTRICO;ACTIVO;5/10/2015;2015;MOTOCICLETA;Santander;1
ELECTRICO;ACTIVO;22/02/2016;2016;MOTOCICLETA;Valle del Cauca;1
ELECTRICO;ACTIVO;4/04/2016;2016;MOTOCICLETA;Valle del Cauca;1
ELECTRICO;ACTIVO;29/10/2015;2015;MOTOCICLETA;Antioquia;1
ELECTRICO;ACTIVO;1/12/2015;2015;BUS;Bogota D.C.;1
ELECTRICO;ACTIVO;29/05/2015;2015;MOTOCICLETA;Bogota D.C.;1
ELECTRICO;ACTIVO;27/10/2015;2015;MOTOCICLETA;Arauca;1
ELECTRICO;ACTIVO;11/09/2015;2015;AUTOMOVIL;Bogota D.C.;1
ELECTRICO;ACTIVO;23/07/2015;2015;AUTOMOVIL;Valle del Cauca;1
ELECTRICO;ACTIVO;8/09/2016;2016;AUTOMOVIL;Cundinamarca;1
ELECTRICO;ACTIVO;29/07/2016;2016;AUTOMOVIL;Bogota D.C.;1
ELECTRICO;ACTIVO;31/10/2016;2016;AUTOMOVIL;Bogota D.C.;1
ELECTRICO;ACTIVO;29/06/2016;2016;AUTOMOVIL;Antioquia;1
ELECTRICO;ACTIVO;9/02/2016;2016;AUTOMOVIL;Tolima;1
ELECTRICO;ACTIVO;19/01/2016;2016;MOTOCICLETA;Santander;1
ELECTRICO;ACTIVO;3/03/2016;2016;MOTOCICLETA;Valle del Cauca;1
ELECTRICO;ACTIVO;10/11/2015;2015;MOTOCICLETA;Caqueta;1
ELECTRICO;ACTIVO;7/10/2015;2015;AUTOMOVIL;Bogota D.C.;1
ELECTRICO;ACTIVO;30/09/2015;2015;AUTOMOVIL;Santander;1
ELECTRICO;ACTIVO;15/10/2015;2015;AUTOMOVIL;Bogota D.C.;1
ELECTRICO;ACTIVO;29/10/2015;2015;AUTOMOVIL;Antioquia;1
ELECTRICO;ACTIVO;22/12/2015;2015;CUATRIMOTO;Cundinamarca;1
ELECTRICO;ACTIVO;15/01/2016;2016;AUTOMOVIL;Tolima;1
ELECTRICO;ACTIVO;24/11/2015;2015;MOTOCICLETA;Antioquia;1
ELECTRICO;ACTIVO;29/05/2015;2015;MOTOCICLETA;Santander;1
ELECTRICO;ACTIVO;21/12/2016;2016;AUTOMOVIL;Bogota D.C.;1
ELECTRICO;ACTIVO;16/01/2017;2017;AUTOMOVIL;Bogota D.C.;1
ELECTRICO;ACTIVO;12/11/2016;2016;AUTOMOVIL;Antioquia;1
ELECTRICO;ACTIVO;21/12/2016;2016;AUTOMOVIL;Bogota D.C.;1
ELECTRICO;ACTIVO;13/09/2016;2016;AUTOMOVIL;Bogota D.C.;1
ELECTRICO;ACTIVO;22/11/2016;2016;AUTOMOVIL;Cundinamarca;1
ELECTRICO;ACTIVO;18/04/2016;2016;AUTOMOVIL;Cundinamarca;1
ELECTRICO;ACTIVO;28/11/2016;2016;AUTOMOVIL;Antioquia;1
ELECTRICO;ACTIVO;21/12/2016;2016;AUTOMOVIL;Bogota D.C.;1
ELECTRICO;ACTIVO;22/12/2016;2016;AUTOMOVIL;Bogota D.C.;1
ELECTRICO;ACTIVO;21/10/2016;2016;AUTOMOVIL;Antioquia;1
ELECTRICO;ACTIVO;28/03/2016;2016;AUTOMOVIL;Antioquia;1
ELECTRICO;ACTIVO;15/09/2016;2016;AUTOMOVIL;Bogota D.C.;1
ELECTRICO;ACTIVO;25/11/2016;2016;AUTOMOVIL;Antioquia;1
ELECTRICO;ACTIVO;17/04/2017;2017;AUTOMOVIL;Bogota D.C.;1
ELECTRICO;ACTIVO;12/08/2015;2015;MOTOCICLETA;Santander;1
ELECTRICO;ACTIVO;11/08/2015;2015;MOTOCICLETA;Santander;1
ELECTRICO;ACTIVO;15/05/2015;2015;MOTOCICLETA;Santander;1
ELECTRICO;ACTIVO;8/10/2015;2015;AUTOMOVIL;Bogota D.C.;1
ELECTRICO;ACTIVO;7/10/2015;2015;AUTOMOVIL;Bogota D.C.;1
ELECTRICO;ACTIVO;12/06/2015;2015;AUTOMOVIL;Bogota D.C.;1
ELECTRICO;ACTIVO;12/06/2015;2015;AUTOMOVIL;Bogota D.C.;1
ELECTRICO;ACTIVO;18/06/2015;2015;MOTOCICLETA;Santander;1
ELECTRICO;ACTIVO;17/07/2015;2015;MOTOCICLETA;Santander;1
ELECTRICO;ACTIVO;26/09/2017;2017;AUTOMOVIL;Bogota D.C.;1
ELECTRICO;ACTIVO;5/10/2015;2015;MOTOCICLETA;Santander;1
ELECTRICO;ACTIVO;22/07/2015;2015;MOTOCICLETA;Antioquia;1
ELECTRICO;ACTIVO;8/03/2017;2017;AUTOMOVIL;Bogota D.C.;1
ELECTRICO;ACTIVO;3/11/2015;2015;AUTOMOVIL;Bogota D.C.;1
ELECTRICO;ACTIVO;21/10/2015;2015;AUTOMOVIL;Bogota D.C.;1
ELECTRICO;ACTIVO;27/10/2015;2015;MOTOCICLETA;Arauca;1
ELECTRICO;ACTIVO;18/09/2015;2015;AUTOMOVIL;Bogota D.C.;1
ELECTRICO;ACTIVO;11/05/2015;2015;MOTOCICLETA;Santander;1
ELECTRICO;ACTIVO;9/06/2016;2016;AUTOMOVIL;Antioquia;1
ELECTRICO;ACTIVO;8/11/2016;2016;AUTOMOVIL;Bogota D.C.;1
ELECTRICO;ACTIVO;23/01/2017;2017;MOTOCICLETA;Santander;1
ELECTRICO;ACTIVO;10/11/2016;2016;MOTOCARRO;Cundinamarca;1
ELECTRICO;ACTIVO;22/12/2017;2017;AUTOMOVIL;Antioquia;1
ELECTRICO;ACTIVO;10/11/2016;2016;MOTOCARRO;Cundinamarca;1
ELECTRICO;ACTIVO;4/11/2016;2016;MOTOCICLETA;Antioquia;1
ELECTRICO;ACTIVO;11/10/2016;2016;MOTOCARRO;Cundinamarca;1
ELECTRICO;ACTIVO;21/07/2016;2016;MOTOCICLETA;Antioquia;1
ELECTRICO;ACTIVO;6/10/2016;2016;MOTOCICLETA;Valle del Cauca;1
ELECTRICO;ACTIVO;8/05/2017;2017;MOTOCICLETA;Antioquia;1
ELECTRICO;ACTIVO;10/11/2016;2016;MOTOCARRO;Cundinamarca;1
ELECTRICO;ACTIVO;10/11/2016;2016;MOTOCARRO;Cundinamarca;1
ELECTRICO;ACTIVO;28/09/2016;2016;MOTOCICLETA;Antioquia;1
ELECTRICO;ACTIVO;11/10/2016;2016;MOTOCARRO;Cundinamarca;1
ELECTRICO;ACTIVO;11/10/2016;2016;MOTOCARRO;Cundinamarca;1
ELECTRICO;ACTIVO;1/03/2016;2016;MOTOCICLETA;Antioquia;1
ELECTRICO;ACTIVO;11/07/2016;2016;MOTOCICLETA;Risaralda;1
ELECTRICO;ACTIVO;19/02/2016;2016;MOTOCICLETA;Antioquia;1
ELECTRICO;ACTIVO;21/02/2017;2017;CAMIONETA;Antioquia;1
ELECTRICO;ACTIVO;21/12/2016;2016;CAMIONETA;Antioquia;1
ELECTRICO;ACTIVO;9/09/2016;2016;MOTOCICLETA;Risaralda;1
ELECTRICO;ACTIVO;21/12/2016;2016;CAMIONETA;Antioquia;1
ELECTRICO;ACTIVO;11/02/2016;2016;CAMIONETA;Bogota D.C.;1
ELECTRICO;ACTIVO;19/12/2016;2016;AUTOMOVIL;Bogota D.C.;1
ELECTRICO;ACTIVO;11/10/2016;2016;MOTOCARRO;Cundinamarca;1
ELECTRICO;ACTIVO;23/11/2016;2016;AUTOMOVIL;Antioquia;1
ELECTRICO;ACTIVO;26/04/2016;2016;MOTOCICLETA;Antioquia;1
ELECTRICO;ACTIVO;11/10/2016;2016;MOTOCARRO;Cundinamarca;1
ELECTRICO;ACTIVO;10/11/2016;2016;MOTOCARRO;Cundinamarca;1
ELECTRICO;ACTIVO;12/04/2016;2016;MOTOCICLETA;Antioquia;1
ELECTRICO;ACTIVO;20/04/2016;2016;MOTOCICLETA;Antioquia;1
ELECTRICO;ACTIVO;10/05/2016;2016;MOTOCICLETA;Antioquia;1
ELECTRICO;ACTIVO;21/03/2017;2017;MOTOCICLETA;Antioquia;1
ELECTRICO;ACTIVO;4/10/2017;2017;AUTOMOVIL;Bogota D.C.;1
ELECTRICO;ACTIVO;28/12/2016;2016;MOTOCARRO;Cundinamarca;1
ELECTRICO;ACTIVO;16/03/2017;2017;CAMIONETA;Antioquia;1
ELECTRICO;ACTIVO;16/12/2019;2019;MOTOCICLETA;Cundinamarca;1
ELECTRICO;ACTIVO;27/02/2017;2017;MOTOCICLETA;Antioquia;1
ELECTRICO;ACTIVO;6/07/2017;2017;MOTOCARRO;Valle del Cauca;1
ELECTRICO;ACTIVO;26/12/2016;2016;MOTOCICLETA;Antioquia;1
ELECTRICO;ACTIVO;14/12/2016;2016;MOTOCICLETA;Antioquia;1
ELECTRICO;ACTIVO;23/10/2017;2017;AUTOMOVIL;Antioquia;1
ELECTRICO;ACTIVO;17/04/2017;2017;MOTOCICLETA;Valle del Cauca;1
ELECTRICO;ACTIVO;23/08/2017;2017;AUTOMOVIL;Bogota D.C.;1
ELECTRICO;ACTIVO;17/02/2017;2017;MOTOCICLETA;Antioquia;1
ELECTRICO;ACTIVO;20/04/2017;2017;MOTOCICLETA;Antioquia;1
ELECTRICO;ACTIVO;16/03/2017;2017;CAMIONETA;Antioquia;1
ELECTRICO;ACTIVO;28/12/2016;2016;MOTOCARRO;Cundinamarca;1
ELECTRICO;ACTIVO;30/05/2017;2017;CAMIONETA;Bogota D.C.;1
ELECTRICO;ACTIVO;7/06/2017;2017;AUTOMOVIL;Antioquia;1
ELECTRICO;ACTIVO;6/12/2016;2016;MOTOCICLETA;Antioquia;1
ELECTRICO;ACTIVO;28/12/2016;2016;MOTOCARRO;Cundinamarca;1
ELECTRICO;ACTIVO;17/04/2017;2017;MOTOCICLETA;Bogota D.C.;1
ELECTRICO;ACTIVO;30/11/2016;2016;MOTOCICLETA;Antioquia;1
ELECTRICO;ACTIVO;18/07/2017;2017;AUTOMOVIL;Valle del Cauca;1
ELECTRICO;ACTIVO;15/03/2017;2017;AUTOMOVIL;Antioquia;1
ELECTRICO;ACTIVO;25/08/2017;2017;AUTOMOVIL;Antioquia;1
ELECTRICO;ACTIVO;24/01/2019;2019;MOTOCARRO;Bogota D.C.;1
ELECTRICO;ACTIVO;13/09/2018;2018;CAMIONETA;Antioquia;1
ELECTRICO;ACTIVO;30/01/2019;2019;AUTOMOVIL;Bogota D.C.;1
ELECTRICO;ACTIVO;29/09/2018;2018;AUTOMOVIL;Antioquia;1
ELECTRICO;ACTIVO;5/10/2018;2018;AUTOMOVIL;Bogota D.C.;1
ELECTRICO;ACTIVO;22/05/2018;2018;MOTOCICLETA;Antioquia;1
ELECTRICO;ACTIVO;30/09/2017;2017;CUADRICICLO;Risaralda;1
ELECTRICO;ACTIVO;28/06/2018;2018;AUTOMOVIL;Antioquia;1
ELECTRICO;ACTIVO;30/11/2018;2018;AUTOMOVIL;Antioquia;1
ELECTRICO;ACTIVO;26/10/2018;2018;AUTOMOVIL;Bogota D.C.;1
ELECTRICO;ACTIVO;31/10/2018;2018;AUTOMOVIL;Bogota D.C.;1
ELECTRICO;ACTIVO;23/06/2018;2018;AUTOMOVIL;Bogota D.C.;1
ELECTRICO;ACTIVO;12/07/2018;2018;AUTOMOVIL;Antioquia;1
ELECTRICO;ACTIVO;13/10/2018;2018;CUADRICICLO;Antioquia;1
ELECTRICO;ACTIVO;22/11/2018;2018;CAMIONETA;Antioquia;1
ELECTRICO;ACTIVO;15/01/2019;2019;AUTOMOVIL;Cundinamarca;1
ELECTRICO;ACTIVO;12/02/2018;2018;MOTOCICLETA;Valle del Cauca;1
ELECTRICO;ACTIVO;27/11/2018;2018;AUTOMOVIL;Bogota D.C.;1
ELECTRICO;ACTIVO;8/11/2018;2018;CAMIONETA;Bogota D.C.;1
ELECTRICO;ACTIVO;28/12/2018;2018;AUTOMOVIL;Bogota D.C.;1
ELECTRICO;ACTIVO;28/12/2018;2018;AUTOMOVIL;Bogota D.C.;1
ELECTRICO;ACTIVO;27/11/2018;2018;AUTOMOVIL;Bogota D.C.;1
ELECTRICO;ACTIVO;14/12/2018;2018;AUTOMOVIL;Bogota D.C.;1
ELECTRICO;ACTIVO;3/08/2018;2018;AUTOMOVIL;Bogota D.C.;1
ELECTRICO;ACTIVO;28/02/2019;2019;CUADRICICLO;Antioquia;1
ELECTRICO;ACTIVO;28/02/2019;2019;CUADRICICLO;Bogota D.C.;1
ELECTRICO;ACTIVO;14/05/2019;2019;AUTOMOVIL;Antioquia;1
ELECTRICO;ACTIVO;26/02/2019;2019;AUTOMOVIL;Bogota D.C.;1
ELECTRICO;ACTIVO;12/11/2019;2019;CAMIONETA;Antioquia;1
ELECTRICO;ACTIVO;26/06/2019;2019;CAMIONETA;Antioquia;1
ELECTRICO;ACTIVO;26/06/2019;2019;CAMIONETA;Antioquia;1
ELECTRICO;ACTIVO;17/10/2018;2018;AUTOMOVIL;Bogota D.C.;1
ELECTRICO;ACTIVO;13/02/2018;2018;AUTOMOVIL;Antioquia;1
ELECTRICO;ACTIVO;31/08/2018;2018;CUADRICICLO;Bogota D.C.;1
ELECTRICO;ACTIVO;31/07/2018;2018;CUADRICICLO;Bogota D.C.;1
ELECTRICO;ACTIVO;8/05/2018;2018;MOTOCICLETA;Antioquia;1
ELECTRICO;ACTIVO;28/11/2018;2018;AUTOMOVIL;Antioquia;1
ELECTRICO;ACTIVO;20/11/2018;2018;CUADRICICLO;Antioquia;1
ELECTRICO;ACTIVO;13/12/2018;2018;CUADRICICLO;Bogota D.C.;1
ELECTRICO;ACTIVO;22/11/2018;2018;CUADRICICLO;Antioquia;1
ELECTRICO;ACTIVO;23/11/2018;2018;AUTOMOVIL;Bogota D.C.;1
ELECTRICO;ACTIVO;23/01/2018;2018;AUTOMOVIL;Antioquia;1
ELECTRICO;ACTIVO;17/05/2018;2018;CUADRICICLO;Bogota D.C.;1
ELECTRICO;ACTIVO;23/03/2018;2018;CUADRICICLO;Antioquia;1
ELECTRICO;ACTIVO;17/07/2018;2018;AUTOMOVIL;Bogota D.C.;1
ELECTRICO;ACTIVO;18/02/2019;2019;CAMIONETA;Caldas;1
ELECTRICO;ACTIVO;13/06/2018;2018;AUTOMOVIL;Antioquia;1
ELECTRICO;ACTIVO;8/11/2018;2018;CUADRICICLO;Antioquia;1
ELECTRICO;ACTIVO;1/11/2018;2018;CAMION;Antioquia;1
ELECTRICO;ACTIVO;29/05/2018;2018;AUTOMOVIL;Bogota D.C.;1
ELECTRICO;ACTIVO;29/09/2018;2018;AUTOMOVIL;Bogota D.C.;1
ELECTRICO;ACTIVO;17/10/2017;2017;CUADRICICLO;Bogota D.C.;1
ELECTRICO;ACTIVO;2/08/2019;2019;AUTOMOVIL;Antioquia;1
ELECTRICO;ACTIVO;20/06/2018;2018;AUTOMOVIL;Antioquia;1
ELECTRICO;ACTIVO;25/05/2019;2019;CAMIONETA;Antioquia;1
ELECTRICO;ACTIVO;15/11/2018;2018;AUTOMOVIL;Antioquia;1
ELECTRICO;ACTIVO;30/07/2018;2018;AUTOMOVIL;Bogota D.C.;1
ELECTRICO;ACTIVO;30/03/2019;2019;AUTOMOVIL;Bogota D.C.;1
ELECTRICO;ACTIVO;5/02/2018;2018;MOTOCICLETA;Amazonas;1
ELECTRICO;ACTIVO;28/11/2018;2018;AUTOMOVIL;Antioquia;1
ELECTRICO;ACTIVO;28/11/2018;2018;AUTOMOVIL;Bogota D.C.;1
ELECTRICO;ACTIVO;28/03/2018;2018;AUTOMOVIL;Antioquia;1
ELECTRICO;ACTIVO;4/07/2019;2019;AUTOMOVIL;Bogota D.C.;1
ELECTRICO;ACTIVO;27/06/2018;2018;AUTOMOVIL;Bogota D.C.;1
ELECTRICO;ACTIVO;17/12/2018;2018;CUADRICICLO;Bogota D.C.;1
ELECTRICO;ACTIVO;20/09/2018;2018;CUADRICICLO;Bogota D.C.;1
ELECTRICO;ACTIVO;24/12/2018;2018;AUTOMOVIL;Bogota D.C.;1
ELECTRICO;ACTIVO;21/12/2018;2018;AUTOMOVIL;Antioquia;1
ELECTRICO;ACTIVO;28/12/2018;2018;AUTOMOVIL;Antioquia;1
ELECTRICO;ACTIVO;6/05/2019;2019;MOTOCARRO;Atlantico;1
ELECTRICO;ACTIVO;6/12/2018;2018;AUTOMOVIL;Cundinamarca;1
ELECTRICO;ACTIVO;30/06/2018;2018;AUTOMOVIL;Bogota D.C.;1
ELECTRICO;ACTIVO;3/01/2018;2018;BUS;Caldas;1
ELECTRICO;ACTIVO;28/03/2018;2018;AUTOMOVIL;Antioquia;1
ELECTRICO;ACTIVO;12/03/2018;2018;CUADRICICLO;Bogota D.C.;1
ELECTRICO;ACTIVO;29/08/2018;2018;AUTOMOVIL;Antioquia;1
ELECTRICO;ACTIVO;3/10/2018;2018;CAMIONETA;Antioquia;1
ELECTRICO;ACTIVO;9/11/2018;2018;CAMIONETA;Bogota D.C.;1
ELECTRICO;ACTIVO;6/02/2019;2019;AUTOMOVIL;Antioquia;1
ELECTRICO;ACTIVO;3/10/2018;2018;CAMIONETA;Antioquia;1
ELECTRICO;ACTIVO;18/02/2019;2019;CUADRICICLO;Bogota D.C.;1
ELECTRICO;ACTIVO;5/06/2019;2019;CUADRICICLO;Bogota D.C.;1
ELECTRICO;ACTIVO;29/11/2016;2016;AUTOMOVIL;Antioquia;1
ELECTRICO;ACTIVO;11/11/2015;2015;MOTOCICLETA;Santander;1
ELECTRICO;ACTIVO;13/02/2015;2015;AUTOMOVIL;Antioquia;1
ELECTRICO;ACTIVO;4/02/2015;2015;MOTOCICLETA;Bogota D.C.;1
ELECTRICO;ACTIVO;20/04/2011;2011;MOTOCICLETA;Bogota D.C.;1
ELECTRICO;ACTIVO;8/04/2014;2014;MOTOCICLETA;Antioquia;1
ELECTRICO;ACTIVO;10/06/2016;2016;MOTOCICLETA;Antioquia;1
ELECTRICO;ACTIVO;13/06/2016;2016;AUTOMOVIL;Bogota D.C.;1
ELECTRICO;ACTIVO;24/05/2013;2013;MOTOCICLETA;Bogota D.C.;1
ELECTRICO;ACTIVO;24/05/2013;2013;MOTOCICLETA;Bogota D.C.;1
ELECTRICO;ACTIVO;23/05/2013;2013;MOTOCICLETA;Bogota D.C.;1
ELECTRICO;ACTIVO;8/03/2013;2013;MOTOCICLETA;Valle del Cauca;1
ELECTRICO;ACTIVO;25/05/2015;2015;AUTOMOVIL;Bogota D.C.;1
ELECTRICO;ACTIVO;17/06/2014;2014;MOTOCICLETA;Antioquia;1
ELECTRICO;ACTIVO;26/08/2013;2013;MOTOCICLETA;Antioquia;1
ELECTRICO;ACTIVO;6/03/2012;2012;MOTOCICLETA;Bogota D.C.;1
ELECTRICO;ACTIVO;8/06/2012;2012;MOTOCICLETA;Bogota D.C.;1
ELECTRICO;ACTIVO;11/06/2021;2021;TRICIMOTO;Valle del Cauca;1
ELECTRICO;ACTIVO;24/10/2019;2019;TRICIMOTO;Valle del Cauca;1
ELECTRICO;ACTIVO;11/11/2020;2020;BUS;Bogota D.C.;1
ELECTRICO;ACTIVO;11/11/2020;2020;BUS;Bogota D.C.;1
ELECTRICO;ACTIVO;12/11/2020;2020;BUS;Bogota D.C.;1
ELECTRICO;ACTIVO;11/11/2020;2020;BUS;Bogota D.C.;1
ELECTRICO;ACTIVO;12/11/2020;2020;BUS;Bogota D.C.;1
ELECTRICO;ACTIVO;11/11/2020;2020;BUS;Bogota D.C.;1
ELECTRICO;ACTIVO;26/03/2021;2021;CAMIONETA;Bogota D.C.;1
ELECTRICO;ACTIVO;4/12/2020;2020;CAMIONETA;Antioquia;1
ELECTRICO;ACTIVO;27/10/2021;2021;CAMIONETA;Antioquia;1
ELECTRICO;ACTIVO;4/12/2019;2019;AUTOMOVIL;Bogota D.C.;1
ELECTRICO;ACTIVO;5/10/2020;2020;AUTOMOVIL;Cundinamarca;1
ELECTRICO;ACTIVO;9/12/2019;2019;AUTOMOVIL;Bogota D.C.;1
ELECTRICO;ACTIVO;18/03/2020;2020;AUTOMOVIL;Antioquia;1
ELECTRICO;ACTIVO;8/11/2019;2019;AUTOMOVIL;Antioquia;1
ELECTRICO;ACTIVO;29/10/2019;2019;AUTOMOVIL;Antioquia;1
ELECTRICO;ACTIVO;28/10/2019;2019;AUTOMOVIL;Bogota D.C.;1
ELECTRICO;ACTIVO;26/02/2021;2021;AUTOMOVIL;Bogota D.C.;1
ELECTRICO;ACTIVO;5/11/2020;2020;BUS;Bogota D.C.;1
ELECTRICO;ACTIVO;5/11/2020;2020;BUS;Bogota D.C.;1
ELECTRICO;ACTIVO;21/12/2020;2020;MOTOCARRO;Valle del Cauca;1
ELECTRICO;ACTIVO;17/07/2021;2021;AUTOMOVIL;Antioquia;1
ELECTRICO;ACTIVO;25/10/2021;2021;AUTOMOVIL;Bogota D.C.;1
ELECTRICO;ACTIVO;13/02/2021;2021;AUTOMOVIL;Antioquia;1
ELECTRICO;ACTIVO;11/06/2021;2021;AUTOMOVIL;Bogota D.C.;1
ELECTRICO;ACTIVO;6/10/2021;2021;AUTOMOVIL;Risaralda;1
ELECTRICO;ACTIVO;9/09/2021;2021;AUTOMOVIL;Bogota D.C.;1
ELECTRICO;ACTIVO;22/07/2021;2021;AUTOMOVIL;Antioquia;1
ELECTRICO;ACTIVO;27/02/2020;2020;AUTOMOVIL;Bogota D.C.;1
ELECTRICO;ACTIVO;7/01/2021;2021;AUTOMOVIL;Bogota D.C.;1
ELECTRICO;ACTIVO;20/10/2020;2020;AUTOMOVIL;Bogota D.C.;1
ELECTRICO;ACTIVO;27/10/2020;2020;AUTOMOVIL;Bogota D.C.;1
ELECTRICO;ACTIVO;23/11/2020;2020;AUTOMOVIL;Cundinamarca;1
ELECTRICO;ACTIVO;20/04/2021;2021;AUTOMOVIL;Bogota D.C.;1
ELECTRICO;ACTIVO;23/10/2020;2020;AUTOMOVIL;Bogota D.C.;1
ELECTRICO;ACTIVO;30/09/2020;2020;AUTOMOVIL;Bogota D.C.;1
ELECTRICO;ACTIVO;29/12/2020;2020;CAMIONETA;Antioquia;1
ELECTRICO;ACTIVO;26/06/2021;2021;CAMIONETA;Cundinamarca;1
ELECTRICO;ACTIVO;16/02/2021;2021;CAMIONETA;Bogota D.C.;1
ELECTRICO;ACTIVO;28/05/2021;2021;AUTOMOVIL;Risaralda;1
ELECTRICO;ACTIVO;15/10/2021;2021;MOTOCARRO;Cundinamarca;1
ELECTRICO;ACTIVO;9/08/2019;2019;AUTOMOVIL;Bogota D.C.;1
ELECTRICO;ACTIVO;25/11/2021;2021;CAMION;Antioquia;1
ELECTRICO;ACTIVO;10/12/2020;2020;CAMION;Antioquia;1
ELECTRICO;ACTIVO;10/12/2020;2020;CAMION;Antioquia;1
ELECTRICO;ACTIVO;25/11/2021;2021;CAMION;Antioquia;1
ELECTRICO;ACTIVO;23/08/2021;2021;CAMION;Cundinamarca;1
ELECTRICO;ACTIVO;18/05/2020;2020;CAMION;Antioquia;1
ELECTRICO;ACTIVO;25/11/2021;2021;CAMION;Antioquia;1
ELECTRICO;ACTIVO;25/11/2021;2021;CAMION;Antioquia;1
ELECTRICO;ACTIVO;1/10/2020;2020;CAMION;Cundinamarca;1
ELECTRICO;ACTIVO;24/11/2021;2021;CAMION;Antioquia;1
ELECTRICO;ACTIVO;11/05/2019;2019;AUTOMOVIL;Antioquia;1
ELECTRICO;ACTIVO;26/12/2019;2019;AUTOMOVIL;Bogota D.C.;1
ELECTRICO;ACTIVO;24/12/2019;2019;AUTOMOVIL;Valle del Cauca;1
ELECTRICO;ACTIVO;30/01/2020;2020;AUTOMOVIL;Bogota D.C.;1
ELECTRICO;ACTIVO;9/12/2019;2019;AUTOMOVIL;Antioquia;1
ELECTRICO;ACTIVO;31/01/2020;2020;AUTOMOVIL;Bogota D.C.;1
ELECTRICO;ACTIVO;20/01/2020;2020;AUTOMOVIL;Antioquia;1
ELECTRICO;ACTIVO;9/12/2019;2019;CAMION;Cundinamarca;1
ELECTRICO;ACTIVO;9/12/2019;2019;CAMION;Cundinamarca;1
ELECTRICO;ACTIVO;9/12/2019;2019;CAMION;Cundinamarca;1
ELECTRICO;ACTIVO;11/07/2020;2020;CAMION;Cundinamarca;1
ELECTRICO;ACTIVO;16/09/2020;2020;CAMION;Cundinamarca;1
ELECTRICO;ACTIVO;11/07/2020;2020;CAMION;Cundinamarca;1
ELECTRICO;ACTIVO;22/02/2021;2021;TRICIMOTO;Boyaca;1
ELECTRICO;ACTIVO;7/10/2019;2019;AUTOMOVIL;Bogota D.C.;1
ELECTRICO;ACTIVO;30/09/2020;2020;AUTOMOVIL;Bogota D.C.;1
ELECTRICO;ACTIVO;5/10/2020;2020;AUTOMOVIL;Cundinamarca;1
ELECTRICO;ACTIVO;27/12/2019;2019;AUTOMOVIL;Cundinamarca;1
ELECTRICO;ACTIVO;22/05/2020;2020;AUTOMOVIL;Bogota D.C.;1
ELECTRICO;ACTIVO;26/02/2020;2020;AUTOMOVIL;Antioquia;1
ELECTRICO;ACTIVO;9/11/2020;2020;BUS;Bogota D.C.;1
ELECTRICO;ACTIVO;29/02/2020;2020;AUTOMOVIL;Bogota D.C.;1
ELECTRICO;ACTIVO;26/02/2020;2020;AUTOMOVIL;Bogota D.C.;1
ELECTRICO;ACTIVO;24/02/2020;2020;AUTOMOVIL;Bogota D.C.;1
ELECTRICO;ACTIVO;3/11/2020;2020;BUS;Bogota D.C.;1
ELECTRICO;ACTIVO;9/11/2020;2020;BUS;Bogota D.C.;1
ELECTRICO;ACTIVO;9/11/2020;2020;BUS;Bogota D.C.;1
ELECTRICO;ACTIVO;9/11/2020;2020;BUS;Bogota D.C.;1
ELECTRICO;ACTIVO;9/11/2020;2020;BUS;Bogota D.C.;1
ELECTRICO;ACTIVO;9/11/2020;2020;BUS;Bogota D.C.;1
ELECTRICO;ACTIVO;9/11/2020;2020;BUS;Bogota D.C.;1
ELECTRICO;ACTIVO;10/11/2020;2020;BUS;Bogota D.C.;1
ELECTRICO;ACTIVO;30/03/2021;2021;CAMIONETA;Antioquia;1
ELECTRICO;ACTIVO;10/11/2020;2020;BUS;Bogota D.C.;1
ELECTRICO;ACTIVO;10/11/2020;2020;BUS;Bogota D.C.;1
ELECTRICO;ACTIVO;10/11/2020;2020;BUS;Bogota D.C.;1
ELECTRICO;ACTIVO;10/11/2020;2020;BUS;Bogota D.C.;1
ELECTRICO;ACTIVO;5/03/2021;2021;BUS;Valle del Cauca;1
ELECTRICO;ACTIVO;8/10/2019;2019;AUTOMOVIL;Bogota D.C.;1
ELECTRICO;ACTIVO;8/08/2019;2019;AUTOMOVIL;Bogota D.C.;1
ELECTRICO;ACTIVO;15/11/2019;2019;AUTOMOVIL;Bogota D.C.;1
ELECTRICO;ACTIVO;30/11/2019;2019;AUTOMOVIL;Bogota D.C.;1
ELECTRICO;ACTIVO;21/11/2019;2019;AUTOMOVIL;Bogota D.C.;1
ELECTRICO;ACTIVO;20/11/2019;2019;AUTOMOVIL;Bogota D.C.;1
ELECTRICO;ACTIVO;15/11/2019;2019;AUTOMOVIL;Antioquia;1
ELECTRICO;ACTIVO;12/06/2019;2019;AUTOMOVIL;Bogota D.C.;1
ELECTRICO;ACTIVO;10/05/2019;2019;AUTOMOVIL;Bogota D.C.;1
ELECTRICO;ACTIVO;12/04/2019;2019;AUTOMOVIL;Antioquia;1
ELECTRICO;ACTIVO;13/06/2019;2019;AUTOMOVIL;Bogota D.C.;1
ELECTRICO;ACTIVO;23/05/2019;2019;MOTOCICLETA;Antioquia;1
ELECTRICO;ACTIVO;20/09/2019;2019;AUTOMOVIL;Antioquia;1
ELECTRICO;ACTIVO;20/09/2019;2019;AUTOMOVIL;Antioquia;1
ELECTRICO;ACTIVO;17/05/2018;2018;AUTOMOVIL;Bogota D.C.;1
ELECTRICO;ACTIVO;21/03/2019;2019;AUTOMOVIL;Bogota D.C.;1
ELECTRICO;ACTIVO;13/08/2019;2019;AUTOMOVIL;Bogota D.C.;1
ELECTRICO;ACTIVO;30/08/2019;2019;AUTOMOVIL;Bogota D.C.;1
ELECTRICO;ACTIVO;28/08/2019;2019;AUTOMOVIL;Bogota D.C.;1
ELECTRICO;ACTIVO;8/08/2019;2019;AUTOMOVIL;Antioquia;1
ELECTRICO;ACTIVO;6/06/2019;2019;CUADRICICLO;Antioquia;1
ELECTRICO;ACTIVO;27/09/2019;2019;CUADRICICLO;Bogota D.C.;1
ELECTRICO;ACTIVO;16/04/2019;2019;CUADRICICLO;Antioquia;1
ELECTRICO;ACTIVO;25/04/2019;2019;CUADRICICLO;Antioquia;1
ELECTRICO;ACTIVO;15/04/2019;2019;CUADRICICLO;Bogota D.C.;1
ELECTRICO;ACTIVO;29/04/2019;2019;CUADRICICLO;Antioquia;1
ELECTRICO;ACTIVO;25/06/2019;2019;CUADRICICLO;Bogota D.C.;1
ELECTRICO;ACTIVO;2/05/2019;2019;CUADRICICLO;Bogota D.C.;1
ELECTRICO;ACTIVO;16/09/2020;2020;CUADRICICLO;Antioquia;1
ELECTRICO;ACTIVO;13/09/2019;2019;CAMION;Cundinamarca;1
ELECTRICO;ACTIVO;13/09/2019;2019;CAMION;Cundinamarca;1
ELECTRICO;ACTIVO;4/03/2022;2022;MOTOCICLETA;Cundinamarca;1
ELECTRICO;ACTIVO;17/07/2019;2019;AUTOMOVIL;Bogota D.C.;1
ELECTRICO;ACTIVO;10/03/2021;2021;MOTOCARRO;Antioquia;1
ELECTRICO;ACTIVO;15/03/2022;2022;MOTOCARRO;Valle del Cauca;1
ELECTRICO;ACTIVO;13/03/2021;2021;AUTOMOVIL;Bogota D.C.;1
ELECTRICO;ACTIVO;29/08/2019;2019;AUTOMOVIL;Bogota D.C.;1
ELECTRICO;ACTIVO;31/08/2019;2019;AUTOMOVIL;Bogota D.C.;1
ELECTRICO;ACTIVO;9/09/2019;2019;AUTOMOVIL;Bogota D.C.;1
ELECTRICO;ACTIVO;9/09/2019;2019;AUTOMOVIL;Bogota D.C.;1
ELECTRICO;ACTIVO;10/12/2020;2020;CAMIONETA;Bogota D.C.;1
ELECTRICO;ACTIVO;28/09/2020;2020;TRICIMOTO;Atlantico;1
ELECTRICO;ACTIVO;12/06/2019;2019;AUTOMOVIL;Bogota D.C.;1
ELECTRICO;ACTIVO;9/09/2019;2019;BUS;Valle del Cauca;1
ELECTRICO;ACTIVO;11/11/2020;2020;BUS;Bogota D.C.;1
ELECTRICO;ACTIVO;11/11/2020;2020;BUS;Bogota D.C.;1
ELECTRICO;ACTIVO;30/04/2019;2019;AUTOMOVIL;Antioquia;1
ELECTRICO;ACTIVO;22/05/2019;2019;AUTOMOVIL;Bogota D.C.;1
ELECTRICO;ACTIVO;25/09/2020;2020;BUS;Cordoba;1
ELECTRICO;ACTIVO;10/06/2020;2020;CAMIONETA;Antioquia;1
ELECTRICO;ACTIVO;3/05/2017;2017;MOTOCICLETA;Antioquia;1
ELECTRICO;ACTIVO;9/10/2019;2019;AUTOMOVIL;Bogota D.C.;1
ELECTRICO;ACTIVO;24/02/2021;2021;AUTOMOVIL;Cundinamarca;1
ELECTRICO;ACTIVO;24/02/2021;2021;AUTOMOVIL;Cundinamarca;1
ELECTRICO;ACTIVO;26/02/2021;2021;AUTOMOVIL;Antioquia;1
ELECTRICO;ACTIVO;15/01/2020;2020;AUTOMOVIL;Antioquia;1
ELECTRICO;ACTIVO;19/11/2019;2019;MOTOCICLETA;Cundinamarca;1
ELECTRICO;ACTIVO;23/04/2019;2019;AUTOMOVIL;Bogota D.C.;1
ELECTRICO;ACTIVO;26/02/2021;2021;AUTOMOVIL;Antioquia;1
ELECTRICO;ACTIVO;15/01/2022;2022;AUTOMOVIL;Cundinamarca;1
ELECTRICO;ACTIVO;24/02/2021;2021;TRICIMOTO;Valle del Cauca;1
ELECTRICO;ACTIVO;31/05/2021;2021;CUADRICICLO;Antioquia;1
ELECTRICO;ACTIVO;27/02/2020;2020;AUTOMOVIL;Bogota D.C.;1
ELECTRICO;ACTIVO;15/12/2020;2020;CAMIONETA;Cundinamarca;1
ELECTRICO;ACTIVO;8/03/2021;2021;TRICIMOTO;Valle del Cauca;1
ELECTRICO;ACTIVO;4/10/2021;2021;CAMIONETA;Cundinamarca;1
ELECTRICO;ACTIVO;9/09/2019;2019;BUS;Valle del Cauca;1
ELECTRICO;ACTIVO;11/05/2020;2020;AUTOMOVIL;Bogota D.C.;1
ELECTRICO;ACTIVO;22/10/2021;2021;CAMIONETA;Antioquia;1
ELECTRICO;ACTIVO;15/12/2021;2021;CUADRICICLO;Bogota D.C.;1
ELECTRICO;ACTIVO;13/10/2021;2021;CUADRICICLO;Antioquia;1
ELECTRICO;ACTIVO;17/11/2021;2021;CUADRICICLO;Bogota D.C.;1
ELECTRICO;ACTIVO;11/10/2021;2021;CUADRICICLO;Antioquia;1
ELECTRICO;ACTIVO;20/01/2020;2020;AUTOMOVIL;Bogota D.C.;1
ELECTRICO;ACTIVO;9/09/2019;2019;AUTOMOVIL;Antioquia;1
ELECTRICO;ACTIVO;27/10/2021;2021;CAMIONETA;Antioquia;1
ELECTRICO;ACTIVO;20/02/2020;2020;AUTOMOVIL;Bogota D.C.;1
ELECTRICO;ACTIVO;19/12/2019;2019;CUADRICICLO;Antioquia;1
ELECTRICO;ACTIVO;6/03/2020;2020;AUTOMOVIL;Bogota D.C.;1
ELECTRICO;ACTIVO;27/08/2019;2019;AUTOMOVIL;Cundinamarca;1
ELECTRICO;ACTIVO;8/08/2019;2019;AUTOMOVIL;Bogota D.C.;1
ELECTRICO;ACTIVO;17/07/2019;2019;AUTOMOVIL;Bogota D.C.;1
ELECTRICO;ACTIVO;16/09/2019;2019;CUADRICICLO;Antioquia;1
ELECTRICO;ACTIVO;30/07/2020;2020;CUADRICICLO;Caldas;1
ELECTRICO;ACTIVO;30/05/2020;2020;CUADRICICLO;Antioquia;1
ELECTRICO;ACTIVO;31/08/2020;2020;CUADRICICLO;Cundinamarca;1
ELECTRICO;ACTIVO;29/07/2020;2020;CUADRICICLO;Antioquia;1
ELECTRICO;ACTIVO;27/04/2021;2021;CUADRICICLO;Norte de Santander;1
ELECTRICO;ACTIVO;29/11/2021;2021;CUADRICICLO;Cundinamarca;1
ELECTRICO;ACTIVO;30/06/2021;2021;CUADRICICLO;Santander;1
ELECTRICO;ACTIVO;27/08/2021;2021;CUADRICICLO;Bogota D.C.;1
ELECTRICO;ACTIVO;14/05/2021;2021;MOTOCARRO;Cundinamarca;1
ELECTRICO;ACTIVO;24/08/2019;2019;AUTOMOVIL;Bogota D.C.;1
ELECTRICO;ACTIVO;3/03/2021;2021;MOTOCARRO;Cundinamarca;1
ELECTRICO;ACTIVO;3/03/2021;2021;MOTOCARRO;Cundinamarca;1
ELECTRICO;ACTIVO;29/08/2019;2019;CUADRICICLO;Bogota D.C.;1
ELECTRICO;ACTIVO;8/05/2019;2019;CUADRICICLO;Antioquia;1
ELECTRICO;ACTIVO;6/12/2019;2019;BUS;Antioquia;1
ELECTRICO;ACTIVO;6/12/2019;2019;BUS;Antioquia;1
ELECTRICO;ACTIVO;6/12/2019;2019;BUS;Antioquia;1
ELECTRICO;ACTIVO;28/11/2019;2019;BUS;Antioquia;1
ELECTRICO;ACTIVO;28/11/2019;2019;BUS;Antioquia;1
ELECTRICO;ACTIVO;6/12/2019;2019;BUS;Antioquia;1
ELECTRICO;ACTIVO;6/12/2019;2019;BUS;Antioquia;1
ELECTRICO;ACTIVO;6/12/2019;2019;BUS;Antioquia;1
ELECTRICO;ACTIVO;6/12/2019;2019;BUS;Antioquia;1
ELECTRICO;ACTIVO;26/11/2020;2020;MOTOCICLETA;Antioquia;1
ELECTRICO;ACTIVO;18/01/2022;2022;CUADRICICLO;Bogota D.C.;1
ELECTRICO;ACTIVO;16/10/2021;2021;AUTOMOVIL;Antioquia;1
ELECTRICO;ACTIVO;10/07/2020;2020;AUTOMOVIL;Tolima;1
ELECTRICO;ACTIVO;15/09/2020;2020;CAMIONETA;Antioquia;1
ELECTRICO;ACTIVO;22/11/2021;2021;CAMIONETA;Valle del Cauca;1
ELECTRICO;ACTIVO;22/12/2021;2021;AUTOMOVIL;Valle del Cauca;1
ELECTRICO;ACTIVO;21/07/2021;2021;AUTOMOVIL;Antioquia;1
ELECTRICO;ACTIVO;13/03/2020;2020;CUADRICICLO;Antioquia;1
ELECTRICO;ACTIVO;23/06/2020;2020;AUTOMOVIL;Antioquia;1
ELECTRICO;ACTIVO;12/08/2020;2020;CAMIONETA;Antioquia;1
ELECTRICO;ACTIVO;30/07/2020;2020;CUADRICICLO;Antioquia;1
ELECTRICO;ACTIVO;30/07/2020;2020;CUADRICICLO;Antioquia;1
ELECTRICO;ACTIVO;31/07/2020;2020;CUADRICICLO;Antioquia;1
ELECTRICO;ACTIVO;31/07/2020;2020;CUADRICICLO;Antioquia;1
ELECTRICO;ACTIVO;31/07/2020;2020;CUADRICICLO;Antioquia;1
ELECTRICO;ACTIVO;23/10/2020;2020;CUADRICICLO;Antioquia;1
ELECTRICO;ACTIVO;19/01/2022;2022;CAMIONETA;Bogota D.C.;1
ELECTRICO;ACTIVO;23/03/2022;2022;CAMIONETA;Bogota D.C.;1
ELECTRICO;ACTIVO;15/09/2021;2021;CAMIONETA;Bogota D.C.;1
ELECTRICO;ACTIVO;31/07/2020;2020;CUADRICICLO;Antioquia;1
ELECTRICO;ACTIVO;28/12/2020;2020;CUADRICICLO;Antioquia;1
ELECTRICO;ACTIVO;31/07/2020;2020;CUADRICICLO;Antioquia;1
ELECTRICO;ACTIVO;21/09/2021;2021;AUTOMOVIL;Bogota D.C.;1
ELECTRICO;ACTIVO;25/02/2022;2022;AUTOMOVIL;Antioquia;1
ELECTRICO;ACTIVO;31/03/2022;2022;AUTOMOVIL;Antioquia;1
ELECTRICO;ACTIVO;15/09/2021;2021;CAMIONETA;Bogota D.C.;1
ELECTRICO;ACTIVO;13/05/2021;2021;CUADRICICLO;Antioquia;1
ELECTRICO;ACTIVO;27/05/2021;2021;CUADRICICLO;Antioquia;1
ELECTRICO;ACTIVO;19/03/2021;2021;CUADRICICLO;Bogota D.C.;1
ELECTRICO;ACTIVO;13/05/2021;2021;CUADRICICLO;Antioquia;1
ELECTRICO;ACTIVO;13/05/2021;2021;CUADRICICLO;Antioquia;1
ELECTRICO;ACTIVO;5/11/2021;2021;AUTOMOVIL;Cundinamarca;1
ELECTRICO;ACTIVO;29/12/2021;2021;AUTOMOVIL;Bogota D.C.;1
ELECTRICO;ACTIVO;10/03/2022;2022;AUTOMOVIL;Bogota D.C.;1
ELECTRICO;ACTIVO;2/12/2021;2021;CAMIONETA;Bogota D.C.;1
ELECTRICO;ACTIVO;2/12/2021;2021;CAMIONETA;Bogota D.C.;1
ELECTRICO;ACTIVO;30/12/2021;2021;CAMIONETA;Bogota D.C.;1
ELECTRICO;ACTIVO;18/01/2022;2022;CAMIONETA;Antioquia;1
ELECTRICO;ACTIVO;11/09/2019;2019;AUTOMOVIL;Antioquia;1
ELECTRICO;ACTIVO;11/09/2020;2020;AUTOMOVIL;Bogota D.C.;1
ELECTRICO;ACTIVO;16/10/2021;2021;CAMIONETA;Antioquia;1
ELECTRICO;ACTIVO;15/10/2021;2021;CAMIONETA;Antioquia;1
ELECTRICO;ACTIVO;12/11/2021;2021;CAMIONETA;Cundinamarca;1
ELECTRICO;ACTIVO;13/08/2020;2020;AUTOMOVIL;Archipielago de San Andres;1
ELECTRICO;ACTIVO;25/02/2020;2020;AUTOMOVIL;Bogota D.C.;1
ELECTRICO;ACTIVO;16/03/2021;2021;CAMIONETA;Antioquia;1
ELECTRICO;ACTIVO;16/03/2021;2021;CAMIONETA;Antioquia;1
ELECTRICO;ACTIVO;18/11/2021;2021;CAMIONETA;Cundinamarca;1
ELECTRICO;ACTIVO;23/05/2019;2019;AUTOMOVIL;Antioquia;1
ELECTRICO;ACTIVO;21/05/2019;2019;AUTOMOVIL;Antioquia;1
ELECTRICO;ACTIVO;11/03/2020;2020;CAMIONETA;Antioquia;1
ELECTRICO;ACTIVO;22/12/2021;2021;AUTOMOVIL;Antioquia;1
ELECTRICO;ACTIVO;26/06/2021;2021;TRICIMOTO;Valle del Cauca;1
ELECTRICO;ACTIVO;29/07/2019;2019;CAMIONETA;Antioquia;1
ELECTRICO;ACTIVO;29/07/2019;2019;CAMIONETA;Antioquia;1
ELECTRICO;ACTIVO;12/05/2021;2021;CUADRICICLO;Antioquia;1
ELECTRICO;ACTIVO;26/07/2021;2021;CUADRICICLO;Antioquia;1
ELECTRICO;ACTIVO;13/05/2021;2021;CUADRICICLO;Antioquia;1
ELECTRICO;ACTIVO;12/11/2021;2021;CAMIONETA;Bogota D.C.;1
ELECTRICO;ACTIVO;30/12/2021;2021;CAMIONETA;Bogota D.C.;1
ELECTRICO;ACTIVO;30/11/2021;2021;AUTOMOVIL;Bogota D.C.;1
ELECTRICO;ACTIVO;31/01/2022;2022;AUTOMOVIL;Bogota D.C.;1
ELECTRICO;ACTIVO;31/10/2020;2020;TRICIMOTO;Valle del Cauca;1
ELECTRICO;ACTIVO;10/08/2021;2021;CAMIONETA;Antioquia;1
ELECTRICO;ACTIVO;22/01/2022;2022;AUTOMOVIL;Bogota D.C.;1
ELECTRICO;ACTIVO;25/10/2021;2021;AUTOMOVIL;Bogota D.C.;1
ELECTRICO;ACTIVO;9/12/2020;2020;MOTOCICLETA;Antioquia;1
ELECTRICO;ACTIVO;11/06/2020;2020;AUTOMOVIL;Antioquia;1
ELECTRICO;ACTIVO;27/11/2020;2020;AUTOMOVIL;Bogota D.C.;1
ELECTRICO;ACTIVO;1/02/2021;2021;BUS;Bogota D.C.;1
ELECTRICO;ACTIVO;1/02/2021;2021;BUS;Bogota D.C.;1
ELECTRICO;ACTIVO;1/02/2021;2021;BUS;Bogota D.C.;1
ELECTRICO;ACTIVO;1/02/2021;2021;BUS;Bogota D.C.;1
ELECTRICO;ACTIVO;2/02/2021;2021;BUS;Bogota D.C.;1
ELECTRICO;ACTIVO;2/02/2021;2021;BUS;Bogota D.C.;1
ELECTRICO;ACTIVO;1/02/2021;2021;BUS;Bogota D.C.;1
ELECTRICO;ACTIVO;1/02/2021;2021;BUS;Bogota D.C.;1
ELECTRICO;ACTIVO;2/02/2021;2021;BUS;Bogota D.C.;1
ELECTRICO;ACTIVO;2/02/2021;2021;BUS;Bogota D.C.;1
ELECTRICO;ACTIVO;2/02/2021;2021;BUS;Bogota D.C.;1
ELECTRICO;ACTIVO;2/02/2021;2021;BUS;Bogota D.C.;1
ELECTRICO;ACTIVO;27/08/2021;2021;TRICIMOTO;Valle del Cauca;1
ELECTRICO;ACTIVO;28/12/2020;2020;MOTOCICLETA;Antioquia;1
ELECTRICO;ACTIVO;30/07/2019;2019;CAMIONETA;Antioquia;1
ELECTRICO;ACTIVO;2/08/2019;2019;CAMIONETA;Cundinamarca;1
ELECTRICO;ACTIVO;1/02/2021;2021;BUS;Bogota D.C.;1
ELECTRICO;ACTIVO;1/02/2021;2021;BUS;Bogota D.C.;1
ELECTRICO;ACTIVO;1/02/2021;2021;BUS;Bogota D.C.;1
ELECTRICO;ACTIVO;1/02/2021;2021;BUS;Bogota D.C.;1
ELECTRICO;ACTIVO;1/02/2021;2021;BUS;Bogota D.C.;1
ELECTRICO;ACTIVO;1/02/2021;2021;BUS;Bogota D.C.;1
ELECTRICO;ACTIVO;17/01/2020;2020;TRICIMOTO;Huila;1
ELECTRICO;ACTIVO;4/10/2019;2019;AUTOMOVIL;Bogota D.C.;1
ELECTRICO;ACTIVO;5/08/2019;2019;AUTOMOVIL;Bogota D.C.;1
ELECTRICO;ACTIVO;20/11/2019;2019;AUTOMOVIL;Bogota D.C.;1
ELECTRICO;ACTIVO;24/09/2020;2020;AUTOMOVIL;Bogota D.C.;1
ELECTRICO;ACTIVO;4/10/2019;2019;AUTOMOVIL;Bogota D.C.;1
ELECTRICO;ACTIVO;30/10/2021;2021;CAMIONETA;Cundinamarca;1
ELECTRICO;ACTIVO;26/02/2021;2021;AUTOMOVIL;Cundinamarca;1
ELECTRICO;ACTIVO;19/12/2019;2019;AUTOMOVIL;Atlantico;1
ELECTRICO;ACTIVO;16/03/2020;2020;AUTOMOVIL;Bogota D.C.;1
ELECTRICO;ACTIVO;14/07/2021;2021;AUTOMOVIL;Bogota D.C.;1
ELECTRICO;ACTIVO;31/05/2021;2021;CAMIONETA;Bogota D.C.;1
ELECTRICO;ACTIVO;1/10/2020;2020;AUTOMOVIL;Bogota D.C.;1
ELECTRICO;ACTIVO;8/03/2021;2021;CUADRICICLO;Valle del Cauca;1
ELECTRICO;ACTIVO;1/10/2019;2019;CUADRICICLO;Antioquia;1
ELECTRICO;ACTIVO;27/09/2019;2019;AUTOMOVIL;Bogota D.C.;1
ELECTRICO;ACTIVO;25/09/2020;2020;AUTOMOVIL;Santander;1
ELECTRICO;ACTIVO;15/10/2021;2021;AUTOMOVIL;Bogota D.C.;1
ELECTRICO;ACTIVO;24/12/2020;2020;AUTOMOVIL;Antioquia;1
ELECTRICO;ACTIVO;29/02/2020;2020;CUADRICICLO;Antioquia;1
ELECTRICO;ACTIVO;4/03/2020;2020;CUADRICICLO;Antioquia;1
ELECTRICO;ACTIVO;10/03/2020;2020;CUADRICICLO;Quindio;1
ELECTRICO;ACTIVO;11/05/2020;2020;CUADRICICLO;Bogota D.C.;1
ELECTRICO;ACTIVO;31/05/2021;2021;CUADRICICLO;Bogota D.C.;1
ELECTRICO;ACTIVO;20/06/2020;2020;CUADRICICLO;Bogota D.C.;1
ELECTRICO;ACTIVO;13/03/2020;2020;CUADRICICLO;Santander;1
ELECTRICO;ACTIVO;8/06/2020;2020;CUADRICICLO;Boyaca;1
ELECTRICO;ACTIVO;29/09/2020;2020;CUADRICICLO;Bogota D.C.;1
ELECTRICO;ACTIVO;30/08/2019;2019;AUTOMOVIL;Bogota D.C.;1
ELECTRICO;ACTIVO;30/08/2019;2019;AUTOMOVIL;Bogota D.C.;1
ELECTRICO;ACTIVO;16/10/2019;2019;AUTOMOVIL;Cundinamarca;1
ELECTRICO;ACTIVO;25/09/2019;2019;AUTOMOVIL;Bogota D.C.;1
ELECTRICO;ACTIVO;7/12/2020;2020;AUTOMOVIL;Bogota D.C.;1
ELECTRICO;ACTIVO;27/09/2019;2019;AUTOMOVIL;Bogota D.C.;1
ELECTRICO;ACTIVO;26/12/2019;2019;AUTOMOVIL;Bogota D.C.;1
ELECTRICO;ACTIVO;30/09/2019;2019;AUTOMOVIL;Bogota D.C.;1
ELECTRICO;ACTIVO;3/09/2021;2021;TRICIMOTO;Valle del Cauca;1
ELECTRICO;ACTIVO;27/01/2020;2020;AUTOMOVIL;Bogota D.C.;1
ELECTRICO;ACTIVO;17/02/2020;2020;AUTOMOVIL;Bogota D.C.;1
ELECTRICO;ACTIVO;7/02/2020;2020;AUTOMOVIL;Antioquia;1
ELECTRICO;ACTIVO;31/01/2022;2022;CAMION;Antioquia;1
ELECTRICO;ACTIVO;31/01/2022;2022;CAMION;Antioquia;1
ELECTRICO;ACTIVO;31/01/2022;2022;CAMION;Antioquia;1
ELECTRICO;ACTIVO;31/01/2022;2022;CAMION;Antioquia;1
ELECTRICO;ACTIVO;14/02/2020;2020;AUTOMOVIL;Cundinamarca;1
ELECTRICO;ACTIVO;2/06/2020;2020;MOTOCICLETA;Antioquia;1
ELECTRICO;ACTIVO;21/02/2020;2020;AUTOMOVIL;Bogota D.C.;1
ELECTRICO;ACTIVO;17/03/2021;2021;MOTOCARRO;Cundinamarca;1
ELECTRICO;ACTIVO;17/11/2021;2021;CAMIONETA;Santander;1
ELECTRICO;ACTIVO;23/11/2021;2021;CAMIONETA;Atlantico;1
ELECTRICO;ACTIVO;27/12/2021;2021;CUADRICICLO;Antioquia;1
ELECTRICO;ACTIVO;3/11/2021;2021;CAMION;Antioquia;1
ELECTRICO;ACTIVO;1/02/2022;2022;CAMION;Antioquia;1
ELECTRICO;ACTIVO;3/11/2021;2021;CAMION;Antioquia;1
ELECTRICO;ACTIVO;26/05/2020;2020;CUADRICICLO;Antioquia;1
ELECTRICO;ACTIVO;25/11/2021;2021;CAMIONETA;Bogota D.C.;1
ELECTRICO;ACTIVO;17/03/2021;2021;MOTOCARRO;Cundinamarca;1
ELECTRICO;ACTIVO;18/06/2020;2020;BUS;Antioquia;1
ELECTRICO;ACTIVO;19/08/2021;2021;TRICIMOTO;Bogota D.C.;1
ELECTRICO;ACTIVO;1/06/2021;2021;TRICIMOTO;Valle del Cauca;1
ELECTRICO;ACTIVO;28/10/2020;2020;AUTOMOVIL;Meta;1
ELECTRICO;ACTIVO;23/12/2020;2020;AUTOMOVIL;Cundinamarca;1
ELECTRICO;ACTIVO;26/11/2021;2021;AUTOMOVIL;Bogota D.C.;1
ELECTRICO;ACTIVO;3/02/2022;2022;AUTOMOVIL;Bogota D.C.;1
ELECTRICO;ACTIVO;28/10/2021;2021;AUTOMOVIL;Bogota D.C.;1
ELECTRICO;ACTIVO;10/03/2022;2022;CAMIONETA;Cundinamarca;1
ELECTRICO;ACTIVO;8/03/2021;2021;AUTOMOVIL;Bogota D.C.;1
ELECTRICO;ACTIVO;22/09/2021;2021;AUTOMOVIL;Atlantico;1
ELECTRICO;ACTIVO;15/03/2022;2022;AUTOMOVIL;Cundinamarca;1
ELECTRICO;ACTIVO;16/03/2022;2022;AUTOMOVIL;Antioquia;1
ELECTRICO;ACTIVO;18/03/2022;2022;AUTOMOVIL;Bogota D.C.;1
ELECTRICO;ACTIVO;20/09/2021;2021;TRICIMOTO;Valle del Cauca;1
ELECTRICO;ACTIVO;29/12/2021;2021;AUTOMOVIL;Cundinamarca;1
ELECTRICO;ACTIVO;29/12/2021;2021;AUTOMOVIL;Cundinamarca;1
ELECTRICO;ACTIVO;28/12/2021;2021;AUTOMOVIL;Bogota D.C.;1
ELECTRICO;ACTIVO;3/12/2021;2021;MOTOCARRO;Cundinamarca;1
ELECTRICO;ACTIVO;16/12/2021;2021;AUTOMOVIL;Bogota D.C.;1
ELECTRICO;ACTIVO;19/07/2021;2021;AUTOMOVIL;Antioquia;1
ELECTRICO;ACTIVO;9/11/2020;2020;BUS;Bogota D.C.;1
ELECTRICO;ACTIVO;9/11/2020;2020;BUS;Bogota D.C.;1
ELECTRICO;ACTIVO;3/11/2020;2020;BUS;Bogota D.C.;1
ELECTRICO;ACTIVO;9/11/2020;2020;BUS;Bogota D.C.;1
ELECTRICO;ACTIVO;10/11/2020;2020;BUS;Bogota D.C.;1
ELECTRICO;ACTIVO;10/11/2020;2020;BUS;Bogota D.C.;1
ELECTRICO;ACTIVO;22/11/2021;2021;CAMIONETA;Bogota D.C.;1
ELECTRICO;ACTIVO;25/01/2022;2022;CAMIONETA;Bogota D.C.;1
ELECTRICO;ACTIVO;23/12/2021;2021;AUTOMOVIL;Bogota D.C.;1
ELECTRICO;ACTIVO;28/04/2021;2021;AUTOMOVIL;Bogota D.C.;1
ELECTRICO;ACTIVO;19/11/2020;2020;BUS;Bogota D.C.;1
ELECTRICO;ACTIVO;19/11/2021;2021;CAMIONETA;Cundinamarca;1
ELECTRICO;ACTIVO;19/11/2021;2021;CAMIONETA;Cundinamarca;1
ELECTRICO;ACTIVO;24/11/2021;2021;CAMIONETA;Cundinamarca;1
ELECTRICO;ACTIVO;24/11/2021;2021;CAMIONETA;Cundinamarca;1
ELECTRICO;ACTIVO;24/11/2021;2021;CAMIONETA;Cundinamarca;1
ELECTRICO;ACTIVO;4/12/2020;2020;BUS;Bogota D.C.;1
ELECTRICO;ACTIVO;4/12/2020;2020;BUS;Bogota D.C.;1
ELECTRICO;ACTIVO;14/11/2020;2020;BUS;Bogota D.C.;1
ELECTRICO;ACTIVO;4/12/2020;2020;BUS;Bogota D.C.;1
ELECTRICO;ACTIVO;4/12/2020;2020;BUS;Bogota D.C.;1
ELECTRICO;ACTIVO;9/11/2020;2020;BUS;Bogota D.C.;1
ELECTRICO;ACTIVO;4/12/2020;2020;BUS;Bogota D.C.;1
ELECTRICO;ACTIVO;4/12/2020;2020;BUS;Bogota D.C.;1
ELECTRICO;ACTIVO;31/01/2022;2022;MOTOCARRO;Cundinamarca;1
ELECTRICO;ACTIVO;14/01/2022;2022;CAMIONETA;Antioquia;1
ELECTRICO;ACTIVO;7/09/2020;2020;CAMIONETA;Bogota D.C.;1
ELECTRICO;ACTIVO;13/05/2021;2021;CUADRICICLO;Antioquia;1
ELECTRICO;ACTIVO;25/10/2021;2021;AUTOMOVIL;Bogota D.C.;1
ELECTRICO;ACTIVO;24/11/2021;2021;AUTOMOVIL;Bogota D.C.;1
ELECTRICO;ACTIVO;4/02/2022;2022;AUTOMOVIL;Norte de Santander;1
ELECTRICO;ACTIVO;7/01/2021;2021;AUTOMOVIL;Santander;1
ELECTRICO;ACTIVO;24/02/2021;2021;AUTOMOVIL;Bogota D.C.;1
ELECTRICO;ACTIVO;23/03/2021;2021;AUTOMOVIL;Bogota D.C.;1
ELECTRICO;ACTIVO;2/12/2021;2021;CAMIONETA;Bogota D.C.;1
ELECTRICO;ACTIVO;16/09/2021;2021;TRICIMOTO;Bogota D.C.;1
ELECTRICO;ACTIVO;26/01/2022;2022;BUS;Bogota D.C.;1
ELECTRICO;ACTIVO;23/05/2020;2020;CAMIONETA;Bogota D.C.;1
ELECTRICO;ACTIVO;17/06/2020;2020;CAMIONETA;Bogota D.C.;1
ELECTRICO;ACTIVO;19/10/2020;2020;CAMIONETA;Bogota D.C.;1
ELECTRICO;ACTIVO;6/03/2020;2020;CAMIONETA;Antioquia;1
ELECTRICO;ACTIVO;23/05/2020;2020;CAMIONETA;Bogota D.C.;1
ELECTRICO;ACTIVO;21/01/2022;2022;BUS;Bogota D.C.;1
ELECTRICO;ACTIVO;26/01/2022;2022;BUS;Bogota D.C.;1
ELECTRICO;ACTIVO;28/01/2022;2022;BUS;Bogota D.C.;1
ELECTRICO;ACTIVO;1/02/2022;2022;BUS;Bogota D.C.;1
ELECTRICO;ACTIVO;21/01/2022;2022;BUS;Bogota D.C.;1
ELECTRICO;ACTIVO;28/01/2022;2022;BUS;Bogota D.C.;1
ELECTRICO;ACTIVO;21/01/2022;2022;BUS;Bogota D.C.;1
ELECTRICO;ACTIVO;26/01/2022;2022;BUS;Bogota D.C.;1
ELECTRICO;ACTIVO;21/01/2022;2022;BUS;Bogota D.C.;1
ELECTRICO;ACTIVO;21/01/2022;2022;BUS;Bogota D.C.;1
ELECTRICO;ACTIVO;25/11/2021;2021;AUTOMOVIL;Antioquia;1
ELECTRICO;ACTIVO;21/01/2022;2022;BUS;Bogota D.C.;1
ELECTRICO;ACTIVO;9/01/2020;2020;AUTOMOVIL;Bogota D.C.;1
ELECTRICO;ACTIVO;1/02/2022;2022;BUS;Bogota D.C.;1
ELECTRICO;ACTIVO;24/01/2022;2022;BUS;Bogota D.C.;1
ELECTRICO;ACTIVO;3/12/2021;2021;MOTOCARRO;Cundinamarca;1
ELECTRICO;ACTIVO;26/02/2022;2022;CAMIONETA;Bogota D.C.;1
ELECTRICO;ACTIVO;26/01/2021;2021;AUTOMOVIL;Bogota D.C.;1
ELECTRICO;ACTIVO;20/03/2020;2020;CAMIONETA;Antioquia;1
ELECTRICO;ACTIVO;19/02/2022;2022;BUS;Bogota D.C.;1
ELECTRICO;ACTIVO;22/01/2022;2022;BUS;Bogota D.C.;1
ELECTRICO;ACTIVO;29/01/2022;2022;BUS;Bogota D.C.;1
ELECTRICO;ACTIVO;19/02/2022;2022;BUS;Bogota D.C.;1
ELECTRICO;ACTIVO;28/04/2021;2021;CAMIONETA;Antioquia;1
ELECTRICO;ACTIVO;18/02/2022;2022;BUS;Bogota D.C.;1
ELECTRICO;ACTIVO;18/02/2022;2022;BUS;Bogota D.C.;1
ELECTRICO;ACTIVO;29/01/2022;2022;BUS;Bogota D.C.;1
ELECTRICO;ACTIVO;24/01/2022;2022;BUS;Bogota D.C.;1
ELECTRICO;ACTIVO;4/09/2021;2021;AUTOMOVIL;Antioquia;1
ELECTRICO;ACTIVO;21/02/2022;2022;AUTOMOVIL;Bogota D.C.;1
ELECTRICO;ACTIVO;29/10/2021;2021;AUTOMOVIL;Bogota D.C.;1
ELECTRICO;ACTIVO;1/02/2022;2022;BUS;Bogota D.C.;1
ELECTRICO;ACTIVO;24/01/2022;2022;BUS;Bogota D.C.;1
ELECTRICO;ACTIVO;24/01/2022;2022;BUS;Bogota D.C.;1
ELECTRICO;ACTIVO;5/02/2022;2022;BUS;Bogota D.C.;1
ELECTRICO;ACTIVO;24/01/2022;2022;BUS;Bogota D.C.;1
ELECTRICO;ACTIVO;1/02/2022;2022;BUS;Bogota D.C.;1
ELECTRICO;ACTIVO;1/02/2022;2022;BUS;Bogota D.C.;1
ELECTRICO;ACTIVO;29/12/2020;2020;CAMIONETA;Cundinamarca;1
ELECTRICO;ACTIVO;7/12/2021;2021;AUTOMOVIL;Bogota D.C.;1
ELECTRICO;ACTIVO;12/11/2020;2020;BUS;Bogota D.C.;1
ELECTRICO;ACTIVO;13/11/2020;2020;BUS;Bogota D.C.;1
ELECTRICO;ACTIVO;13/11/2020;2020;BUS;Bogota D.C.;1
ELECTRICO;ACTIVO;11/11/2020;2020;BUS;Bogota D.C.;1
ELECTRICO;ACTIVO;11/11/2020;2020;BUS;Bogota D.C.;1
ELECTRICO;ACTIVO;13/11/2020;2020;BUS;Bogota D.C.;1
ELECTRICO;ACTIVO;4/12/2020;2020;BUS;Bogota D.C.;1
ELECTRICO;ACTIVO;14/04/2021;2021;AUTOMOVIL;Santander;1
ELECTRICO;ACTIVO;21/07/2021;2021;AUTOMOVIL;Santander;1
ELECTRICO;ACTIVO;2/02/2022;2022;CAMIONETA;Bogota D.C.;1
ELECTRICO;ACTIVO;29/12/2021;2021;CAMIONETA;Antioquia;1
ELECTRICO;ACTIVO;15/01/2022;2022;BUS;Bogota D.C.;1
ELECTRICO;ACTIVO;15/01/2022;2022;BUS;Bogota D.C.;1
ELECTRICO;ACTIVO;15/01/2022;2022;BUS;Bogota D.C.;1
ELECTRICO;ACTIVO;15/01/2022;2022;BUS;Bogota D.C.;1
ELECTRICO;ACTIVO;19/01/2022;2022;BUS;Bogota D.C.;1
ELECTRICO;ACTIVO;29/12/2021;2021;CAMION;Antioquia;1
ELECTRICO;ACTIVO;29/12/2021;2021;CAMION;Antioquia;1
ELECTRICO;ACTIVO;28/01/2022;2022;CAMIONETA;Bogota D.C.;1
ELECTRICO;ACTIVO;29/11/2021;2021;AUTOMOVIL;Bogota D.C.;1
ELECTRICO;ACTIVO;9/03/2021;2021;MOTOCICLETA;Antioquia;1
ELECTRICO;ACTIVO;13/11/2020;2020;BUS;Bogota D.C.;1
ELECTRICO;ACTIVO;14/11/2020;2020;BUS;Bogota D.C.;1
ELECTRICO;ACTIVO;21/07/2021;2021;AUTOMOVIL;Huila;1
ELECTRICO;ACTIVO;27/12/2021;2021;AUTOMOVIL;Bogota D.C.;1
ELECTRICO;ACTIVO;18/09/2021;2021;AUTOMOVIL;Bogota D.C.;1
ELECTRICO;ACTIVO;28/09/2021;2021;CAMIONETA;Antioquia;1
ELECTRICO;ACTIVO;22/09/2021;2021;CAMIONETA;Bogota D.C.;1
ELECTRICO;ACTIVO;3/03/2021;2021;MOTOCARRO;Cundinamarca;1
ELECTRICO;ACTIVO;3/03/2021;2021;MOTOCARRO;Cundinamarca;1
ELECTRICO;ACTIVO;3/03/2021;2021;MOTOCARRO;Cundinamarca;1
ELECTRICO;ACTIVO;28/12/2020;2020;CUADRICICLO;Antioquia;1
ELECTRICO;ACTIVO;23/10/2020;2020;CUADRICICLO;Antioquia;1
ELECTRICO;ACTIVO;23/10/2020;2020;CUADRICICLO;Antioquia;1
ELECTRICO;ACTIVO;28/12/2020;2020;CUADRICICLO;Antioquia;1
ELECTRICO;ACTIVO;28/12/2020;2020;CUADRICICLO;Antioquia;1
ELECTRICO;ACTIVO;13/10/2020;2020;CUADRICICLO;Cundinamarca;1
ELECTRICO;ACTIVO;31/07/2020;2020;CUADRICICLO;Antioquia;1
ELECTRICO;ACTIVO;31/07/2020;2020;CUADRICICLO;Antioquia;1
ELECTRICO;ACTIVO;31/07/2020;2020;CUADRICICLO;Antioquia;1
ELECTRICO;ACTIVO;30/07/2020;2020;CUADRICICLO;Antioquia;1
ELECTRICO;ACTIVO;30/07/2020;2020;CUADRICICLO;Antioquia;1
ELECTRICO;ACTIVO;31/07/2020;2020;CUADRICICLO;Antioquia;1
ELECTRICO;ACTIVO;30/07/2020;2020;CUADRICICLO;Antioquia;1
ELECTRICO;ACTIVO;30/07/2020;2020;CUADRICICLO;Antioquia;1
ELECTRICO;ACTIVO;28/12/2020;2020;CUADRICICLO;Antioquia;1
ELECTRICO;ACTIVO;15/02/2021;2021;CUADRICICLO;Antioquia;1
ELECTRICO;ACTIVO;4/12/2020;2020;BUS;Bogota D.C.;1
ELECTRICO;ACTIVO;3/12/2020;2020;BUS;Bogota D.C.;1
ELECTRICO;ACTIVO;4/12/2020;2020;BUS;Bogota D.C.;1
ELECTRICO;ACTIVO;3/12/2020;2020;BUS;Bogota D.C.;1
ELECTRICO;ACTIVO;3/12/2020;2020;BUS;Bogota D.C.;1
ELECTRICO;ACTIVO;3/12/2020;2020;BUS;Bogota D.C.;1
ELECTRICO;ACTIVO;4/01/2022;2022;CUADRICICLO;Valle del Cauca;1
ELECTRICO;ACTIVO;8/10/2021;2021;MOTOCARRO;Bogota D.C.;1
ELECTRICO;ACTIVO;3/12/2020;2020;BUS;Bogota D.C.;1
ELECTRICO;ACTIVO;3/12/2020;2020;BUS;Bogota D.C.;1
ELECTRICO;ACTIVO;4/12/2020;2020;BUS;Bogota D.C.;1
ELECTRICO;ACTIVO;3/03/2021;2021;MOTOCARRO;Cundinamarca;1
ELECTRICO;ACTIVO;14/05/2021;2021;MOTOCARRO;Cundinamarca;1
ELECTRICO;ACTIVO;3/12/2021;2021;MOTOCARRO;Cundinamarca;1
ELECTRICO;ACTIVO;24/11/2020;2020;AUTOMOVIL;Bogota D.C.;1
ELECTRICO;ACTIVO;8/03/2022;2022;AUTOMOVIL;Bogota D.C.;1
ELECTRICO;ACTIVO;22/11/2021;2021;AUTOMOVIL;Cundinamarca;1
ELECTRICO;ACTIVO;23/09/2021;2021;AUTOMOVIL;Bogota D.C.;1
ELECTRICO;ACTIVO;1/02/2021;2021;CAMION;Antioquia;1
ELECTRICO;ACTIVO;28/12/2021;2021;CAMIONETA;Cundinamarca;1
ELECTRICO;ACTIVO;7/03/2022;2022;CAMIONETA;Bogota D.C.;1
ELECTRICO;ACTIVO;10/11/2021;2021;MOTOCARRO;Cundinamarca;1
ELECTRICO;ACTIVO;27/10/2021;2021;AUTOMOVIL;Antioquia;1
ELECTRICO;ACTIVO;10/11/2021;2021;MOTOCARRO;Cundinamarca;1
ELECTRICO;ACTIVO;10/11/2021;2021;MOTOCARRO;Cundinamarca;1
ELECTRICO;ACTIVO;10/11/2021;2021;MOTOCARRO;Cundinamarca;1
ELECTRICO;ACTIVO;28/12/2020;2020;MOTOCICLETA;Valle del Cauca;1
ELECTRICO;ACTIVO;11/03/2022;2022;TRICIMOTO;Casanare;1
ELECTRICO;ACTIVO;8/11/2021;2021;CAMIONETA;Norte de Santander;1
ELECTRICO;ACTIVO;14/02/2022;2022;CAMIONETA;Antioquia;1
ELECTRICO;ACTIVO;23/02/2022;2022;CAMIONETA;Bolivar;1
ELECTRICO;ACTIVO;8/11/2021;2021;CAMIONETA;Norte de Santander;1
ELECTRICO;ACTIVO;29/12/2021;2021;CAMIONETA;Antioquia;1
ELECTRICO;ACTIVO;6/10/2021;2021;CAMIONETA;Cundinamarca;1
ELECTRICO;ACTIVO;24/11/2021;2021;CAMIONETA;Bogota D.C.;1
ELECTRICO;ACTIVO;16/12/2021;2021;CAMIONETA;Atlantico;1
ELECTRICO;ACTIVO;27/12/2021;2021;AUTOMOVIL;Antioquia;1
ELECTRICO;ACTIVO;23/02/2022;2022;CAMIONETA;Bogota D.C.;1
ELECTRICO;ACTIVO;17/12/2021;2021;CAMIONETA;Bogota D.C.;1
ELECTRICO;ACTIVO;29/11/2021;2021;CAMIONETA;Bogota D.C.;1
ELECTRICO;ACTIVO;30/11/2021;2021;CAMIONETA;Bogota D.C.;1
ELECTRICO;ACTIVO;3/12/2021;2021;MOTOCICLETA;Antioquia;1
ELECTRICO;ACTIVO;29/09/2021;2021;CUADRICICLO;Bogota D.C.;1
ELECTRICO;ACTIVO;14/10/2021;2021;CUADRICICLO;Antioquia;1
ELECTRICO;ACTIVO;21/10/2021;2021;CUADRICICLO;Bogota D.C.;1
ELECTRICO;ACTIVO;15/09/2020;2020;CAMION;Antioquia;1
ELECTRICO;ACTIVO;9/07/2020;2020;CAMION;Antioquia;1
ELECTRICO;ACTIVO;12/03/2020;2020;CAMION;Cundinamarca;1
ELECTRICO;ACTIVO;18/09/2020;2020;CAMION;Cundinamarca;1
ELECTRICO;ACTIVO;16/03/2022;2022;MOTOCICLETA;Antioquia;1
ELECTRICO;ACTIVO;23/07/2020;2020;CAMION;Antioquia;1
ELECTRICO;ACTIVO;14/12/2020;2020;CAMION;Antioquia;1
ELECTRICO;ACTIVO;13/03/2021;2021;CAMION;Antioquia;1
ELECTRICO;ACTIVO;19/07/2021;2021;CAMION;Antioquia;1
ELECTRICO;ACTIVO;25/11/2021;2021;CAMION;Antioquia;1
ELECTRICO;ACTIVO;27/11/2020;2020;AUTOMOVIL;Bogota D.C.;1
ELECTRICO;ACTIVO;29/04/2021;2021;AUTOMOVIL;Bogota D.C.;1
ELECTRICO;ACTIVO;20/12/2021;2021;CAMION;Cundinamarca;1
ELECTRICO;ACTIVO;23/12/2021;2021;CUADRICICLO;Antioquia;1
ELECTRICO;ACTIVO;13/12/2021;2021;CUADRICICLO;Antioquia;1
ELECTRICO;ACTIVO;28/12/2021;2021;CUADRICICLO;Norte de Santander;1
ELECTRICO;ACTIVO;19/01/2022;2022;CAMIONETA;Cundinamarca;1
ELECTRICO;ACTIVO;2/03/2022;2022;CAMIONETA;Antioquia;1
ELECTRICO;ACTIVO;28/12/2021;2021;AUTOMOVIL;Bogota D.C.;1
ELECTRICO;ACTIVO;10/11/2021;2021;CUADRICICLO;Antioquia;1
ELECTRICO;ACTIVO;28/01/2022;2022;AUTOMOVIL;Bogota D.C.;1
ELECTRICO;ACTIVO;18/02/2022;2022;AUTOMOVIL;Bogota D.C.;1
ELECTRICO;ACTIVO;27/01/2022;2022;AUTOMOVIL;Bogota D.C.;1
ELECTRICO;ACTIVO;17/03/2022;2022;BUS;Bogota D.C.;1
ELECTRICO;ACTIVO;12/03/2022;2022;BUS;Bogota D.C.;1
ELECTRICO;ACTIVO;16/03/2022;2022;AUTOMOVIL;Bogota D.C.;1
ELECTRICO;ACTIVO;25/03/2022;2022;CUADRICICLO;Antioquia;1
ELECTRICO;ACTIVO;17/03/2022;2022;BUS;Bogota D.C.;1
ELECTRICO;ACTIVO;11/02/2022;2022;CAMIONETA;Bogota D.C.;1
ELECTRICO;ACTIVO;27/02/2022;2022;BUS;Bogota D.C.;1
ELECTRICO;ACTIVO;26/02/2022;2022;BUS;Bogota D.C.;1
ELECTRICO;ACTIVO;16/03/2022;2022;AUTOMOVIL;Bogota D.C.;1
ELECTRICO;ACTIVO;11/03/2022;2022;CAMIONETA;Antioquia;1
ELECTRICO;ACTIVO;9/03/2022;2022;CUADRICICLO;Bogota D.C.;1
ELECTRICO;ACTIVO;2/02/2022;2022;AUTOMOVIL;Bogota D.C.;1
ELECTRICO;ACTIVO;12/03/2022;2022;AUTOMOVIL;Cundinamarca;1
ELECTRICO;ACTIVO;3/02/2022;2022;AUTOMOVIL;Bogota D.C.;1
ELECTRICO;ACTIVO;18/03/2022;2022;BUS;Bogota D.C.;1
ELECTRICO;ACTIVO;14/03/2022;2022;BUS;Bogota D.C.;1
ELECTRICO;ACTIVO;14/03/2022;2022;BUS;Bogota D.C.;1
ELECTRICO;ACTIVO;14/03/2022;2022;BUS;Bogota D.C.;1
ELECTRICO;ACTIVO;14/03/2022;2022;BUS;Bogota D.C.;1
ELECTRICO;ACTIVO;15/03/2022;2022;BUS;Bogota D.C.;1
ELECTRICO;ACTIVO;16/03/2022;2022;BUS;Bogota D.C.;1
ELECTRICO;ACTIVO;14/03/2022;2022;BUS;Bogota D.C.;1
ELECTRICO;ACTIVO;14/03/2022;2022;BUS;Bogota D.C.;1
ELECTRICO;ACTIVO;9/03/2022;2022;CAMIONETA;Cundinamarca;1
ELECTRICO;ACTIVO;16/03/2022;2022;AUTOMOVIL;Antioquia;1
ELECTRICO;ACTIVO;21/02/2022;2022;CAMIONETA;Cundinamarca;1
ELECTRICO;ACTIVO;14/02/2022;2022;CAMIONETA;Antioquia;1
ELECTRICO;ACTIVO;23/03/2022;2022;AUTOMOVIL;Antioquia;1
ELECTRICO;ACTIVO;19/02/2022;2022;BUS;Bogota D.C.;1
ELECTRICO;ACTIVO;12/03/2022;2022;BUS;Bogota D.C.;1
ELECTRICO;ACTIVO;12/03/2022;2022;BUS;Bogota D.C.;1
ELECTRICO;ACTIVO;25/02/2022;2022;BUS;Bogota D.C.;1
ELECTRICO;ACTIVO;27/01/2022;2022;BUS;Bogota D.C.;1
ELECTRICO;ACTIVO;27/01/2022;2022;BUS;Bogota D.C.;1
ELECTRICO;ACTIVO;27/01/2022;2022;BUS;Bogota D.C.;1
ELECTRICO;ACTIVO;27/01/2022;2022;BUS;Bogota D.C.;1
ELECTRICO;ACTIVO;5/02/2022;2022;AUTOMOVIL;Bogota D.C.;1
ELECTRICO;ACTIVO;8/02/2022;2022;MOTOCARRO;Antioquia;1
ELECTRICO;ACTIVO;24/02/2022;2022;BUS;Bogota D.C.;1
ELECTRICO;ACTIVO;22/03/2022;2022;CUADRICICLO;Santander;1
ELECTRICO;ACTIVO;15/03/2022;2022;CUADRICICLO;Antioquia;1
ELECTRICO;ACTIVO;4/03/2022;2022;TRICIMOTO;Valle del Cauca;1
ELECTRICO;ACTIVO;9/03/2022;2022;CUADRICICLO;Bogota D.C.;1
ELECTRICO;ACTIVO;14/03/2022;2022;CUADRICICLO;Bogota D.C.;1
ELECTRICO;ACTIVO;22/03/2022;2022;CAMIONETA;Santander;1
ELECTRICO;ACTIVO;22/03/2022;2022;CAMIONETA;Santander;1
ELECTRICO;ACTIVO;22/03/2022;2022;CAMIONETA;Santander;1
ELECTRICO;ACTIVO;17/03/2022;2022;CAMIONETA;Bogota D.C.;1
ELECTRICO;ACTIVO;31/03/2022;2022;CAMIONETA;Bogota D.C.;1
ELECTRICO;ACTIVO;19/03/2022;2022;CAMIONETA;Bogota D.C.;1
ELECTRICO;ACTIVO;22/02/2022;2022;CAMIONETA;Antioquia;1
ELECTRICO;ACTIVO;16/03/2022;2022;CAMIONETA;Bogota D.C.;1
ELECTRICO;ACTIVO;30/03/2022;2022;CUADRICICLO;Antioquia;1
ELECTRICO;ACTIVO;30/03/2022;2022;CUADRICICLO;Antioquia;1
ELECTRICO;ACTIVO;30/03/2022;2022;CUADRICICLO;Antioquia;1
ELECTRICO;ACTIVO;30/03/2022;2022;CUADRICICLO;Antioquia;1
ELECTRICO;ACTIVO;30/03/2022;2022;CUADRICICLO;Antioquia;1
ELECTRICO;ACTIVO;30/03/2022;2022;CUADRICICLO;Antioquia;1
ELECTRICO;ACTIVO;30/03/2022;2022;CUADRICICLO;Antioquia;1
ELECTRICO;ACTIVO;30/03/2022;2022;CUADRICICLO;Antioquia;1
ELECTRICO;ACTIVO;14/01/2012;2012;MOTOCICLETA;Bogota D.C.;1
ELECTRICO;ACTIVO;11/02/2019;2019;AUTOMOVIL;Bogota D.C.;1
ELECTRICO;ACTIVO;15/02/2019;2019;AUTOMOVIL;Antioquia;1
ELECTRICO;ACTIVO;8/03/2010;2010;MICROBUS;Cundinamarca;1
ELECTRICO;ACTIVO;12/08/2010;2010;CAMIONETA;Bogota D.C.;1
ELECTRICO;ACTIVO;18/08/2010;2010;MOTOCICLETA;Antioquia;1
ELECTRICO;ACTIVO;5/10/2010;2010;AUTOMOVIL;Bogota D.C.;1
ELECTRICO;ACTIVO;30/03/2010;2010;AUTOMOVIL;Bolivar;1
ELECTRICO;ACTIVO;13/07/2010;2010;CAMIONETA;Bogota D.C.;1
ELECTRICO;ACTIVO;2/03/2011;2011;MICROBUS;Santander;1
ELECTRICO;ACTIVO;8/04/2011;2011;MOTOCICLETA;Antioquia;1
ELECTRICO;ACTIVO;25/10/2010;2010;CAMIONETA;Cundinamarca;1
ELECTRICO;ACTIVO;19/08/2011;2011;MOTOCICLETA;Antioquia;1
ELECTRICO;ACTIVO;10/06/2011;2011;MOTOCICLETA;Antioquia;1
ELECTRICO;ACTIVO;18/04/2011;2011;MOTOCICLETA;Meta;1
ELECTRICO;ACTIVO;18/10/2011;2011;CAMIONETA;Cundinamarca;1
ELECTRICO;ACTIVO;2/12/2011;2011;MOTOCICLETA;Valle del Cauca;1
ELECTRICO;ACTIVO;22/09/2011;2011;MOTOCICLETA;Antioquia;1
ELECTRICO;ACTIVO;28/02/2012;2012;MOTOCICLETA;Bogota D.C.;1
ELECTRICO;ACTIVO;24/10/2012;2012;MOTOCICLETA;Bogota D.C.;1
ELECTRICO;ACTIVO;17/01/2012;2012;MOTOCICLETA;Antioquia;1
ELECTRICO;ACTIVO;24/09/2012;2012;MOTOCICLETA;Bogota D.C.;1
ELECTRICO;ACTIVO;8/03/2012;2012;MOTOCICLETA;Bogota D.C.;1
ELECTRICO;ACTIVO;27/12/2011;2011;AUTOMOVIL;Bogota D.C.;1
ELECTRICO;ACTIVO;27/06/2012;2012;MOTOCICLETA;Antioquia;1
ELECTRICO;ACTIVO;4/06/2012;2012;MOTOCICLETA;Antioquia;1
ELECTRICO;ACTIVO;20/09/2012;2012;MOTOCICLETA;Antioquia;1
ELECTRICO;ACTIVO;6/12/2012;2012;AUTOMOVIL;Bogota D.C.;1
ELECTRICO;ACTIVO;6/12/2012;2012;AUTOMOVIL;Bogota D.C.;1
ELECTRICO;ACTIVO;25/04/2013;2013;MOTOCICLETA;Valle del Cauca;1
ELECTRICO;ACTIVO;15/08/2013;2013;AUTOMOVIL;Bogota D.C.;1
ELECTRICO;ACTIVO;15/08/2013;2013;AUTOMOVIL;Bogota D.C.;1
ELECTRICO;ACTIVO;15/08/2013;2013;AUTOMOVIL;Bogota D.C.;1
ELECTRICO;ACTIVO;15/08/2013;2013;AUTOMOVIL;Bogota D.C.;1
ELECTRICO;ACTIVO;29/06/2016;2016;AUTOMOVIL;Bogota D.C.;1
ELECTRICO;ACTIVO;19/06/2013;2013;MOTOCICLETA;Bogota D.C.;1
ELECTRICO;ACTIVO;23/01/2013;2013;MOTOCICLETA;Antioquia;1
ELECTRICO;ACTIVO;15/08/2013;2013;AUTOMOVIL;Bogota D.C.;1
ELECTRICO;ACTIVO;15/08/2013;2013;AUTOMOVIL;Bogota D.C.;1
ELECTRICO;ACTIVO;15/08/2013;2013;AUTOMOVIL;Bogota D.C.;1
ELECTRICO;ACTIVO;15/08/2013;2013;AUTOMOVIL;Bogota D.C.;1
ELECTRICO;ACTIVO;28/02/2013;2013;MOTOCICLETA;Bogota D.C.;1
ELECTRICO;ACTIVO;24/05/2013;2013;MOTOCICLETA;Bogota D.C.;1
ELECTRICO;ACTIVO;24/05/2013;2013;MOTOCICLETA;Bogota D.C.;1
ELECTRICO;ACTIVO;24/05/2013;2013;MOTOCICLETA;Bogota D.C.;1
ELECTRICO;ACTIVO;24/05/2013;2013;MOTOCICLETA;Bogota D.C.;1
ELECTRICO;ACTIVO;24/05/2013;2013;MOTOCICLETA;Bogota D.C.;1
ELECTRICO;ACTIVO;24/05/2013;2013;MOTOCICLETA;Bogota D.C.;1
ELECTRICO;ACTIVO;24/05/2013;2013;MOTOCICLETA;Bogota D.C.;1
ELECTRICO;ACTIVO;23/05/2013;2013;MOTOCICLETA;Bogota D.C.;1
ELECTRICO;ACTIVO;24/05/2013;2013;MOTOCICLETA;Bogota D.C.;1
ELECTRICO;ACTIVO;2/03/2013;2013;MOTOCICLETA;Bogota D.C.;1
ELECTRICO;ACTIVO;24/05/2013;2013;MOTOCICLETA;Bogota D.C.;1
ELECTRICO;ACTIVO;24/05/2013;2013;MOTOCICLETA;Bogota D.C.;1
ELECTRICO;ACTIVO;24/05/2013;2013;MOTOCICLETA;Bogota D.C.;1
ELECTRICO;ACTIVO;24/05/2013;2013;MOTOCICLETA;Bogota D.C.;1
ELECTRICO;ACTIVO;27/12/2013;2013;MOTOCICLETA;Antioquia;1
ELECTRICO;ACTIVO;26/11/2013;2013;MOTOCICLETA;Valle del Cauca;1
ELECTRICO;ACTIVO;7/02/2014;2014;MOTOCARRO;Bogota D.C.;1
ELECTRICO;ACTIVO;12/07/2013;2013;MOTOCICLETA;Antioquia;1
ELECTRICO;ACTIVO;10/09/2013;2013;MOTOCICLETA;Antioquia;1
ELECTRICO;ACTIVO;4/12/2013;2013;MOTOCICLETA;Antioquia;1
ELECTRICO;ACTIVO;18/12/2013;2013;MOTOCICLETA;Bogota D.C.;1
ELECTRICO;ACTIVO;15/11/2013;2013;MOTOCICLETA;Antioquia;1
ELECTRICO;ACTIVO;27/06/2013;2013;MOTOCICLETA;Antioquia;1
ELECTRICO;ACTIVO;22/09/2014;2014;AUTOMOVIL;Bogota D.C.;1
ELECTRICO;ACTIVO;11/12/2014;2014;MOTOCICLETA;Valle del Cauca;1
ELECTRICO;ACTIVO;12/05/2015;2015;AUTOMOVIL;Cundinamarca;1
ELECTRICO;ACTIVO;30/10/2014;2014;AUTOMOVIL;Bogota D.C.;1
ELECTRICO;ACTIVO;9/07/2014;2014;MOTOCICLETA;Huila;1
ELECTRICO;ACTIVO;4/02/2015;2015;MOTOCICLETA;Valle del Cauca;1
ELECTRICO;ACTIVO;21/10/2014;2014;MOTOCICLETA;Valle del Cauca;1
ELECTRICO;ACTIVO;27/05/2015;2015;MOTOCICLETA;Valle del Cauca;1
ELECTRICO;ACTIVO;22/05/2014;2014;MOTOCICLETA;Santander;1
ELECTRICO;ACTIVO;4/02/2014;2014;MOTOCICLETA;Antioquia;1
ELECTRICO;ACTIVO;4/08/2015;2015;MOTOCICLETA;Valle del Cauca;1
ELECTRICO;ACTIVO;20/05/2015;2015;MOTOCICLETA;Valle del Cauca;1
ELECTRICO;ACTIVO;25/07/2014;2014;MOTOCICLETA;Bogota D.C.;1
ELECTRICO;ACTIVO;23/04/2015;2015;MOTOCICLETA;Valle del Cauca;1
ELECTRICO;ACTIVO;28/04/2014;2014;MOTOCICLETA;Santander;1
ELECTRICO;ACTIVO;13/02/2015;2015;MOTOCICLETA;Valle del Cauca;1
ELECTRICO;ACTIVO;5/04/2014;2014;MOTOCICLETA;Antioquia;1
ELECTRICO;ACTIVO;2/02/2015;2015;MOTOCICLETA;Bogota D.C.;1
ELECTRICO;ACTIVO;8/04/2014;2014;MOTOCICLETA;Antioquia;1
ELECTRICO;ACTIVO;9/06/2015;2015;MOTOCICLETA;Bogota D.C.;1
ELECTRICO;ACTIVO;4/06/2014;2014;CAMIONETA;Cundinamarca;1
ELECTRICO;ACTIVO;3/09/2014;2014;MOTOCICLETA;Valle del Cauca;1
ELECTRICO;ACTIVO;30/04/2014;2014;MOTOCICLETA;Antioquia;1
ELECTRICO;ACTIVO;15/08/2014;2014;MOTOCICLETA;Norte de Santander;1
ELECTRICO;ACTIVO;18/07/2014;2014;MOTOCICLETA;Antioquia;1
ELECTRICO;ACTIVO;28/08/2014;2014;MOTOCICLETA;Antioquia;1
ELECTRICO;ACTIVO;16/03/2015;2015;MOTOCICLETA;Meta;1
ELECTRICO;ACTIVO;13/07/2015;2015;MOTOCICLETA;Bogota D.C.;1
ELECTRICO;ACTIVO;9/05/2015;2015;MOTOCICLETA;Bogota D.C.;1
ELECTRICO;ACTIVO;27/02/2015;2015;MOTOCICLETA;Cauca;1
ELECTRICO;ACTIVO;3/12/2014;2014;MOTOCICLETA;Meta;1
ELECTRICO;ACTIVO;3/12/2014;2014;MOTOCICLETA;Casanare;1
ELECTRICO;ACTIVO;10/10/2014;2014;MOTOCICLETA;Antioquia;1
ELECTRICO;ACTIVO;9/04/2015;2015;AUTOMOVIL;Bogota D.C.;1
ELECTRICO;ACTIVO;22/04/2015;2015;MOTOCICLETA;Antioquia;1
ELECTRICO;ACTIVO;28/01/2015;2015;MOTOCICLETA;Antioquia;1
ELECTRICO;ACTIVO;17/04/2015;2015;AUTOMOVIL;Bogota D.C.;1
ELECTRICO;ACTIVO;24/02/2015;2015;MOTOCICLETA;Antioquia;1
ELECTRICO;ACTIVO;24/12/2014;2014;MOTOCICLETA;Antioquia;1
ELECTRICO;ACTIVO;6/01/2015;2015;MOTOCICLETA;Santander;1
ELECTRICO;ACTIVO;3/03/2015;2015;MOTOCICLETA;Huila;1
ELECTRICO;ACTIVO;28/01/2015;2015;MOTOCICLETA;Antioquia;1
ELECTRICO;ACTIVO;12/09/2014;2014;MOTOCICLETA;Cordoba;1
ELECTRICO;ACTIVO;3/11/2015;2015;MOTOCICLETA;Huila;1
ELECTRICO;ACTIVO;10/11/2015;2015;MOTOCICLETA;Norte de Santander;1
ELECTRICO;ACTIVO;30/09/2014;2014;MOTOCICLETA;Antioquia;1
ELECTRICO;ACTIVO;18/12/2014;2014;MOTOCICLETA;Valle del Cauca;1
ELECTRICO;ACTIVO;28/11/2014;2014;MOTOCICLETA;Santander;1
ELECTRICO;ACTIVO;21/11/2014;2014;CAMIONETA;Bogota D.C.;1
ELECTRICO;ACTIVO;13/08/2015;2015;MOTOCICLETA;Cordoba;1
ELECTRICO;ACTIVO;8/04/2015;2015;MOTOCICLETA;Antioquia;1
ELECTRICO;ACTIVO;27/09/2014;2014;MOTOCICLETA;Antioquia;1
ELECTRICO;ACTIVO;7/01/2015;2015;CAMIONETA;Bogota D.C.;1
ELECTRICO;ACTIVO;7/01/2015;2015;CAMIONETA;Bogota D.C.;1
ELECTRICO;ACTIVO;6/03/2015;2015;MOTOCICLETA;Santander;1
ELECTRICO;ACTIVO;13/05/2015;2015;CAMIONETA;Cundinamarca;1
ELECTRICO;ACTIVO;24/04/2015;2015;MOTOCICLETA;Cundinamarca;1
ELECTRICO;ACTIVO;23/01/2015;2015;MOTOCICLETA;Santander;1
ELECTRICO;ACTIVO;30/01/2015;2015;AUTOMOVIL;Caldas;1
ELECTRICO;ACTIVO;24/11/2015;2015;MOTOCICLETA;Antioquia;1
ELECTRICO;ACTIVO;17/07/2015;2015;AUTOMOVIL;Antioquia;1
ELECTRICO;ACTIVO;14/10/2015;2015;AUTOMOVIL;Santander;1
ELECTRICO;ACTIVO;26/06/2015;2015;MOTOCICLETA;Valle del Cauca;1
ELECTRICO;ACTIVO;29/05/2015;2015;MOTOCICLETA;Valle del Cauca;1
ELECTRICO;ACTIVO;17/10/2015;2015;AUTOMOVIL;Antioquia;1
ELECTRICO;ACTIVO;8/03/2016;2016;AUTOMOVIL;Bogota D.C.;1
ELECTRICO;ACTIVO;29/09/2015;2015;AUTOMOVIL;Huila;1
ELECTRICO;ACTIVO;6/07/2017;2017;AUTOMOVIL;Bogota D.C.;1
ELECTRICO;ACTIVO;15/08/2015;2015;AUTOMOVIL;Bogota D.C.;1
ELECTRICO;ACTIVO;24/06/2015;2015;AUTOMOVIL;Antioquia;1
ELECTRICO;ACTIVO;19/06/2015;2015;AUTOMOVIL;Bogota D.C.;1
ELECTRICO;ACTIVO;14/09/2015;2015;AUTOMOVIL;Bogota D.C.;1
ELECTRICO;ACTIVO;5/08/2015;2015;AUTOMOVIL;Bogota D.C.;1
ELECTRICO;ACTIVO;9/06/2017;2017;AUTOMOVIL;Bogota D.C.;1
ELECTRICO;ACTIVO;30/06/2016;2016;AUTOMOVIL;Bogota D.C.;1
ELECTRICO;ACTIVO;11/11/2015;2015;AUTOMOVIL;Quindio;1
ELECTRICO;ACTIVO;4/08/2015;2015;MOTOCICLETA;Valle del Cauca;1
ELECTRICO;ACTIVO;9/10/2015;2015;AUTOMOVIL;Bogota D.C.;1
ELECTRICO;ACTIVO;3/09/2015;2015;AUTOMOVIL;Bogota D.C.;1
ELECTRICO;ACTIVO;15/07/2015;2015;AUTOMOVIL;Bogota D.C.;1
ELECTRICO;ACTIVO;24/11/2015;2015;MOTOCICLETA;Antioquia;1
ELECTRICO;ACTIVO;2/12/2016;2016;AUTOMOVIL;Boyaca;1
ELECTRICO;ACTIVO;17/08/2016;2016;AUTOMOVIL;Bogota D.C.;1
ELECTRICO;ACTIVO;30/11/2016;2016;AUTOMOVIL;Bogota D.C.;1
ELECTRICO;ACTIVO;30/07/2016;2016;AUTOMOVIL;Bogota D.C.;1
ELECTRICO;ACTIVO;17/05/2016;2016;AUTOMOVIL;Bogota D.C.;1
ELECTRICO;ACTIVO;3/11/2016;2016;AUTOMOVIL;Antioquia;1
ELECTRICO;ACTIVO;9/02/2016;2016;AUTOMOVIL;Antioquia;1
ELECTRICO;ACTIVO;8/03/2016;2016;AUTOMOVIL;Tolima;1
ELECTRICO;ACTIVO;22/09/2016;2016;AUTOMOVIL;Bogota D.C.;1
ELECTRICO;ACTIVO;20/11/2015;2015;AUTOMOVIL;Antioquia;1
ELECTRICO;ACTIVO;31/08/2016;2016;AUTOMOVIL;Cundinamarca;1
ELECTRICO;ACTIVO;12/08/2016;2016;AUTOMOVIL;Bogota D.C.;1
ELECTRICO;ACTIVO;24/06/2016;2016;AUTOMOVIL;Bogota D.C.;1
ELECTRICO;ACTIVO;8/10/2015;2015;AUTOMOVIL;Bogota D.C.;1
ELECTRICO;ACTIVO;30/06/2016;2016;AUTOMOVIL;Bogota D.C.;1
ELECTRICO;ACTIVO;5/01/2016;2016;AUTOMOVIL;Valle del Cauca;1
ELECTRICO;ACTIVO;11/11/2015;2015;MOTOCICLETA;Santander;1
ELECTRICO;ACTIVO;7/09/2015;2015;CAMIONETA;Cundinamarca;1
ELECTRICO;ACTIVO;10/09/2015;2015;CAMIONETA;Cundinamarca;1
ELECTRICO;ACTIVO;7/07/2016;2016;AUTOMOVIL;Antioquia;1
ELECTRICO;ACTIVO;17/06/2016;2016;AUTOMOVIL;Santander;1
ELECTRICO;ACTIVO;23/12/2016;2016;AUTOMOVIL;Bogota D.C.;1
ELECTRICO;ACTIVO;13/09/2016;2016;AUTOMOVIL;Bogota D.C.;1
ELECTRICO;ACTIVO;30/07/2015;2015;MOTOCICLETA;Santander;1
ELECTRICO;ACTIVO;16/12/2016;2016;AUTOMOVIL;Antioquia;1
ELECTRICO;ACTIVO;23/08/2016;2016;AUTOMOVIL;Antioquia;1
ELECTRICO;ACTIVO;16/05/2016;2016;AUTOMOVIL;Bogota D.C.;1
ELECTRICO;ACTIVO;29/12/2015;2015;AUTOMOVIL;Antioquia;1
ELECTRICO;ACTIVO;21/09/2016;2016;AUTOMOVIL;Bogota D.C.;1
ELECTRICO;ACTIVO;23/06/2016;2016;AUTOMOVIL;Huila;1
ELECTRICO;ACTIVO;29/10/2015;2015;MOTOCICLETA;Bogota D.C.;1
ELECTRICO;ACTIVO;8/01/2016;2016;MOTOCICLETA;Antioquia;1
ELECTRICO;ACTIVO;2/09/2015;2015;CAMIONETA;Bogota D.C.;1
ELECTRICO;ACTIVO;22/02/2016;2016;MOTOCICLETA;Valle del Cauca;1
ELECTRICO;ACTIVO;9/07/2015;2015;AUTOMOVIL;Bogota D.C.;1
ELECTRICO;ACTIVO;25/06/2015;2015;MOTOCICLETA;Santander;1
ELECTRICO;ACTIVO;28/08/2015;2015;AUTOMOVIL;Bogota D.C.;1
ELECTRICO;ACTIVO;4/10/2016;2016;AUTOMOVIL;Bogota D.C.;1
ELECTRICO;ACTIVO;29/05/2015;2015;MOTOCICLETA;Santander;1
ELECTRICO;ACTIVO;2/10/2015;2015;MOTOCICLETA;Santander;1
ELECTRICO;ACTIVO;16/06/2015;2015;MOTOCICLETA;Valle del Cauca;1
ELECTRICO;ACTIVO;7/11/2015;2015;MOTOCICLETA;Bogota D.C.;1
ELECTRICO;ACTIVO;18/12/2015;2015;MOTOCICLETA;Valle del Cauca;1
ELECTRICO;ACTIVO;10/11/2016;2016;MOTOCARRO;Cundinamarca;1
ELECTRICO;ACTIVO;10/11/2016;2016;MOTOCARRO;Cundinamarca;1
ELECTRICO;ACTIVO;8/06/2016;2016;MOTOCICLETA;Antioquia;1
ELECTRICO;ACTIVO;15/03/2016;2016;MOTOCICLETA;Antioquia;1
ELECTRICO;ACTIVO;15/03/2017;2017;AUTOMOVIL;Antioquia;1
ELECTRICO;ACTIVO;20/01/2017;2017;AUTOMOVIL;Antioquia;1
ELECTRICO;ACTIVO;11/10/2016;2016;MOTOCARRO;Cundinamarca;1
ELECTRICO;ACTIVO;8/07/2016;2016;MOTOCARRO;Cundinamarca;1
ELECTRICO;ACTIVO;31/05/2016;2016;MOTOCICLETA;Antioquia;1
ELECTRICO;ACTIVO;4/01/2017;2017;MOTOCICLETA;Antioquia;1
ELECTRICO;ACTIVO;4/06/2016;2016;MOTOCICLETA;Meta;1
ELECTRICO;ACTIVO;23/02/2016;2016;MOTOCICLETA;Antioquia;1
ELECTRICO;ACTIVO;29/02/2016;2016;MOTOCICLETA;Antioquia;1
ELECTRICO;ACTIVO;12/02/2016;2016;MOTOCICLETA;Santander;1
ELECTRICO;ACTIVO;25/04/2016;2016;MOTOCICLETA;Antioquia;1
ELECTRICO;ACTIVO;23/04/2016;2016;MOTOCICLETA;Antioquia;1
ELECTRICO;ACTIVO;18/07/2016;2016;MOTOCICLETA;Bogota D.C.;1
ELECTRICO;ACTIVO;29/02/2016;2016;MOTOCICLETA;Antioquia;1
ELECTRICO;ACTIVO;28/04/2017;2017;CAMIONETA;Bogota D.C.;1
ELECTRICO;ACTIVO;27/02/2016;2016;MOTOCICLETA;Santander;1
ELECTRICO;ACTIVO;16/12/2016;2016;CAMIONETA;Antioquia;1
ELECTRICO;ACTIVO;16/03/2016;2016;MOTOCICLETA;Antioquia;1
ELECTRICO;ACTIVO;4/11/2016;2016;MOTOCICLETA;Antioquia;1
ELECTRICO;ACTIVO;10/11/2016;2016;MOTOCARRO;Cundinamarca;1
ELECTRICO;ACTIVO;9/08/2016;2016;MOTOCICLETA;Bogota D.C.;1
ELECTRICO;ACTIVO;27/09/2016;2016;MOTOCICLETA;Valle del Cauca;1
ELECTRICO;ACTIVO;14/10/2016;2016;MOTOCICLETA;Antioquia;1
ELECTRICO;ACTIVO;2/08/2016;2016;MOTOCARRO;Cundinamarca;1
ELECTRICO;ACTIVO;12/02/2016;2016;MOTOCICLETA;Santander;1
ELECTRICO;ACTIVO;12/08/2016;2016;MOTOCARRO;Cundinamarca;1
ELECTRICO;ACTIVO;23/02/2016;2016;MOTOCICLETA;Antioquia;1
ELECTRICO;ACTIVO;21/06/2016;2016;MOTOCICLETA;Santander;1
ELECTRICO;ACTIVO;3/02/2016;2016;MOTOCICLETA;Antioquia;1
ELECTRICO;ACTIVO;30/03/2017;2017;MOTOCICLETA;Antioquia;1
ELECTRICO;ACTIVO;16/03/2017;2017;CAMIONETA;Antioquia;1
ELECTRICO;ACTIVO;15/02/2017;2017;CAMIONETA;Bogota D.C.;1
ELECTRICO;ACTIVO;30/03/2017;2017;MOTOCICLETA;Antioquia;1
ELECTRICO;ACTIVO;28/12/2016;2016;MOTOCARRO;Cundinamarca;1
ELECTRICO;ACTIVO;8/03/2017;2017;MOTOCICLETA;Antioquia;1
ELECTRICO;ACTIVO;24/04/2017;2017;MOTOCICLETA;Antioquia;1
ELECTRICO;ACTIVO;8/08/2017;2017;MOTOCICLETA;Antioquia;1
ELECTRICO;ACTIVO;30/03/2017;2017;MOTOCICLETA;Antioquia;1
ELECTRICO;ACTIVO;30/05/2017;2017;CAMIONETA;Bogota D.C.;1
ELECTRICO;ACTIVO;8/09/2017;2017;MOTOCICLETA;Antioquia;1
ELECTRICO;ACTIVO;12/06/2017;2017;AUTOMOVIL;Bogota D.C.;1
ELECTRICO;ACTIVO;24/01/2017;2017;MOTOCICLETA;Antioquia;1
ELECTRICO;ACTIVO;22/12/2016;2016;AUTOMOVIL;Bogota D.C.;1
ELECTRICO;ACTIVO;17/11/2017;2017;AUTOMOVIL;Antioquia;1
ELECTRICO;ACTIVO;8/09/2017;2017;AUTOMOVIL;Bogota D.C.;1
ELECTRICO;ACTIVO;20/02/2017;2017;MOTOCICLETA;Antioquia;1
ELECTRICO;ACTIVO;28/12/2016;2016;MOTOCARRO;Cundinamarca;1
ELECTRICO;ACTIVO;29/12/2016;2016;AUTOMOVIL;Bogota D.C.;1
ELECTRICO;ACTIVO;13/07/2017;2017;MOTOCICLETA;Antioquia;1
ELECTRICO;ACTIVO;22/11/2016;2016;MOTOCICLETA;Antioquia;1
ELECTRICO;ACTIVO;27/06/2017;2017;MOTOCICLETA;Antioquia;1
ELECTRICO;ACTIVO;23/02/2017;2017;MOTOCICLETA;Meta;1
ELECTRICO;ACTIVO;28/08/2017;2017;AUTOMOVIL;Bogota D.C.;1
ELECTRICO;ACTIVO;16/03/2017;2017;CAMIONETA;Bogota D.C.;1
ELECTRICO;ACTIVO;24/05/2018;2018;AUTOMOVIL;Antioquia;1
ELECTRICO;ACTIVO;17/01/2018;2018;CAMIONETA;Cundinamarca;1
ELECTRICO;ACTIVO;1/11/2018;2018;CAMION;Antioquia;1
ELECTRICO;ACTIVO;30/10/2017;2017;CUADRICICLO;Bogota D.C.;1
ELECTRICO;ACTIVO;27/04/2018;2018;MOTOCICLETA;Valle del Cauca;1
ELECTRICO;ACTIVO;6/09/2018;2018;AUTOMOVIL;Bogota D.C.;1
ELECTRICO;ACTIVO;12/09/2018;2018;AUTOMOVIL;Bogota D.C.;1
ELECTRICO;ACTIVO;26/04/2019;2019;AUTOMOVIL;Antioquia;1
ELECTRICO;ACTIVO;13/02/2019;2019;AUTOMOVIL;Bogota D.C.;1
ELECTRICO;ACTIVO;11/12/2019;2019;AUTOMOVIL;Bogota D.C.;1
ELECTRICO;ACTIVO;18/12/2018;2018;CUADRICICLO;Bogota D.C.;1
ELECTRICO;ACTIVO;9/11/2018;2018;CAMIONETA;Norte de Santander;1
ELECTRICO;ACTIVO;8/06/2018;2018;AUTOMOVIL;Bogota D.C.;1
ELECTRICO;ACTIVO;3/04/2018;2018;MOTOCICLETA;Antioquia;1
ELECTRICO;ACTIVO;8/06/2018;2018;CUADRICICLO;Bogota D.C.;1
ELECTRICO;ACTIVO;5/09/2018;2018;AUTOMOVIL;Bogota D.C.;1
ELECTRICO;ACTIVO;5/12/2018;2018;BUS;Bogota D.C.;1
ELECTRICO;ACTIVO;9/11/2017;2017;AUTOMOVIL;Antioquia;1
ELECTRICO;ACTIVO;30/10/2018;2018;CAMIONETA;Tolima;1
ELECTRICO;ACTIVO;27/11/2018;2018;AUTOMOVIL;Bogota D.C.;1
ELECTRICO;ACTIVO;2/04/2019;2019;MOTOCICLETA;Valle del Cauca;1
ELECTRICO;ACTIVO;3/04/2019;2019;AUTOMOVIL;Bogota D.C.;1
ELECTRICO;ACTIVO;12/02/2019;2019;AUTOMOVIL;Bogota D.C.;1
ELECTRICO;ACTIVO;20/02/2019;2019;CAMIONETA;Cundinamarca;1
ELECTRICO;ACTIVO;1/03/2019;2019;CAMIONETA;Valle del Cauca;1
ELECTRICO;ACTIVO;31/05/2018;2018;AUTOMOVIL;Antioquia;1
ELECTRICO;ACTIVO;29/06/2018;2018;CUADRICICLO;Antioquia;1
ELECTRICO;ACTIVO;7/05/2019;2019;CAMION;Antioquia;1
ELECTRICO;ACTIVO;28/12/2018;2018;AUTOMOVIL;Bogota D.C.;1
ELECTRICO;ACTIVO;29/12/2018;2018;CUADRICICLO;Antioquia;1
ELECTRICO;ACTIVO;6/07/2018;2018;CUADRICICLO;Bogota D.C.;1
ELECTRICO;ACTIVO;30/11/2018;2018;CUADRICICLO;Bogota D.C.;1
ELECTRICO;ACTIVO;26/07/2019;2019;MOTOCARRO;Atlantico;1
ELECTRICO;ACTIVO;8/11/2018;2018;CAMIONETA;Antioquia;1
ELECTRICO;ACTIVO;27/02/2019;2019;CUADRICICLO;Bogota D.C.;1
ELECTRICO;ACTIVO;24/10/2018;2018;AUTOMOVIL;Antioquia;1
ELECTRICO;ACTIVO;1/08/2018;2018;AUTOMOVIL;Bogota D.C.;1
ELECTRICO;ACTIVO;8/10/2018;2018;CAMIONETA;Antioquia;1
ELECTRICO;ACTIVO;28/02/2018;2018;CUADRICICLO;Antioquia;1
ELECTRICO;ACTIVO;22/12/2018;2018;CUADRICICLO;Meta;1
ELECTRICO;ACTIVO;12/12/2018;2018;CUADRICICLO;Bogota D.C.;1
ELECTRICO;ACTIVO;15/04/2019;2019;CUADRICICLO;Bogota D.C.;1
ELECTRICO;ACTIVO;5/08/2019;2019;AUTOMOVIL;Cundinamarca;1
ELECTRICO;ACTIVO;3/03/2018;2018;MOTOCICLETA;Antioquia;1
ELECTRICO;ACTIVO;8/11/2018;2018;CUADRICICLO;Antioquia;1
ELECTRICO;ACTIVO;5/08/2019;2019;AUTOMOVIL;Cundinamarca;1
ELECTRICO;ACTIVO;4/05/2018;2018;MOTOCICLETA;Antioquia;1
ELECTRICO;ACTIVO;31/05/2018;2018;AUTOMOVIL;Bogota D.C.;1
ELECTRICO;ACTIVO;15/11/2018;2018;MOTOCICLETA;Antioquia;1
ELECTRICO;ACTIVO;17/10/2017;2017;CUADRICICLO;Bogota D.C.;1
ELECTRICO;ACTIVO;14/08/2019;2019;AUTOMOVIL;Antioquia;1
ELECTRICO;ACTIVO;18/01/2018;2018;MOTOCICLETA;Valle del Cauca;1
ELECTRICO;ACTIVO;29/06/2018;2018;AUTOMOVIL;Bogota D.C.;1
ELECTRICO;ACTIVO;15/01/2019;2019;CUADRICICLO;Antioquia;1
ELECTRICO;ACTIVO;18/10/2017;2017;MOTOCICLETA;Risaralda;1
ELECTRICO;ACTIVO;12/07/2018;2018;AUTOMOVIL;Antioquia;1
ELECTRICO;ACTIVO;18/10/2018;2018;AUTOMOVIL;Bogota D.C.;1
ELECTRICO;ACTIVO;19/07/2018;2018;AUTOMOVIL;Cundinamarca;1
ELECTRICO;ACTIVO;31/01/2018;2018;AUTOMOVIL;Bogota D.C.;1
ELECTRICO;ACTIVO;31/01/2018;2018;CUADRICICLO;Bogota D.C.;1
ELECTRICO;ACTIVO;25/02/2019;2019;CAMIONETA;Bogota D.C.;1
ELECTRICO;ACTIVO;31/07/2018;2018;CUADRICICLO;Antioquia;1
ELECTRICO;ACTIVO;22/12/2018;2018;AUTOMOVIL;Antioquia;1
ELECTRICO;ACTIVO;24/12/2018;2018;AUTOMOVIL;Bogota D.C.;1
ELECTRICO;ACTIVO;21/01/2019;2019;AUTOMOVIL;Bogota D.C.;1
ELECTRICO;ACTIVO;12/12/2018;2018;AUTOMOVIL;Bogota D.C.;1
ELECTRICO;ACTIVO;22/03/2018;2018;AUTOMOVIL;Antioquia;1
ELECTRICO;ACTIVO;28/03/2018;2018;AUTOMOVIL;Antioquia;1
ELECTRICO;ACTIVO;19/12/2018;2018;AUTOMOVIL;Bogota D.C.;1
ELECTRICO;ACTIVO;28/06/2018;2018;MOTOCICLETA;Antioquia;1
ELECTRICO;ACTIVO;19/07/2018;2018;CUADRICICLO;Bogota D.C.;1
ELECTRICO;ACTIVO;17/10/2018;2018;AUTOMOVIL;Valle del Cauca;1
ELECTRICO;ACTIVO;27/07/2018;2018;AUTOMOVIL;Antioquia;1
ELECTRICO;ACTIVO;12/07/2018;2018;AUTOMOVIL;Bogota D.C.;1
ELECTRICO;ACTIVO;26/10/2017;2017;AUTOMOVIL;Antioquia;1
ELECTRICO;ACTIVO;28/06/2018;2018;MOTOCICLETA;Atlantico;1
ELECTRICO;ACTIVO;24/05/2018;2018;MOTOCICLETA;Valle del Cauca;1
ELECTRICO;ACTIVO;3/10/2018;2018;CAMIONETA;Antioquia;1
ELECTRICO;ACTIVO;2/02/2019;2019;AUTOMOVIL;Antioquia;1
ELECTRICO;ACTIVO;8/02/2019;2019;AUTOMOVIL;Bogota D.C.;1
ELECTRICO;ACTIVO;31/01/2019;2019;AUTOMOVIL;Bogota D.C.;1
ELECTRICO;ACTIVO;3/10/2018;2018;CAMIONETA;Antioquia;1
ELECTRICO;ACTIVO;6/12/2018;2018;MOTOCICLETA;Valle del Cauca;1
ELECTRICO;ACTIVO;30/04/2019;2019;CUADRICICLO;Bogota D.C.;1
ELECTRICO;ACTIVO;12/12/2018;2018;CAMIONETA;Bogota D.C.;1
ELECTRICO;ACTIVO;25/02/2019;2019;CAMIONETA;Bogota D.C.;1
ELECTRICO;ACTIVO;20/02/2015;2015;AUTOMOVIL;Bogota D.C.;1
ELECTRICO;ACTIVO;21/06/2017;2017;CAMIONETA;Bogota D.C.;1
ELECTRICO;ACTIVO;7/04/2016;2016;MOTOCICLETA;Antioquia;1
ELECTRICO;ACTIVO;2/01/2015;2015;MOTOCICLETA;Valle del Cauca;1
ELECTRICO;ACTIVO;29/02/2012;2012;MOTOCICLETA;Antioquia;1
ELECTRICO;ACTIVO;11/11/2020;2020;BUS;Bogota D.C.;1
ELECTRICO;ACTIVO;16/11/2021;2021;CAMIONETA;Antioquia;1
ELECTRICO;ACTIVO;27/10/2021;2021;CAMIONETA;Antioquia;1
ELECTRICO;ACTIVO;22/10/2021;2021;CAMIONETA;Antioquia;1
ELECTRICO;ACTIVO;11/03/2020;2020;AUTOMOVIL;Antioquia;1
ELECTRICO;ACTIVO;25/10/2019;2019;AUTOMOVIL;Bogota D.C.;1
ELECTRICO;ACTIVO;29/10/2019;2019;AUTOMOVIL;Antioquia;1
ELECTRICO;ACTIVO;29/10/2019;2019;AUTOMOVIL;Antioquia;1
ELECTRICO;ACTIVO;29/10/2019;2019;AUTOMOVIL;Antioquia;1
ELECTRICO;ACTIVO;11/02/2021;2021;AUTOMOVIL;Bogota D.C.;1
ELECTRICO;ACTIVO;22/11/2019;2019;AUTOMOVIL;Antioquia;1
ELECTRICO;ACTIVO;28/10/2019;2019;AUTOMOVIL;Cundinamarca;1
ELECTRICO;ACTIVO;14/11/2019;2019;AUTOMOVIL;Bogota D.C.;1
ELECTRICO;ACTIVO;16/03/2020;2020;AUTOMOVIL;Bogota D.C.;1
ELECTRICO;ACTIVO;5/11/2020;2020;BUS;Bogota D.C.;1
ELECTRICO;ACTIVO;28/12/2020;2020;MOTOCICLETA;Antioquia;1
ELECTRICO;ACTIVO;10/11/2021;2021;AUTOMOVIL;Valle del Cauca;1
ELECTRICO;ACTIVO;19/02/2021;2021;AUTOMOVIL;Caldas;1
ELECTRICO;ACTIVO;11/01/2022;2022;AUTOMOVIL;Antioquia;1
ELECTRICO;ACTIVO;24/05/2021;2021;AUTOMOVIL;Bogota D.C.;1
ELECTRICO;ACTIVO;30/09/2020;2020;AUTOMOVIL;Bogota D.C.;1
ELECTRICO;ACTIVO;19/05/2021;2021;MOTOCICLETA;Antioquia;1
ELECTRICO;ACTIVO;16/07/2021;2021;CAMIONETA;Antioquia;1
ELECTRICO;ACTIVO;8/05/2021;2021;CAMIONETA;Bogota D.C.;1
ELECTRICO;ACTIVO;2/06/2021;2021;MOTOCARRO;Cundinamarca;1
ELECTRICO;ACTIVO;3/09/2020;2020;AUTOMOVIL;Bogota D.C.;1
ELECTRICO;ACTIVO;22/09/2021;2021;AUTOMOVIL;Antioquia;1
ELECTRICO;ACTIVO;18/03/2020;2020;AUTOMOVIL;Bogota D.C.;1
ELECTRICO;ACTIVO;17/07/2019;2019;AUTOMOVIL;Bogota D.C.;1
ELECTRICO;ACTIVO;5/10/2021;2021;CAMION;Antioquia;1
ELECTRICO;ACTIVO;24/11/2021;2021;CAMION;Antioquia;1
ELECTRICO;ACTIVO;24/11/2021;2021;CAMION;Antioquia;1
ELECTRICO;ACTIVO;23/08/2021;2021;CAMION;Cundinamarca;1
ELECTRICO;ACTIVO;25/11/2021;2021;CAMION;Antioquia;1
ELECTRICO;ACTIVO;25/11/2021;2021;CAMION;Antioquia;1
ELECTRICO;ACTIVO;14/12/2020;2020;CAMION;Antioquia;1
ELECTRICO;ACTIVO;20/01/2021;2021;CAMION;Cundinamarca;1
ELECTRICO;ACTIVO;21/10/2020;2020;CAMION;Santander;1
ELECTRICO;ACTIVO;25/11/2021;2021;CAMION;Antioquia;1
ELECTRICO;ACTIVO;25/11/2021;2021;CAMION;Antioquia;1
ELECTRICO;ACTIVO;28/11/2019;2019;AUTOMOVIL;Bogota D.C.;1
ELECTRICO;ACTIVO;21/09/2019;2019;MOTOCICLETA;Cundinamarca;1
ELECTRICO;ACTIVO;10/12/2019;2019;AUTOMOVIL;Bogota D.C.;1
ELECTRICO;ACTIVO;28/02/2020;2020;AUTOMOVIL;Bogota D.C.;1
ELECTRICO;ACTIVO;28/02/2020;2020;AUTOMOVIL;Antioquia;1
ELECTRICO;ACTIVO;9/12/2019;2019;AUTOMOVIL;Bogota D.C.;1
ELECTRICO;ACTIVO;11/07/2020;2020;CAMION;Cundinamarca;1
ELECTRICO;ACTIVO;14/07/2020;2020;CAMION;Cundinamarca;1
ELECTRICO;ACTIVO;21/09/2020;2020;CAMION;Cundinamarca;1
ELECTRICO;ACTIVO;27/01/2020;2020;CAMION;Cundinamarca;1
ELECTRICO;ACTIVO;9/12/2019;2019;CAMION;Cundinamarca;1
ELECTRICO;ACTIVO;21/01/2020;2020;CAMION;Cundinamarca;1
ELECTRICO;ACTIVO;9/12/2019;2019;CAMION;Cundinamarca;1
ELECTRICO;ACTIVO;9/12/2019;2019;CAMION;Cundinamarca;1
ELECTRICO;ACTIVO;19/12/2019;2019;CAMION;Antioquia;1
ELECTRICO;ACTIVO;9/12/2019;2019;CAMION;Cundinamarca;1
ELECTRICO;ACTIVO;21/01/2020;2020;CAMION;Cundinamarca;1
ELECTRICO;ACTIVO;18/03/2020;2020;AUTOMOVIL;Bogota D.C.;1
ELECTRICO;ACTIVO;13/03/2020;2020;AUTOMOVIL;Bogota D.C.;1
ELECTRICO;ACTIVO;30/12/2020;2020;AUTOMOVIL;Antioquia;1
ELECTRICO;ACTIVO;24/02/2020;2020;AUTOMOVIL;Cundinamarca;1
ELECTRICO;ACTIVO;16/03/2020;2020;AUTOMOVIL;Bogota D.C.;1
ELECTRICO;ACTIVO;24/02/2020;2020;AUTOMOVIL;Cundinamarca;1
ELECTRICO;ACTIVO;5/03/2020;2020;AUTOMOVIL;Bogota D.C.;1
ELECTRICO;ACTIVO;28/02/2020;2020;AUTOMOVIL;Bogota D.C.;1
ELECTRICO;ACTIVO;29/02/2020;2020;AUTOMOVIL;Bogota D.C.;1
ELECTRICO;ACTIVO;9/03/2020;2020;AUTOMOVIL;Bogota D.C.;1
ELECTRICO;ACTIVO;29/02/2020;2020;AUTOMOVIL;Bogota D.C.;1
ELECTRICO;ACTIVO;9/11/2020;2020;BUS;Bogota D.C.;1
ELECTRICO;ACTIVO;9/11/2020;2020;BUS;Bogota D.C.;1
ELECTRICO;ACTIVO;9/11/2020;2020;BUS;Bogota D.C.;1
ELECTRICO;ACTIVO;9/11/2020;2020;BUS;Bogota D.C.;1
ELECTRICO;ACTIVO;23/03/2021;2021;CAMIONETA;Bogota D.C.;1
ELECTRICO;ACTIVO;19/11/2020;2020;BUS;Bogota D.C.;1
ELECTRICO;ACTIVO;11/11/2020;2020;BUS;Bogota D.C.;1
ELECTRICO;ACTIVO;11/11/2020;2020;BUS;Bogota D.C.;1
ELECTRICO;ACTIVO;13/12/2019;2019;AUTOMOVIL;Bogota D.C.;1
ELECTRICO;ACTIVO;30/11/2019;2019;AUTOMOVIL;Bogota D.C.;1
ELECTRICO;ACTIVO;30/11/2019;2019;AUTOMOVIL;Bogota D.C.;1
ELECTRICO;ACTIVO;15/11/2019;2019;AUTOMOVIL;Antioquia;1
ELECTRICO;ACTIVO;9/05/2019;2019;AUTOMOVIL;Bogota D.C.;1
ELECTRICO;ACTIVO;19/09/2019;2019;AUTOMOVIL;Cundinamarca;1
ELECTRICO;ACTIVO;28/12/2018;2018;CUADRICICLO;Antioquia;1
ELECTRICO;ACTIVO;14/08/2019;2019;AUTOMOVIL;Bogota D.C.;1
ELECTRICO;ACTIVO;16/08/2019;2019;AUTOMOVIL;Bogota D.C.;1
ELECTRICO;ACTIVO;22/08/2019;2019;AUTOMOVIL;Bogota D.C.;1
ELECTRICO;ACTIVO;8/11/2019;2019;AUTOMOVIL;Antioquia;1
ELECTRICO;ACTIVO;10/10/2019;2019;CUADRICICLO;Bogota D.C.;1
ELECTRICO;ACTIVO;29/10/2019;2019;CUADRICICLO;Bogota D.C.;1
ELECTRICO;ACTIVO;22/04/2019;2019;CUADRICICLO;Antioquia;1
ELECTRICO;ACTIVO;4/04/2019;2019;CUADRICICLO;Antioquia;1
ELECTRICO;ACTIVO;10/04/2019;2019;CUADRICICLO;Antioquia;1
ELECTRICO;ACTIVO;11/06/2021;2021;MOTOTRICICLO;Cundinamarca;1
ELECTRICO;ACTIVO;17/07/2020;2020;CUADRICICLO;Valle del Cauca;1
ELECTRICO;ACTIVO;13/09/2019;2019;CAMION;Cundinamarca;1
ELECTRICO;ACTIVO;13/09/2019;2019;CAMION;Cundinamarca;1
ELECTRICO;ACTIVO;13/09/2019;2019;CAMION;Cundinamarca;1
ELECTRICO;ACTIVO;12/07/2019;2019;AUTOMOVIL;Bogota D.C.;1
ELECTRICO;ACTIVO;30/11/2021;2021;AUTOMOVIL;Caldas;1
ELECTRICO;ACTIVO;16/10/2019;2019;AUTOMOVIL;Cundinamarca;1
ELECTRICO;ACTIVO;24/01/2020;2020;AUTOMOVIL;Bogota D.C.;1
ELECTRICO;ACTIVO;27/09/2019;2019;AUTOMOVIL;Bogota D.C.;1
ELECTRICO;ACTIVO;31/08/2019;2019;AUTOMOVIL;Antioquia;1
ELECTRICO;ACTIVO;31/08/2019;2019;AUTOMOVIL;Antioquia;1
ELECTRICO;ACTIVO;25/11/2020;2020;AUTOMOVIL;Cundinamarca;1
ELECTRICO;ACTIVO;8/06/2019;2019;AUTOMOVIL;Antioquia;1
ELECTRICO;ACTIVO;16/07/2019;2019;AUTOMOVIL;Bogota D.C.;1
ELECTRICO;ACTIVO;12/07/2019;2019;AUTOMOVIL;Bogota D.C.;1
ELECTRICO;ACTIVO;21/05/2019;2019;AUTOMOVIL;Bogota D.C.;1
ELECTRICO;ACTIVO;30/04/2019;2019;AUTOMOVIL;Antioquia;1
ELECTRICO;ACTIVO;20/05/2019;2019;AUTOMOVIL;Bogota D.C.;1
ELECTRICO;ACTIVO;30/04/2019;2019;AUTOMOVIL;Antioquia;1
ELECTRICO;ACTIVO;12/06/2019;2019;AUTOMOVIL;Bogota D.C.;1
ELECTRICO;ACTIVO;10/06/2019;2019;AUTOMOVIL;Bogota D.C.;1
ELECTRICO;ACTIVO;3/05/2019;2019;MOTOCICLETA;Antioquia;1
ELECTRICO;ACTIVO;7/07/2020;2020;CAMIONETA;Antioquia;1
ELECTRICO;ACTIVO;10/06/2020;2020;CAMIONETA;Antioquia;1
ELECTRICO;ACTIVO;20/06/2018;2018;AUTOMOVIL;Bogota D.C.;1
ELECTRICO;ACTIVO;23/11/2018;2018;AUTOMOVIL;Bogota D.C.;1
ELECTRICO;ACTIVO;26/02/2021;2021;AUTOMOVIL;Antioquia;1
ELECTRICO;ACTIVO;24/02/2021;2021;AUTOMOVIL;Cundinamarca;1
ELECTRICO;ACTIVO;24/02/2021;2021;AUTOMOVIL;Cundinamarca;1
ELECTRICO;ACTIVO;24/02/2021;2021;AUTOMOVIL;Cundinamarca;1
ELECTRICO;ACTIVO;2/10/2020;2020;AUTOMOVIL;Antioquia;1
ELECTRICO;ACTIVO;29/04/2019;2019;AUTOMOVIL;Bogota D.C.;1
ELECTRICO;ACTIVO;26/02/2021;2021;AUTOMOVIL;Antioquia;1
ELECTRICO;ACTIVO;5/10/2021;2021;AUTOMOVIL;Bogota D.C.;1
ELECTRICO;ACTIVO;3/02/2022;2022;AUTOMOVIL;Bogota D.C.;1
ELECTRICO;ACTIVO;26/02/2019;2019;MOTOCICLETA;Valle del Cauca;1
ELECTRICO;ACTIVO;9/02/2021;2021;CAMIONETA;Antioquia;1
ELECTRICO;ACTIVO;29/04/2021;2021;CAMIONETA;Bogota D.C.;1
ELECTRICO;ACTIVO;29/06/2021;2021;CAMIONETA;Bogota D.C.;1
ELECTRICO;ACTIVO;26/11/2021;2021;CAMIONETA;Bogota D.C.;1
ELECTRICO;ACTIVO;27/02/2021;2021;CAMIONETA;Bogota D.C.;1
ELECTRICO;ACTIVO;27/08/2020;2020;CAMIONETA;Bogota D.C.;1
ELECTRICO;ACTIVO;6/01/2021;2021;CAMIONETA;Bogota D.C.;1
ELECTRICO;ACTIVO;14/07/2020;2020;CAMIONETA;Bogota D.C.;1
ELECTRICO;ACTIVO;11/03/2020;2020;CUADRICICLO;Bolivar;1
ELECTRICO;ACTIVO;1/06/2021;2021;CUADRICICLO;Bogota D.C.;1
ELECTRICO;ACTIVO;24/09/2021;2021;CUADRICICLO;Antioquia;1
ELECTRICO;ACTIVO;26/08/2021;2021;CUADRICICLO;Antioquia;1
ELECTRICO;ACTIVO;27/10/2021;2021;CUADRICICLO;Antioquia;1
ELECTRICO;ACTIVO;30/06/2021;2021;CUADRICICLO;Bogota D.C.;1
ELECTRICO;ACTIVO;18/05/2021;2021;AUTOMOVIL;Cundinamarca;1
ELECTRICO;ACTIVO;9/06/2020;2020;AUTOMOVIL;Bogota D.C.;1
ELECTRICO;ACTIVO;6/02/2020;2020;TRICIMOTO;Valle del Cauca;1
ELECTRICO;ACTIVO;16/07/2019;2019;AUTOMOVIL;Bogota D.C.;1
ELECTRICO;ACTIVO;16/07/2019;2019;AUTOMOVIL;Bogota D.C.;1
ELECTRICO;ACTIVO;29/06/2021;2021;CAMIONETA;Antioquia;1
ELECTRICO;ACTIVO;11/03/2021;2021;AUTOMOVIL;Bogota D.C.;1
ELECTRICO;ACTIVO;11/05/2019;2019;AUTOMOVIL;Bogota D.C.;1
ELECTRICO;ACTIVO;24/11/2020;2020;MOTOCICLETA;Valle del Cauca;1
ELECTRICO;ACTIVO;5/06/2020;2020;AUTOMOVIL;Bogota D.C.;1
ELECTRICO;ACTIVO;28/10/2020;2020;MOTOCICLETA;Antioquia;1
ELECTRICO;ACTIVO;25/01/2020;2020;AUTOMOVIL;Bogota D.C.;1
ELECTRICO;ACTIVO;20/06/2019;2019;AUTOMOVIL;Antioquia;1
ELECTRICO;ACTIVO;28/06/2021;2021;CUADRICICLO;Cundinamarca;1
ELECTRICO;ACTIVO;19/07/2021;2021;AUTOMOVIL;Meta;1
ELECTRICO;ACTIVO;21/07/2021;2021;AUTOMOVIL;Santander;1
ELECTRICO;ACTIVO;16/06/2021;2021;CAMIONETA;Bogota D.C.;1
ELECTRICO;ACTIVO;5/03/2020;2020;TRICIMOTO;Valle del Cauca;1
ELECTRICO;ACTIVO;25/01/2022;2022;CUADRICICLO;Bogota D.C.;1
ELECTRICO;ACTIVO;26/11/2021;2021;CUADRICICLO;Bogota D.C.;1
ELECTRICO;ACTIVO;23/09/2021;2021;CUADRICICLO;Antioquia;1
ELECTRICO;ACTIVO;28/01/2021;2021;TRICIMOTO;Valle del Cauca;1
ELECTRICO;ACTIVO;30/10/2019;2019;AUTOMOVIL;Bogota D.C.;1
ELECTRICO;ACTIVO;31/08/2020;2020;AUTOMOVIL;Antioquia;1
ELECTRICO;ACTIVO;30/08/2019;2019;MOTOCICLETA;Cundinamarca;1
ELECTRICO;ACTIVO;23/06/2021;2021;CAMIONETA;Antioquia;1
ELECTRICO;ACTIVO;27/07/2021;2021;CAMIONETA;Antioquia;1
ELECTRICO;ACTIVO;16/11/2021;2021;CAMIONETA;Antioquia;1
ELECTRICO;ACTIVO;3/08/2019;2019;AUTOMOVIL;Cundinamarca;1
ELECTRICO;ACTIVO;30/07/2020;2020;AUTOMOVIL;Bogota D.C.;1
ELECTRICO;ACTIVO;27/02/2020;2020;AUTOMOVIL;Cundinamarca;1
ELECTRICO;ACTIVO;16/07/2019;2019;AUTOMOVIL;Antioquia;1
ELECTRICO;ACTIVO;31/07/2020;2020;CUADRICICLO;Bogota D.C.;1
ELECTRICO;ACTIVO;12/06/2020;2020;CUADRICICLO;Antioquia;1
ELECTRICO;ACTIVO;19/06/2020;2020;CUADRICICLO;Cundinamarca;1
ELECTRICO;ACTIVO;27/02/2021;2021;CUADRICICLO;Bogota D.C.;1
ELECTRICO;ACTIVO;8/06/2020;2020;CUADRICICLO;Antioquia;1
ELECTRICO;ACTIVO;16/06/2021;2021;CUADRICICLO;Cundinamarca;1
ELECTRICO;ACTIVO;27/10/2020;2020;MOTOTRICICLO;Bogota D.C.;1
ELECTRICO;ACTIVO;31/05/2021;2021;CUADRICICLO;Santander;1
ELECTRICO;ACTIVO;21/06/2021;2021;CUADRICICLO;Bogota D.C.;1
ELECTRICO;ACTIVO;14/05/2021;2021;MOTOCARRO;Cundinamarca;1
ELECTRICO;ACTIVO;24/08/2019;2019;CUADRICICLO;Bogota D.C.;1
ELECTRICO;ACTIVO;18/06/2019;2019;CUADRICICLO;Bogota D.C.;1
ELECTRICO;ACTIVO;24/07/2019;2019;CUADRICICLO;Bogota D.C.;1
ELECTRICO;ACTIVO;11/09/2019;2019;CUADRICICLO;Bogota D.C.;1
ELECTRICO;ACTIVO;10/09/2019;2019;CUADRICICLO;Bogota D.C.;1
ELECTRICO;ACTIVO;10/09/2019;2019;CUADRICICLO;Bogota D.C.;1
ELECTRICO;ACTIVO;29/05/2019;2019;CUADRICICLO;Bogota D.C.;1
ELECTRICO;ACTIVO;6/12/2019;2019;BUS;Antioquia;1
ELECTRICO;ACTIVO;6/12/2019;2019;BUS;Antioquia;1
ELECTRICO;ACTIVO;6/12/2019;2019;BUS;Antioquia;1
ELECTRICO;ACTIVO;28/11/2019;2019;BUS;Antioquia;1
ELECTRICO;ACTIVO;18/02/2020;2020;AUTOMOVIL;Bogota D.C.;1
ELECTRICO;ACTIVO;22/01/2021;2021;AUTOMOVIL;Antioquia;1
ELECTRICO;ACTIVO;24/02/2020;2020;AUTOMOVIL;Bogota D.C.;1
ELECTRICO;ACTIVO;14/12/2020;2020;AUTOMOVIL;Antioquia;1
ELECTRICO;ACTIVO;18/06/2020;2020;BUS;Antioquia;1
ELECTRICO;ACTIVO;11/10/2021;2021;CUADRICICLO;Antioquia;1
ELECTRICO;ACTIVO;19/08/2021;2021;CUADRICICLO;Bogota D.C.;1
ELECTRICO;ACTIVO;1/06/2021;2021;TRICIMOTO;Valle del Cauca;1
ELECTRICO;ACTIVO;21/12/2020;2020;MOTOTRICICLO;Cundinamarca;1
ELECTRICO;ACTIVO;12/10/2021;2021;CAMIONETA;Bogota D.C.;1
ELECTRICO;ACTIVO;27/10/2020;2020;AUTOMOVIL;Bogota D.C.;1
ELECTRICO;ACTIVO;12/03/2021;2021;CAMIONETA;Antioquia;1
ELECTRICO;ACTIVO;20/12/2019;2019;AUTOMOVIL;Bogota D.C.;1
ELECTRICO;ACTIVO;19/03/2020;2020;AUTOMOVIL;Antioquia;1
ELECTRICO;ACTIVO;28/12/2020;2020;CUADRICICLO;Antioquia;1
ELECTRICO;ACTIVO;28/12/2020;2020;CUADRICICLO;Antioquia;1
ELECTRICO;ACTIVO;30/07/2020;2020;CUADRICICLO;Antioquia;1
ELECTRICO;ACTIVO;15/02/2021;2021;CUADRICICLO;Antioquia;1
ELECTRICO;ACTIVO;30/07/2020;2020;CUADRICICLO;Antioquia;1
ELECTRICO;ACTIVO;28/12/2020;2020;CUADRICICLO;Antioquia;1
ELECTRICO;ACTIVO;30/07/2020;2020;CUADRICICLO;Antioquia;1
ELECTRICO;ACTIVO;10/03/2022;2022;CAMIONETA;Bogota D.C.;1
ELECTRICO;ACTIVO;16/09/2021;2021;CAMIONETA;Bogota D.C.;1
ELECTRICO;ACTIVO;6/10/2021;2021;CAMIONETA;Antioquia;1
ELECTRICO;ACTIVO;28/12/2020;2020;CUADRICICLO;Antioquia;1
ELECTRICO;ACTIVO;30/12/2020;2020;CUADRICICLO;Antioquia;1
ELECTRICO;ACTIVO;22/01/2022;2022;AUTOMOVIL;Bogota D.C.;1
ELECTRICO;ACTIVO;7/12/2021;2021;AUTOMOVIL;Caldas;1
ELECTRICO;ACTIVO;3/12/2021;2021;CAMIONETA;Norte de Santander;1
ELECTRICO;ACTIVO;12/10/2021;2021;CAMIONETA;Bogota D.C.;1
ELECTRICO;ACTIVO;20/11/2020;2020;MOTOCARRO;Cundinamarca;1
ELECTRICO;ACTIVO;14/02/2020;2020;TRICIMOTO;Valle del Cauca;1
ELECTRICO;ACTIVO;22/12/2020;2020;CUADRICICLO;Santander;1
ELECTRICO;ACTIVO;19/12/2020;2020;CUADRICICLO;Antioquia;1
ELECTRICO;ACTIVO;4/03/2021;2021;CUADRICICLO;Bogota D.C.;1
ELECTRICO;ACTIVO;29/12/2021;2021;CAMIONETA;Bogota D.C.;1
ELECTRICO;ACTIVO;27/11/2021;2021;CAMIONETA;Antioquia;1
ELECTRICO;ACTIVO;2/12/2021;2021;CAMIONETA;Bogota D.C.;1
ELECTRICO;ACTIVO;15/01/2022;2022;CAMIONETA;Bogota D.C.;1
ELECTRICO;ACTIVO;3/12/2021;2021;CAMIONETA;Norte de Santander;1
ELECTRICO;ACTIVO;5/11/2021;2021;CAMIONETA;Bogota D.C.;1
ELECTRICO;ACTIVO;8/02/2022;2022;CAMIONETA;Cauca;1
ELECTRICO;ACTIVO;7/02/2022;2022;CAMIONETA;Cauca;1
ELECTRICO;ACTIVO;27/05/2021;2021;CAMIONETA;Bogota D.C.;1
ELECTRICO;ACTIVO;16/09/2020;2020;CUADRICICLO;Antioquia;1
ELECTRICO;ACTIVO;11/09/2020;2020;AUTOMOVIL;Bogota D.C.;1
ELECTRICO;ACTIVO;16/01/2020;2020;AUTOMOVIL;Bogota D.C.;1
ELECTRICO;ACTIVO;17/11/2021;2021;CAMIONETA;Cundinamarca;1
ELECTRICO;ACTIVO;9/09/2019;2019;BUS;Valle del Cauca;1
ELECTRICO;ACTIVO;4/05/2021;2021;CAMIONETA;Antioquia;1
ELECTRICO;ACTIVO;11/03/2020;2020;CAMIONETA;Antioquia;1
ELECTRICO;ACTIVO;11/05/2021;2021;CUADRICICLO;Antioquia;1
ELECTRICO;ACTIVO;16/12/2020;2020;AUTOMOVIL;Cundinamarca;1
ELECTRICO;ACTIVO;27/08/2021;2021;AUTOMOVIL;Antioquia;1
ELECTRICO;ACTIVO;22/07/2021;2021;CAMIONETA;Cundinamarca;1
ELECTRICO;ACTIVO;20/01/2022;2022;AUTOMOVIL;Bogota D.C.;1
ELECTRICO;ACTIVO;25/10/2021;2021;AUTOMOVIL;Bogota D.C.;1
ELECTRICO;ACTIVO;30/09/2020;2020;AUTOMOVIL;Bogota D.C.;1
ELECTRICO;ACTIVO;1/02/2021;2021;BUS;Bogota D.C.;1
ELECTRICO;ACTIVO;2/02/2021;2021;BUS;Bogota D.C.;1
ELECTRICO;ACTIVO;1/02/2021;2021;BUS;Bogota D.C.;1
ELECTRICO;ACTIVO;1/02/2021;2021;BUS;Bogota D.C.;1
ELECTRICO;ACTIVO;4/02/2021;2021;BUS;Bogota D.C.;1
ELECTRICO;ACTIVO;1/02/2021;2021;BUS;Bogota D.C.;1
ELECTRICO;ACTIVO;2/02/2021;2021;BUS;Bogota D.C.;1
ELECTRICO;ACTIVO;1/02/2021;2021;BUS;Bogota D.C.;1
ELECTRICO;ACTIVO;27/09/2019;2019;CAMIONETA;Antioquia;1
ELECTRICO;ACTIVO;30/12/2019;2019;CAMIONETA;Cundinamarca;1
ELECTRICO;ACTIVO;14/07/2020;2020;CAMIONETA;Bogota D.C.;1
ELECTRICO;ACTIVO;12/06/2020;2020;CAMIONETA;Bogota D.C.;1
ELECTRICO;ACTIVO;1/02/2021;2021;BUS;Bogota D.C.;1
ELECTRICO;ACTIVO;1/02/2021;2021;BUS;Bogota D.C.;1
ELECTRICO;ACTIVO;1/02/2021;2021;BUS;Bogota D.C.;1
ELECTRICO;ACTIVO;1/02/2021;2021;BUS;Bogota D.C.;1
ELECTRICO;ACTIVO;1/02/2021;2021;BUS;Bogota D.C.;1
ELECTRICO;ACTIVO;3/10/2019;2019;AUTOMOVIL;Bogota D.C.;1
ELECTRICO;ACTIVO;5/03/2021;2021;CAMIONETA;Antioquia;1
ELECTRICO;ACTIVO;30/07/2021;2021;CUADRICICLO;Valle del Cauca;1
ELECTRICO;ACTIVO;27/01/2021;2021;CAMIONETA;Antioquia;1
ELECTRICO;ACTIVO;25/02/2021;2021;AUTOMOVIL;Santander;1
ELECTRICO;ACTIVO;25/02/2021;2021;AUTOMOVIL;Santander;1
ELECTRICO;ACTIVO;26/06/2020;2020;AUTOMOVIL;Cundinamarca;1
ELECTRICO;ACTIVO;9/03/2020;2020;AUTOMOVIL;Bogota D.C.;1
ELECTRICO;ACTIVO;29/05/2021;2021;CAMIONETA;Antioquia;1
ELECTRICO;ACTIVO;7/07/2020;2020;CAMIONETA;Antioquia;1
ELECTRICO;ACTIVO;28/12/2020;2020;MOTOCICLETA;Antioquia;1
ELECTRICO;ACTIVO;4/10/2019;2019;AUTOMOVIL;Bogota D.C.;1
ELECTRICO;ACTIVO;30/10/2019;2019;AUTOMOVIL;Bogota D.C.;1
ELECTRICO;ACTIVO;8/03/2021;2021;CAMIONETA;Bogota D.C.;1
ELECTRICO;ACTIVO;13/01/2021;2021;MOTOCICLETA;Antioquia;1
ELECTRICO;ACTIVO;11/07/2020;2020;AUTOMOVIL;Antioquia;1
ELECTRICO;ACTIVO;6/03/2020;2020;CUADRICICLO;Bogota D.C.;1
ELECTRICO;ACTIVO;19/02/2021;2021;CUADRICICLO;Bogota D.C.;1
ELECTRICO;ACTIVO;23/12/2020;2020;CUADRICICLO;Bogota D.C.;1
ELECTRICO;ACTIVO;30/11/2020;2020;CUADRICICLO;Bogota D.C.;1
ELECTRICO;ACTIVO;15/12/2020;2020;CAMIONETA;Cundinamarca;1
ELECTRICO;ACTIVO;5/08/2020;2020;CAMIONETA;Antioquia;1
ELECTRICO;ACTIVO;12/10/2021;2021;AUTOMOVIL;Bogota D.C.;1
ELECTRICO;ACTIVO;12/03/2020;2020;AUTOMOVIL;Bogota D.C.;1
ELECTRICO;ACTIVO;17/09/2019;2019;AUTOMOVIL;Bogota D.C.;1
ELECTRICO;ACTIVO;31/10/2019;2019;AUTOMOVIL;Bogota D.C.;1
ELECTRICO;ACTIVO;18/03/2020;2020;AUTOMOVIL;Antioquia;1
ELECTRICO;ACTIVO;31/10/2019;2019;AUTOMOVIL;Antioquia;1
ELECTRICO;ACTIVO;30/11/2019;2019;AUTOMOVIL;Bogota D.C.;1
ELECTRICO;ACTIVO;23/10/2020;2020;CUADRICICLO;Bogota D.C.;1
ELECTRICO;ACTIVO;9/09/2019;2019;BUS;Valle del Cauca;1
ELECTRICO;ACTIVO;14/10/2021;2021;AUTOMOVIL;Bogota D.C.;1
ELECTRICO;ACTIVO;8/06/2020;2020;AUTOMOVIL;Antioquia;1
ELECTRICO;ACTIVO;24/01/2020;2020;AUTOMOVIL;Bogota D.C.;1
ELECTRICO;ACTIVO;22/04/2021;2021;TRICIMOTO;Valle del Cauca;1
ELECTRICO;ACTIVO;31/01/2022;2022;CAMION;Antioquia;1
ELECTRICO;ACTIVO;31/01/2022;2022;CAMION;Antioquia;1
ELECTRICO;ACTIVO;30/05/2020;2020;AUTOMOVIL;Bogota D.C.;1
ELECTRICO;ACTIVO;2/06/2020;2020;MOTOCICLETA;Antioquia;1
ELECTRICO;ACTIVO;3/03/2021;2021;MOTOCARRO;Cundinamarca;1
ELECTRICO;ACTIVO;17/11/2021;2021;CAMIONETA;Santander;1
ELECTRICO;ACTIVO;15/10/2021;2021;CAMIONETA;Bogota D.C.;1
ELECTRICO;ACTIVO;17/12/2021;2021;CUADRICICLO;Bogota D.C.;1
ELECTRICO;ACTIVO;30/12/2021;2021;BUS;Bogota D.C.;1
ELECTRICO;ACTIVO;3/11/2021;2021;CAMION;Antioquia;1
ELECTRICO;ACTIVO;3/11/2021;2021;CAMION;Antioquia;1
ELECTRICO;ACTIVO;3/11/2021;2021;CAMION;Antioquia;1
ELECTRICO;ACTIVO;1/02/2022;2022;CAMION;Antioquia;1
ELECTRICO;ACTIVO;29/09/2021;2021;TRICIMOTO;Bogota D.C.;1
ELECTRICO;ACTIVO;30/12/2021;2021;AUTOMOVIL;Cundinamarca;1
ELECTRICO;ACTIVO;15/02/2022;2022;AUTOMOVIL;Antioquia;1
ELECTRICO;ACTIVO;15/03/2022;2022;AUTOMOVIL;Cundinamarca;1
ELECTRICO;ACTIVO;17/09/2021;2021;AUTOMOVIL;Antioquia;1
ELECTRICO;ACTIVO;17/09/2021;2021;AUTOMOVIL;Valle del Cauca;1
ELECTRICO;ACTIVO;16/09/2021;2021;AUTOMOVIL;Cundinamarca;1
ELECTRICO;ACTIVO;29/12/2021;2021;AUTOMOVIL;Cundinamarca;1
ELECTRICO;ACTIVO;29/12/2021;2021;AUTOMOVIL;Antioquia;1
ELECTRICO;ACTIVO;30/12/2021;2021;AUTOMOVIL;Bogota D.C.;1
ELECTRICO;ACTIVO;12/03/2021;2021;CAMION;Cundinamarca;1
ELECTRICO;ACTIVO;9/04/2021;2021;TRICIMOTO;Valle del Cauca;1
ELECTRICO;ACTIVO;3/03/2022;2022;AUTOMOVIL;Cundinamarca;1
ELECTRICO;ACTIVO;9/02/2022;2022;AUTOMOVIL;Bogota D.C.;1
ELECTRICO;ACTIVO;15/12/2021;2021;AUTOMOVIL;Bogota D.C.;1
ELECTRICO;ACTIVO;29/12/2021;2021;AUTOMOVIL;Bogota D.C.;1
ELECTRICO;ACTIVO;9/11/2020;2020;BUS;Bogota D.C.;1
ELECTRICO;ACTIVO;9/11/2020;2020;BUS;Bogota D.C.;1
ELECTRICO;ACTIVO;9/11/2020;2020;BUS;Bogota D.C.;1
ELECTRICO;ACTIVO;10/11/2020;2020;BUS;Bogota D.C.;1
ELECTRICO;ACTIVO;10/11/2020;2020;BUS;Bogota D.C.;1
ELECTRICO;ACTIVO;10/11/2020;2020;BUS;Bogota D.C.;1
ELECTRICO;ACTIVO;10/11/2020;2020;BUS;Bogota D.C.;1
ELECTRICO;ACTIVO;10/11/2020;2020;BUS;Bogota D.C.;1
ELECTRICO;ACTIVO;3/11/2020;2020;BUS;Bogota D.C.;1
ELECTRICO;ACTIVO;10/11/2020;2020;BUS;Bogota D.C.;1
ELECTRICO;ACTIVO;10/11/2020;2020;BUS;Bogota D.C.;1
ELECTRICO;ACTIVO;10/11/2020;2020;BUS;Bogota D.C.;1
ELECTRICO;ACTIVO;22/11/2021;2021;CAMIONETA;Bogota D.C.;1
ELECTRICO;ACTIVO;22/11/2021;2021;CAMIONETA;Bogota D.C.;1
ELECTRICO;ACTIVO;28/09/2021;2021;AUTOMOVIL;Bogota D.C.;1
ELECTRICO;ACTIVO;28/12/2021;2021;AUTOMOVIL;Bogota D.C.;1
ELECTRICO;ACTIVO;26/10/2021;2021;AUTOMOVIL;Bogota D.C.;1
ELECTRICO;ACTIVO;17/11/2021;2021;CAMIONETA;Cundinamarca;1
ELECTRICO;ACTIVO;17/11/2021;2021;CAMIONETA;Cundinamarca;1
ELECTRICO;ACTIVO;24/11/2021;2021;CAMIONETA;Cundinamarca;1
ELECTRICO;ACTIVO;4/12/2020;2020;BUS;Bogota D.C.;1
ELECTRICO;ACTIVO;4/12/2020;2020;BUS;Bogota D.C.;1
ELECTRICO;ACTIVO;4/12/2020;2020;BUS;Bogota D.C.;1
ELECTRICO;ACTIVO;14/11/2020;2020;BUS;Bogota D.C.;1
ELECTRICO;ACTIVO;4/12/2020;2020;BUS;Bogota D.C.;1
ELECTRICO;ACTIVO;4/12/2020;2020;BUS;Bogota D.C.;1
ELECTRICO;ACTIVO;4/12/2020;2020;BUS;Bogota D.C.;1
ELECTRICO;ACTIVO;4/12/2020;2020;BUS;Bogota D.C.;1
ELECTRICO;ACTIVO;4/12/2020;2020;BUS;Bogota D.C.;1
ELECTRICO;ACTIVO;14/11/2020;2020;BUS;Bogota D.C.;1
ELECTRICO;ACTIVO;4/12/2020;2020;BUS;Bogota D.C.;1
ELECTRICO;ACTIVO;8/11/2021;2021;CAMIONETA;Bogota D.C.;1
ELECTRICO;ACTIVO;13/05/2021;2021;CUADRICICLO;Antioquia;1
ELECTRICO;ACTIVO;11/05/2021;2021;CUADRICICLO;Antioquia;1
ELECTRICO;ACTIVO;11/01/2022;2022;CAMIONETA;Bogota D.C.;1
ELECTRICO;ACTIVO;25/02/2021;2021;AUTOMOVIL;Santander;1
ELECTRICO;ACTIVO;24/06/2021;2021;AUTOMOVIL;Bogota D.C.;1
ELECTRICO;ACTIVO;2/12/2021;2021;CAMIONETA;Bogota D.C.;1
ELECTRICO;ACTIVO;4/06/2021;2021;TRICIMOTO;Valle del Cauca;1
ELECTRICO;ACTIVO;22/09/2020;2020;AUTOMOVIL;Antioquia;1
ELECTRICO;ACTIVO;27/05/2020;2020;CAMIONETA;Bogota D.C.;1
ELECTRICO;ACTIVO;23/05/2020;2020;CAMIONETA;Bogota D.C.;1
ELECTRICO;ACTIVO;22/05/2020;2020;CAMIONETA;Bogota D.C.;1
ELECTRICO;ACTIVO;8/02/2022;2022;BUS;Bogota D.C.;1
ELECTRICO;ACTIVO;12/03/2022;2022;BUS;Bogota D.C.;1
ELECTRICO;ACTIVO;21/01/2022;2022;BUS;Bogota D.C.;1
ELECTRICO;ACTIVO;21/01/2022;2022;BUS;Bogota D.C.;1
ELECTRICO;ACTIVO;21/01/2022;2022;BUS;Bogota D.C.;1
ELECTRICO;ACTIVO;31/01/2022;2022;BUS;Bogota D.C.;1
ELECTRICO;ACTIVO;31/01/2022;2022;BUS;Bogota D.C.;1
ELECTRICO;ACTIVO;19/02/2022;2022;BUS;Bogota D.C.;1
ELECTRICO;ACTIVO;25/02/2022;2022;BUS;Bogota D.C.;1
ELECTRICO;ACTIVO;23/08/2021;2021;AUTOMOVIL;Bogota D.C.;1
ELECTRICO;ACTIVO;25/09/2021;2021;AUTOMOVIL;Bogota D.C.;1
ELECTRICO;ACTIVO;23/08/2021;2021;AUTOMOVIL;Bogota D.C.;1
ELECTRICO;ACTIVO;25/11/2021;2021;AUTOMOVIL;Antioquia;1
ELECTRICO;ACTIVO;13/09/2021;2021;AUTOMOVIL;Antioquia;1
ELECTRICO;ACTIVO;21/01/2022;2022;BUS;Bogota D.C.;1
ELECTRICO;ACTIVO;24/01/2022;2022;BUS;Bogota D.C.;1
ELECTRICO;ACTIVO;24/01/2022;2022;BUS;Bogota D.C.;1
ELECTRICO;ACTIVO;31/01/2022;2022;BUS;Bogota D.C.;1
ELECTRICO;ACTIVO;24/01/2022;2022;BUS;Bogota D.C.;1
ELECTRICO;ACTIVO;9/12/2021;2021;CAMIONETA;Antioquia;1
ELECTRICO;ACTIVO;20/03/2020;2020;CAMIONETA;Antioquia;1
ELECTRICO;ACTIVO;20/03/2020;2020;CAMIONETA;Antioquia;1
ELECTRICO;ACTIVO;3/09/2020;2020;CAMIONETA;Antioquia;1
ELECTRICO;ACTIVO;18/02/2022;2022;BUS;Bogota D.C.;1
ELECTRICO;ACTIVO;5/02/2022;2022;BUS;Bogota D.C.;1
ELECTRICO;ACTIVO;31/01/2022;2022;BUS;Bogota D.C.;1
ELECTRICO;ACTIVO;27/02/2022;2022;BUS;Bogota D.C.;1
ELECTRICO;ACTIVO;1/02/2022;2022;BUS;Bogota D.C.;1
ELECTRICO;ACTIVO;1/02/2022;2022;BUS;Bogota D.C.;1
ELECTRICO;ACTIVO;22/01/2022;2022;BUS;Bogota D.C.;1
ELECTRICO;ACTIVO;1/02/2022;2022;BUS;Bogota D.C.;1
ELECTRICO;ACTIVO;18/02/2022;2022;BUS;Bogota D.C.;1
ELECTRICO;ACTIVO;29/04/2021;2021;AUTOMOVIL;Antioquia;1
ELECTRICO;ACTIVO;30/12/2021;2021;AUTOMOVIL;Valle del Cauca;1
ELECTRICO;ACTIVO;27/12/2021;2021;AUTOMOVIL;Bogota D.C.;1
ELECTRICO;ACTIVO;28/02/2022;2022;AUTOMOVIL;Antioquia;1
ELECTRICO;ACTIVO;27/12/2021;2021;AUTOMOVIL;Bogota D.C.;1
ELECTRICO;ACTIVO;11/11/2021;2021;CAMIONETA;Bogota D.C.;1
ELECTRICO;ACTIVO;18/02/2022;2022;BUS;Bogota D.C.;1
ELECTRICO;ACTIVO;22/01/2022;2022;BUS;Bogota D.C.;1
ELECTRICO;ACTIVO;2/02/2022;2022;BUS;Bogota D.C.;1
ELECTRICO;ACTIVO;17/09/2021;2021;AUTOMOVIL;Bogota D.C.;1
ELECTRICO;ACTIVO;10/11/2021;2021;MOTOCARRO;Cundinamarca;1
ELECTRICO;ACTIVO;26/11/2021;2021;AUTOMOVIL;Bogota D.C.;1
ELECTRICO;ACTIVO;24/01/2022;2022;BUS;Bogota D.C.;1
ELECTRICO;ACTIVO;24/01/2022;2022;BUS;Bogota D.C.;1
ELECTRICO;ACTIVO;31/01/2022;2022;BUS;Bogota D.C.;1
ELECTRICO;ACTIVO;29/12/2020;2020;CAMIONETA;Cundinamarca;1
ELECTRICO;ACTIVO;29/12/2020;2020;CAMIONETA;Cundinamarca;1
ELECTRICO;ACTIVO;29/12/2020;2020;CAMIONETA;Cundinamarca;1
ELECTRICO;ACTIVO;28/12/2021;2021;AUTOMOVIL;Antioquia;1
ELECTRICO;ACTIVO;12/11/2020;2020;BUS;Bogota D.C.;1
ELECTRICO;ACTIVO;11/11/2020;2020;BUS;Bogota D.C.;1
ELECTRICO;ACTIVO;28/10/2020;2020;AUTOMOVIL;Meta;1
ELECTRICO;ACTIVO;13/11/2020;2020;BUS;Bogota D.C.;1
ELECTRICO;ACTIVO;12/11/2020;2020;BUS;Bogota D.C.;1
ELECTRICO;ACTIVO;11/11/2020;2020;BUS;Bogota D.C.;1
ELECTRICO;ACTIVO;11/11/2020;2020;BUS;Bogota D.C.;1
ELECTRICO;ACTIVO;4/12/2019;2019;MOTOCICLETA;Bogota D.C.;1
ELECTRICO;ACTIVO;29/12/2020;2020;BUS;Valle del Cauca;1
ELECTRICO;ACTIVO;11/03/2020;2020;AUTOMOVIL;Bogota D.C.;1
ELECTRICO;ACTIVO;19/07/2021;2021;AUTOMOVIL;Meta;1
ELECTRICO;ACTIVO;13/04/2021;2021;AUTOMOVIL;Bogota D.C.;1
ELECTRICO;ACTIVO;1/02/2022;2022;CAMIONETA;Bogota D.C.;1
ELECTRICO;ACTIVO;30/12/2021;2021;BUS;Bogota D.C.;1
ELECTRICO;ACTIVO;30/12/2021;2021;BUS;Bogota D.C.;1
ELECTRICO;ACTIVO;19/01/2022;2022;BUS;Bogota D.C.;1
ELECTRICO;ACTIVO;15/01/2022;2022;BUS;Bogota D.C.;1
ELECTRICO;ACTIVO;15/01/2022;2022;BUS;Bogota D.C.;1
ELECTRICO;ACTIVO;15/01/2022;2022;BUS;Bogota D.C.;1
ELECTRICO;ACTIVO;15/01/2022;2022;BUS;Bogota D.C.;1
ELECTRICO;ACTIVO;19/01/2022;2022;BUS;Bogota D.C.;1
ELECTRICO;ACTIVO;29/12/2021;2021;CAMION;Antioquia;1
ELECTRICO;ACTIVO;28/01/2021;2021;CAMIONETA;Cundinamarca;1
ELECTRICO;ACTIVO;26/03/2021;2021;CAMIONETA;Valle del Cauca;1
ELECTRICO;ACTIVO;30/11/2021;2021;AUTOMOVIL;Antioquia;1
ELECTRICO;ACTIVO;26/11/2021;2021;AUTOMOVIL;Bogota D.C.;1
ELECTRICO;ACTIVO;30/12/2021;2021;AUTOMOVIL;Bogota D.C.;1
ELECTRICO;ACTIVO;30/12/2021;2021;BUS;Bogota D.C.;1
ELECTRICO;ACTIVO;14/09/2021;2021;AUTOMOVIL;Bogota D.C.;1
ELECTRICO;ACTIVO;23/08/2021;2021;AUTOMOVIL;Bogota D.C.;1
ELECTRICO;ACTIVO;6/08/2021;2021;AUTOMOVIL;Bogota D.C.;1
ELECTRICO;ACTIVO;22/09/2021;2021;AUTOMOVIL;Bogota D.C.;1
ELECTRICO;ACTIVO;3/08/2021;2021;AUTOMOVIL;Meta;1
ELECTRICO;ACTIVO;20/12/2021;2021;CAMIONETA;Antioquia;1
ELECTRICO;ACTIVO;28/12/2020;2020;CUADRICICLO;Antioquia;1
ELECTRICO;ACTIVO;28/12/2020;2020;CUADRICICLO;Antioquia;1
ELECTRICO;ACTIVO;28/12/2020;2020;CUADRICICLO;Antioquia;1
ELECTRICO;ACTIVO;28/12/2020;2020;CUADRICICLO;Antioquia;1
ELECTRICO;ACTIVO;31/07/2020;2020;CUADRICICLO;Antioquia;1
ELECTRICO;ACTIVO;31/07/2020;2020;CUADRICICLO;Antioquia;1
ELECTRICO;ACTIVO;31/07/2020;2020;CUADRICICLO;Antioquia;1
ELECTRICO;ACTIVO;28/12/2020;2020;CUADRICICLO;Antioquia;1
ELECTRICO;ACTIVO;31/07/2020;2020;CUADRICICLO;Antioquia;1
ELECTRICO;ACTIVO;28/12/2020;2020;CUADRICICLO;Antioquia;1
ELECTRICO;ACTIVO;30/07/2020;2020;CUADRICICLO;Antioquia;1
ELECTRICO;ACTIVO;10/11/2021;2021;CAMIONETA;Antioquia;1
ELECTRICO;ACTIVO;8/09/2020;2020;CUADRICICLO;Cundinamarca;1
ELECTRICO;ACTIVO;3/12/2020;2020;BUS;Bogota D.C.;1
ELECTRICO;ACTIVO;3/12/2020;2020;BUS;Bogota D.C.;1
ELECTRICO;ACTIVO;3/12/2020;2020;BUS;Bogota D.C.;1
ELECTRICO;ACTIVO;3/12/2020;2020;BUS;Bogota D.C.;1
ELECTRICO;ACTIVO;3/12/2020;2020;BUS;Bogota D.C.;1
ELECTRICO;ACTIVO;3/12/2020;2020;BUS;Bogota D.C.;1
ELECTRICO;ACTIVO;14/05/2021;2021;MOTOCARRO;Cundinamarca;1
ELECTRICO;ACTIVO;3/03/2021;2021;MOTOCARRO;Cundinamarca;1
ELECTRICO;ACTIVO;3/03/2021;2021;MOTOCARRO;Cundinamarca;1
ELECTRICO;ACTIVO;29/10/2020;2020;AUTOMOVIL;Bogota D.C.;1
ELECTRICO;ACTIVO;10/02/2021;2021;AUTOMOVIL;Bogota D.C.;1
ELECTRICO;ACTIVO;31/10/2020;2020;AUTOMOVIL;Antioquia;1
ELECTRICO;ACTIVO;18/01/2022;2022;CAMIONETA;Cundinamarca;1
ELECTRICO;ACTIVO;31/01/2022;2022;CAMIONETA;Atlantico;1
ELECTRICO;ACTIVO;28/12/2021;2021;CAMIONETA;Cundinamarca;1
ELECTRICO;ACTIVO;10/11/2021;2021;MOTOCARRO;Cundinamarca;1
ELECTRICO;ACTIVO;10/02/2020;2020;AUTOMOVIL;Valle del Cauca;1
ELECTRICO;ACTIVO;10/11/2020;2020;BUS;Bogota D.C.;1
ELECTRICO;ACTIVO;30/12/2021;2021;CAMIONETA;Valle del Cauca;1
ELECTRICO;ACTIVO;22/09/2021;2021;CAMIONETA;Antioquia;1
ELECTRICO;ACTIVO;14/09/2021;2021;CAMIONETA;Valle del Cauca;1
ELECTRICO;ACTIVO;23/02/2022;2022;CAMIONETA;Bolivar;1
ELECTRICO;ACTIVO;20/03/2020;2020;CAMIONETA;Antioquia;1
ELECTRICO;ACTIVO;24/02/2022;2022;CAMIONETA;Bogota D.C.;1
ELECTRICO;ACTIVO;10/11/2020;2020;MOTOTRICICLO;Cundinamarca;1
ELECTRICO;ACTIVO;9/12/2021;2021;CAMIONETA;Antioquia;1
ELECTRICO;ACTIVO;25/09/2020;2020;BUS;Cordoba;1
ELECTRICO;ACTIVO;25/09/2020;2020;BUS;Cordoba;1
ELECTRICO;ACTIVO;14/07/2021;2021;CAMION;Antioquia;1
ELECTRICO;ACTIVO;26/11/2021;2021;CAMION;Antioquia;1
ELECTRICO;ACTIVO;26/03/2021;2021;CAMION;Antioquia;1
ELECTRICO;ACTIVO;18/01/2021;2021;CAMION;Cundinamarca;1
ELECTRICO;ACTIVO;15/09/2020;2020;CAMION;Antioquia;1
ELECTRICO;ACTIVO;9/03/2020;2020;CAMION;Cundinamarca;1
ELECTRICO;ACTIVO;20/01/2022;2022;CAMION;Antioquia;1
ELECTRICO;ACTIVO;25/11/2021;2021;CAMION;Antioquia;1
ELECTRICO;ACTIVO;27/11/2021;2021;CAMION;Antioquia;1
ELECTRICO;ACTIVO;21/02/2022;2022;AUTOMOVIL;Bogota D.C.;1
ELECTRICO;ACTIVO;16/12/2020;2020;AUTOMOVIL;Bogota D.C.;1
ELECTRICO;ACTIVO;21/09/2021;2021;TRICIMOTO;Cundinamarca;1
ELECTRICO;ACTIVO;13/01/2022;2022;AUTOMOVIL;Atlantico;1
ELECTRICO;ACTIVO;23/12/2021;2021;CUADRICICLO;Antioquia;1
ELECTRICO;ACTIVO;16/12/2021;2021;CUADRICICLO;Antioquia;1
ELECTRICO;ACTIVO;10/12/2020;2020;MOTOCICLETA;Antioquia;1
ELECTRICO;ACTIVO;31/05/2021;2021;AUTOMOVIL;Bogota D.C.;1
ELECTRICO;ACTIVO;18/06/2020;2020;BUS;Antioquia;1
ELECTRICO;ACTIVO;2/11/2021;2021;AUTOMOVIL;Bogota D.C.;1
ELECTRICO;ACTIVO;5/11/2020;2020;AUTOMOVIL;Antioquia;1
ELECTRICO;ACTIVO;8/11/2021;2021;CAMIONETA;Antioquia;1
ELECTRICO;ACTIVO;27/02/2022;2022;BUS;Bogota D.C.;1
ELECTRICO;ACTIVO;8/02/2022;2022;MOTOCICLETA;Antioquia;1
ELECTRICO;ACTIVO;18/01/2022;2022;CAMIONETA;Bogota D.C.;1
ELECTRICO;ACTIVO;25/01/2022;2022;AUTOMOVIL;Bogota D.C.;1
ELECTRICO;ACTIVO;25/01/2022;2022;AUTOMOVIL;Bogota D.C.;1
ELECTRICO;ACTIVO;1/02/2022;2022;CUADRICICLO;Antioquia;1
ELECTRICO;ACTIVO;25/03/2022;2022;CUADRICICLO;Antioquia;1
ELECTRICO;ACTIVO;28/01/2022;2022;BUS;Bogota D.C.;1
ELECTRICO;ACTIVO;25/03/2022;2022;CUADRICICLO;Antioquia;1
ELECTRICO;ACTIVO;25/03/2022;2022;CUADRICICLO;Antioquia;1
ELECTRICO;ACTIVO;28/01/2022;2022;BUS;Bogota D.C.;1
ELECTRICO;ACTIVO;28/01/2022;2022;BUS;Bogota D.C.;1
ELECTRICO;ACTIVO;23/03/2022;2022;BUS;Bogota D.C.;1
ELECTRICO;ACTIVO;17/03/2022;2022;BUS;Bogota D.C.;1
ELECTRICO;ACTIVO;17/03/2022;2022;BUS;Bogota D.C.;1
ELECTRICO;ACTIVO;17/03/2022;2022;BUS;Bogota D.C.;1
ELECTRICO;ACTIVO;26/02/2022;2022;BUS;Bogota D.C.;1
ELECTRICO;ACTIVO;26/02/2022;2022;BUS;Bogota D.C.;1
ELECTRICO;ACTIVO;11/03/2022;2022;CAMIONETA;Antioquia;1
ELECTRICO;ACTIVO;30/03/2022;2022;CUADRICICLO;Bogota D.C.;1
ELECTRICO;ACTIVO;7/03/2022;2022;AUTOMOVIL;Bogota D.C.;1
ELECTRICO;ACTIVO;18/03/2022;2022;BUS;Bogota D.C.;1
ELECTRICO;ACTIVO;14/03/2022;2022;BUS;Bogota D.C.;1
ELECTRICO;ACTIVO;14/03/2022;2022;BUS;Bogota D.C.;1
ELECTRICO;ACTIVO;11/03/2022;2022;CAMIONETA;Antioquia;1
ELECTRICO;ACTIVO;3/03/2022;2022;CAMIONETA;Cundinamarca;1
ELECTRICO;ACTIVO;24/02/2022;2022;BUS;Bogota D.C.;1
ELECTRICO;ACTIVO;12/03/2022;2022;BUS;Bogota D.C.;1
ELECTRICO;ACTIVO;25/03/2022;2022;BUS;Bogota D.C.;1
ELECTRICO;ACTIVO;23/03/2022;2022;BUS;Bogota D.C.;1
ELECTRICO;ACTIVO;23/03/2022;2022;BUS;Bogota D.C.;1
ELECTRICO;ACTIVO;23/03/2022;2022;BUS;Bogota D.C.;1
ELECTRICO;ACTIVO;27/01/2022;2022;BUS;Bogota D.C.;1
ELECTRICO;ACTIVO;16/02/2022;2022;AUTOMOVIL;Bogota D.C.;1
ELECTRICO;ACTIVO;23/02/2022;2022;AUTOMOVIL;Antioquia;1
ELECTRICO;ACTIVO;11/03/2022;2022;BUS;Bogota D.C.;1
ELECTRICO;ACTIVO;25/03/2022;2022;BUS;Bogota D.C.;1
ELECTRICO;ACTIVO;11/03/2022;2022;BUS;Bogota D.C.;1
ELECTRICO;ACTIVO;25/02/2022;2022;BUS;Bogota D.C.;1
ELECTRICO;ACTIVO;25/02/2022;2022;BUS;Bogota D.C.;1
ELECTRICO;ACTIVO;10/03/2022;2022;AUTOMOVIL;Bogota D.C.;1
ELECTRICO;ACTIVO;10/03/2022;2022;CAMIONETA;Atlantico;1
ELECTRICO;ACTIVO;17/03/2022;2022;AUTOMOVIL;Bogota D.C.;1
ELECTRICO;ACTIVO;28/03/2022;2022;CAMIONETA;Antioquia;1
ELECTRICO;ACTIVO;30/03/2022;2022;CUADRICICLO;Antioquia;1
ELECTRICO;ACTIVO;30/03/2022;2022;CUADRICICLO;Antioquia;1
ELECTRICO;ACTIVO;30/03/2022;2022;CUADRICICLO;Antioquia;1
ELECTRICO;ACTIVO;30/03/2022;2022;CUADRICICLO;Antioquia;1
ELECTRICO;ACTIVO;30/03/2022;2022;CUADRICICLO;Antioquia;1
ELECTRICO;ACTIVO;30/03/2022;2022;CUADRICICLO;Antioquia;1
ELECTRICO;ACTIVO;30/03/2022;2022;CUADRICICLO;Antioquia;1
ELECTRICO;ACTIVO;30/03/2022;2022;CUADRICICLO;Antioquia;1
ELECTRICO;ACTIVO;30/03/2022;2022;CUADRICICLO;Antioquia;1
ELECTRICO;ACTIVO;30/03/2022;2022;CUADRICICLO;Antioquia;1
ELECTRICO;ACTIVO;30/03/2022;2022;CUADRICICLO;Antioquia;1
ELECTRICO;ACTIVO;30/03/2022;2022;CUADRICICLO;Antioquia;1
ELECTRICO;ACTIVO;16/01/2012;2012;MOTOCICLETA;Bogota D.C.;1
ELECTRICO;ACTIVO;21/05/2010;2010;TRACTOCAMION;Cundinamarca;1
ELECTRICO;ACTIVO;25/10/2010;2010;CAMIONETA;Cundinamarca;1
ELECTRICO;ACTIVO;2/04/2011;2011;MOTOCICLETA;Bogota D.C.;1
ELECTRICO;ACTIVO;2/03/2011;2011;MICROBUS;Santander;1
ELECTRICO;ACTIVO;19/08/2011;2011;MOTOCICLETA;Antioquia;1
ELECTRICO;ACTIVO;7/03/2011;2011;MOTOCICLETA;Bogota D.C.;1
ELECTRICO;ACTIVO;25/07/2011;2011;MOTOCICLETA;Bogota D.C.;1
ELECTRICO;ACTIVO;24/02/2012;2012;MOTOCICLETA;Bogota D.C.;1
ELECTRICO;ACTIVO;9/07/2012;2012;MOTOCICLETA;Valle del Cauca;1
ELECTRICO;ACTIVO;6/03/2012;2012;MOTOCICLETA;Bogota D.C.;1
ELECTRICO;ACTIVO;12/04/2012;2012;MOTOCICLETA;Antioquia;1
ELECTRICO;ACTIVO;2/08/2012;2012;MOTOCICLETA;Bogota D.C.;1
ELECTRICO;ACTIVO;24/11/2011;2011;AUTOMOVIL;Antioquia;1
ELECTRICO;ACTIVO;5/09/2011;2011;MOTOCICLETA;Santander;1
ELECTRICO;ACTIVO;16/12/2011;2011;MOTOCICLETA;Antioquia;1
ELECTRICO;ACTIVO;20/02/2012;2012;MOTOCICLETA;Antioquia;1
ELECTRICO;ACTIVO;20/11/2013;2013;MOTOCICLETA;Bogota D.C.;1
ELECTRICO;ACTIVO;21/10/2011;2011;MOTOCICLETA;Bogota D.C.;1
ELECTRICO;ACTIVO;1/11/2011;2011;CAMIONETA;Bogota D.C.;1
ELECTRICO;ACTIVO;28/10/2011;2011;MOTOCICLETA;Antioquia;1
ELECTRICO;ACTIVO;7/12/2011;2011;MOTOCICLETA;Bogota D.C.;1
ELECTRICO;ACTIVO;1/12/2011;2011;MOTOCICLETA;Bogota D.C.;1
ELECTRICO;ACTIVO;7/12/2011;2011;MOTOCICLETA;Bogota D.C.;1
ELECTRICO;ACTIVO;10/02/2012;2012;MOTOCICLETA;Valle del Cauca;1
ELECTRICO;ACTIVO;12/06/2012;2012;MOTOCICLETA;Bogota D.C.;1
ELECTRICO;ACTIVO;13/02/2012;2012;MOTOCICLETA;Bogota D.C.;1
ELECTRICO;ACTIVO;8/11/2012;2012;MOTOCICLETA;Choco;1
ELECTRICO;ACTIVO;10/04/2014;2014;MOTOCICLETA;Bogota D.C.;1
ELECTRICO;ACTIVO;7/03/2013;2013;MOTOCICLETA;Bogota D.C.;1
ELECTRICO;ACTIVO;24/12/2012;2012;MOTOCICLETA;Bogota D.C.;1
ELECTRICO;ACTIVO;6/12/2012;2012;AUTOMOVIL;Bogota D.C.;1
ELECTRICO;ACTIVO;4/09/2014;2014;AUTOMOVIL;Bogota D.C.;1
ELECTRICO;ACTIVO;22/12/2012;2012;AUTOMOVIL;Valle del Cauca;1
ELECTRICO;ACTIVO;23/03/2013;2013;AUTOMOVIL;Valle del Cauca;1
ELECTRICO;ACTIVO;6/12/2012;2012;AUTOMOVIL;Bogota D.C.;1
ELECTRICO;ACTIVO;15/03/2013;2013;MOTOCICLETA;Antioquia;1
ELECTRICO;ACTIVO;15/08/2013;2013;AUTOMOVIL;Bogota D.C.;1
ELECTRICO;ACTIVO;15/08/2013;2013;AUTOMOVIL;Bogota D.C.;1
ELECTRICO;ACTIVO;15/08/2013;2013;AUTOMOVIL;Bogota D.C.;1
ELECTRICO;ACTIVO;16/05/2013;2013;AUTOMOVIL;Bogota D.C.;1
ELECTRICO;ACTIVO;1/03/2013;2013;CAMIONETA;Antioquia;1
ELECTRICO;ACTIVO;11/03/2013;2013;MOTOCICLETA;Antioquia;1
ELECTRICO;ACTIVO;24/05/2013;2013;MOTOCICLETA;Bogota D.C.;1
ELECTRICO;ACTIVO;24/05/2013;2013;MOTOCICLETA;Bogota D.C.;1
ELECTRICO;ACTIVO;24/05/2013;2013;MOTOCICLETA;Bogota D.C.;1
ELECTRICO;ACTIVO;24/05/2013;2013;MOTOCICLETA;Bogota D.C.;1
ELECTRICO;ACTIVO;24/05/2013;2013;MOTOCICLETA;Bogota D.C.;1
ELECTRICO;ACTIVO;24/05/2013;2013;MOTOCICLETA;Bogota D.C.;1
ELECTRICO;ACTIVO;24/05/2013;2013;MOTOCICLETA;Bogota D.C.;1
ELECTRICO;ACTIVO;28/05/2013;2013;MOTOCICLETA;Antioquia;1
ELECTRICO;ACTIVO;16/05/2013;2013;MOTOCICLETA;Antioquia;1
ELECTRICO;ACTIVO;15/03/2013;2013;MOTOCICLETA;Antioquia;1
ELECTRICO;ACTIVO;8/04/2013;2013;MOTOCICLETA;Bogota D.C.;1
ELECTRICO;ACTIVO;24/05/2013;2013;MOTOCICLETA;Bogota D.C.;1
ELECTRICO;ACTIVO;25/05/2013;2013;MOTOCICLETA;Bogota D.C.;1
ELECTRICO;ACTIVO;24/05/2013;2013;MOTOCICLETA;Bogota D.C.;1
ELECTRICO;ACTIVO;16/05/2013;2013;MOTOCICLETA;Antioquia;1
ELECTRICO;ACTIVO;12/07/2013;2013;MOTOCICLETA;Antioquia;1
ELECTRICO;ACTIVO;28/08/2013;2013;MOTOCICLETA;Bogota D.C.;1
ELECTRICO;ACTIVO;7/01/2014;2014;MOTOCICLETA;Meta;1
ELECTRICO;ACTIVO;2/01/2014;2014;MOTOCICLETA;Antioquia;1
ELECTRICO;ACTIVO;17/09/2013;2013;MOTOCICLETA;Bogota D.C.;1
ELECTRICO;ACTIVO;8/02/2013;2013;MOTOCICLETA;Bogota D.C.;1
ELECTRICO;ACTIVO;14/04/2014;2014;MOTOCICLETA;Bogota D.C.;1
ELECTRICO;ACTIVO;5/07/2013;2013;MOTOCICLETA;Meta;1
ELECTRICO;ACTIVO;14/03/2014;2014;MOTOCICLETA;Bogota D.C.;1
ELECTRICO;ACTIVO;23/08/2013;2013;MOTOCICLETA;Bogota D.C.;1
ELECTRICO;ACTIVO;14/04/2014;2014;MOTOCICLETA;Bogota D.C.;1
ELECTRICO;ACTIVO;7/01/2014;2014;MOTOCICLETA;Antioquia;1
ELECTRICO;ACTIVO;19/12/2013;2013;MOTOCICLETA;Bogota D.C.;1
ELECTRICO;ACTIVO;27/01/2014;2014;MOTOCICLETA;Bogota D.C.;1
ELECTRICO;ACTIVO;27/01/2014;2014;MOTOCICLETA;Bogota D.C.;1
ELECTRICO;ACTIVO;17/09/2013;2013;MOTOCICLETA;Antioquia;1
ELECTRICO;ACTIVO;23/06/2015;2015;CAMIONETA;Bogota D.C.;1
ELECTRICO;ACTIVO;31/05/2014;2014;MOTOCICLETA;Antioquia;1
ELECTRICO;ACTIVO;19/11/2014;2014;MOTOCICLETA;Valle del Cauca;1
ELECTRICO;ACTIVO;15/07/2014;2014;MOTOCICLETA;Santander;1
ELECTRICO;ACTIVO;29/04/2015;2015;MOTOCICLETA;Valle del Cauca;1
ELECTRICO;ACTIVO;18/03/2014;2014;MOTOCICLETA;Valle del Cauca;1
ELECTRICO;ACTIVO;14/08/2015;2015;MOTOCICLETA;Valle del Cauca;1
ELECTRICO;ACTIVO;8/07/2014;2014;MOTOCICLETA;Antioquia;1
ELECTRICO;ACTIVO;13/03/2014;2014;MOTOCICLETA;Santander;1
ELECTRICO;ACTIVO;3/09/2014;2014;MOTOCICLETA;Valle del Cauca;1
ELECTRICO;ACTIVO;23/12/2014;2014;MOTOCICLETA;Valle del Cauca;1
ELECTRICO;ACTIVO;24/03/2015;2015;MOTOCICLETA;Bogota D.C.;1
ELECTRICO;ACTIVO;4/11/2015;2015;MOTOCICLETA;Valle del Cauca;1
ELECTRICO;ACTIVO;1/09/2014;2014;MOTOCICLETA;Cordoba;1
ELECTRICO;ACTIVO;24/02/2014;2014;MOTOCICLETA;Santander;1
ELECTRICO;ACTIVO;12/12/2014;2014;MOTOCICLETA;Bogota D.C.;1
ELECTRICO;ACTIVO;12/03/2014;2014;MOTOCICLETA;Cundinamarca;1
ELECTRICO;ACTIVO;27/02/2014;2014;MOTOCICLETA;Bogota D.C.;1
ELECTRICO;ACTIVO;1/09/2014;2014;MOTOCICLETA;Meta;1
ELECTRICO;ACTIVO;5/05/2014;2014;MOTOCICLETA;Antioquia;1
ELECTRICO;ACTIVO;27/05/2014;2014;MOTOCICLETA;Cordoba;1
ELECTRICO;ACTIVO;17/06/2014;2014;MOTOCICLETA;Antioquia;1
ELECTRICO;ACTIVO;19/11/2014;2014;MOTOCICLETA;Valle del Cauca;1
ELECTRICO;ACTIVO;25/02/2014;2014;MOTOCICLETA;Santander;1
ELECTRICO;ACTIVO;15/04/2015;2015;MOTOCICLETA;Santander;1
ELECTRICO;ACTIVO;17/04/2015;2015;MOTOCICLETA;Santander;1
ELECTRICO;ACTIVO;31/10/2015;2015;MOTOCICLETA;Bogota D.C.;1
ELECTRICO;ACTIVO;2/05/2015;2015;MOTOCICLETA;Bogota D.C.;1
ELECTRICO;ACTIVO;24/03/2015;2015;MOTOCICLETA;Valle del Cauca;1
ELECTRICO;ACTIVO;31/10/2014;2014;MOTOCICLETA;Antioquia;1
ELECTRICO;ACTIVO;3/02/2015;2015;MOTOCICLETA;Antioquia;1
ELECTRICO;ACTIVO;11/05/2015;2015;AUTOMOVIL;Norte de Santander;1
ELECTRICO;ACTIVO;11/02/2015;2015;MOTOCICLETA;Antioquia;1
ELECTRICO;ACTIVO;29/04/2015;2015;AUTOMOVIL;Bogota D.C.;1
ELECTRICO;ACTIVO;15/01/2015;2015;CAMIONETA;Bogota D.C.;1
ELECTRICO;ACTIVO;5/03/2015;2015;MOTOCICLETA;Santander;1
ELECTRICO;ACTIVO;6/08/2015;2015;MOTOCICLETA;Antioquia;1
ELECTRICO;ACTIVO;28/03/2015;2015;MOTOCICLETA;Antioquia;1
ELECTRICO;ACTIVO;4/03/2015;2015;MOTOCICLETA;Antioquia;1
ELECTRICO;ACTIVO;28/01/2015;2015;MOTOCICLETA;Antioquia;1
ELECTRICO;ACTIVO;22/01/2015;2015;MOTOCICLETA;Antioquia;1
ELECTRICO;ACTIVO;16/10/2014;2014;MOTOCICLETA;Meta;1
ELECTRICO;ACTIVO;12/02/2015;2015;MOTOCICLETA;Meta;1
ELECTRICO;ACTIVO;24/04/2015;2015;MOTOCICLETA;Norte de Santander;1
ELECTRICO;ACTIVO;10/12/2014;2014;MOTOCICLETA;Antioquia;1
ELECTRICO;ACTIVO;5/11/2014;2014;MOTOCICLETA;Huila;1
ELECTRICO;ACTIVO;30/09/2014;2014;MOTOCICLETA;Antioquia;1
ELECTRICO;ACTIVO;15/10/2014;2014;MOTOCICLETA;Santander;1
ELECTRICO;ACTIVO;1/12/2014;2014;MOTOCICLETA;Bogota D.C.;1
ELECTRICO;ACTIVO;22/04/2015;2015;MOTOCICLETA;Santander;1
ELECTRICO;ACTIVO;21/09/2015;2015;MOTOCICLETA;Bogota D.C.;1
ELECTRICO;ACTIVO;3/09/2015;2015;MOTOCICLETA;Bogota D.C.;1
ELECTRICO;ACTIVO;4/03/2015;2015;MOTOCICLETA;Antioquia;1
ELECTRICO;ACTIVO;10/08/2015;2015;MOTOCICLETA;Bogota D.C.;1
ELECTRICO;ACTIVO;10/09/2014;2014;MOTOCICLETA;Huila;1
ELECTRICO;ACTIVO;4/03/2015;2015;MOTOCICLETA;Antioquia;1
ELECTRICO;ACTIVO;14/10/2016;2016;AUTOMOVIL;Antioquia;1
ELECTRICO;ACTIVO;19/06/2015;2015;AUTOMOVIL;Antioquia;1
ELECTRICO;ACTIVO;27/07/2015;2015;MOTOCICLETA;Santander;1
ELECTRICO;ACTIVO;30/07/2015;2015;MOTOCICLETA;Bogota D.C.;1
ELECTRICO;ACTIVO;31/03/2016;2016;AUTOMOVIL;Bogota D.C.;1
ELECTRICO;ACTIVO;25/02/2016;2016;AUTOMOVIL;Bogota D.C.;1
ELECTRICO;ACTIVO;28/07/2015;2015;MOTOCICLETA;Bogota D.C.;1
ELECTRICO;ACTIVO;31/07/2015;2015;MOTOCICLETA;Antioquia;1
ELECTRICO;ACTIVO;30/12/2015;2015;MOTOCICLETA;Valle del Cauca;1
ELECTRICO;ACTIVO;7/12/2015;2015;MOTOCICLETA;Caqueta;1
ELECTRICO;ACTIVO;2/10/2015;2015;MOTOCICLETA;Valle del Cauca;1
ELECTRICO;ACTIVO;6/11/2015;2015;MOTOCICLETA;Bogota D.C.;1
ELECTRICO;ACTIVO;8/01/2016;2016;MOTOCICLETA;Antioquia;1
ELECTRICO;ACTIVO;29/10/2015;2015;MOTOCICLETA;Antioquia;1
ELECTRICO;ACTIVO;7/12/2016;2016;AUTOMOVIL;Antioquia;1
ELECTRICO;ACTIVO;21/10/2016;2016;AUTOMOVIL;Cundinamarca;1
ELECTRICO;ACTIVO;30/06/2016;2016;AUTOMOVIL;Bogota D.C.;1
ELECTRICO;ACTIVO;22/08/2016;2016;AUTOMOVIL;Bogota D.C.;1
ELECTRICO;ACTIVO;30/11/2016;2016;AUTOMOVIL;Bogota D.C.;1
ELECTRICO;ACTIVO;24/06/2015;2015;MOTOCICLETA;Valle del Cauca;1
ELECTRICO;ACTIVO;30/09/2015;2015;AUTOMOVIL;Bogota D.C.;1
ELECTRICO;ACTIVO;29/12/2015;2015;AUTOMOVIL;Bogota D.C.;1
ELECTRICO;ACTIVO;23/03/2016;2016;AUTOMOVIL;Bogota D.C.;1
ELECTRICO;ACTIVO;8/10/2015;2015;AUTOMOVIL;Bogota D.C.;1
ELECTRICO;ACTIVO;30/11/2015;2015;AUTOMOVIL;Valle del Cauca;1
ELECTRICO;ACTIVO;15/09/2015;2015;MOTOCICLETA;Santander;1
ELECTRICO;ACTIVO;26/12/2016;2016;AUTOMOVIL;Bogota D.C.;1
ELECTRICO;ACTIVO;19/01/2016;2016;AUTOMOVIL;Bogota D.C.;1
ELECTRICO;ACTIVO;29/12/2016;2016;AUTOMOVIL;Bogota D.C.;1
ELECTRICO;ACTIVO;3/11/2016;2016;AUTOMOVIL;Bogota D.C.;1
ELECTRICO;ACTIVO;30/06/2016;2016;AUTOMOVIL;Antioquia;1
ELECTRICO;ACTIVO;17/12/2015;2015;MOTOCICLETA;Santander;1
ELECTRICO;ACTIVO;4/02/2016;2016;CAMIONETA;Valle del Cauca;1
ELECTRICO;ACTIVO;5/01/2016;2016;AUTOMOVIL;Valle del Cauca;1
ELECTRICO;ACTIVO;23/06/2016;2016;AUTOMOVIL;Antioquia;1
ELECTRICO;ACTIVO;5/10/2015;2015;AUTOMOVIL;Bogota D.C.;1
ELECTRICO;ACTIVO;29/08/2015;2015;CAMIONETA;Bogota D.C.;1
ELECTRICO;ACTIVO;17/06/2015;2015;AUTOMOVIL;Bogota D.C.;1
ELECTRICO;ACTIVO;24/09/2015;2015;CAMIONETA;Bogota D.C.;1
ELECTRICO;ACTIVO;22/06/2015;2015;MOTOCICLETA;Risaralda;1
ELECTRICO;ACTIVO;25/01/2016;2016;AUTOMOVIL;Bogota D.C.;1
ELECTRICO;ACTIVO;13/12/2016;2016;AUTOMOVIL;Bogota D.C.;1
ELECTRICO;ACTIVO;19/05/2016;2016;MOTOCICLETA;Norte de Santander;1
ELECTRICO;ACTIVO;13/10/2015;2015;MOTOCICLETA;Valle del Cauca;1
ELECTRICO;ACTIVO;17/12/2016;2016;AUTOMOVIL;Antioquia;1
ELECTRICO;ACTIVO;12/12/2016;2016;AUTOMOVIL;Bogota D.C.;1
ELECTRICO;ACTIVO;3/12/2015;2015;MOTOCICLETA;Santander;1
ELECTRICO;ACTIVO;29/01/2016;2016;AUTOMOVIL;Antioquia;1
ELECTRICO;ACTIVO;29/07/2016;2016;AUTOMOVIL;Antioquia;1
ELECTRICO;ACTIVO;6/06/2017;2017;AUTOMOVIL;Antioquia;1
ELECTRICO;ACTIVO;23/02/2016;2016;MOTOCICLETA;Santander;1
ELECTRICO;ACTIVO;28/06/2016;2016;MOTOCICLETA;Antioquia;1
ELECTRICO;ACTIVO;18/01/2016;2016;MOTOCICLETA;Santander;1
ELECTRICO;ACTIVO;2/02/2017;2017;AUTOMOVIL;Bogota D.C.;1
ELECTRICO;ACTIVO;17/03/2017;2017;AUTOMOVIL;Antioquia;1
ELECTRICO;ACTIVO;15/03/2017;2017;AUTOMOVIL;Antioquia;1
ELECTRICO;ACTIVO;21/06/2016;2016;MOTOCICLETA;Antioquia;1
ELECTRICO;ACTIVO;27/09/2016;2016;MOTOCICLETA;Antioquia;1
ELECTRICO;ACTIVO;7/01/2017;2017;MOTOCICLETA;Bogota D.C.;1
ELECTRICO;ACTIVO;28/12/2016;2016;MOTOCICLETA;Bogota D.C.;1
ELECTRICO;ACTIVO;4/04/2017;2017;MOTOCICLETA;Antioquia;1
ELECTRICO;ACTIVO;4/04/2017;2017;MOTOCICLETA;Antioquia;1
ELECTRICO;ACTIVO;10/11/2016;2016;MOTOCARRO;Cundinamarca;1
ELECTRICO;ACTIVO;4/11/2016;2016;MOTOCICLETA;Santander;1
ELECTRICO;ACTIVO;20/04/2016;2016;MOTOCICLETA;Antioquia;1
ELECTRICO;ACTIVO;19/04/2016;2016;MOTOCICLETA;Antioquia;1
ELECTRICO;ACTIVO;19/02/2016;2016;MOTOCICLETA;Antioquia;1
ELECTRICO;ACTIVO;23/12/2016;2016;CAMIONETA;Bogota D.C.;1
ELECTRICO;ACTIVO;14/09/2016;2016;MOTOCARRO;Cundinamarca;1
ELECTRICO;ACTIVO;21/02/2017;2017;CAMIONETA;Antioquia;1
ELECTRICO;ACTIVO;12/02/2016;2016;MOTOCICLETA;Antioquia;1
ELECTRICO;ACTIVO;6/04/2018;2018;MOTOCICLETA;Narino;1
ELECTRICO;ACTIVO;13/09/2016;2016;MOTOCICLETA;Valle del Cauca;1
ELECTRICO;ACTIVO;10/11/2016;2016;MOTOCARRO;Cundinamarca;1
ELECTRICO;ACTIVO;11/08/2016;2016;MOTOCICLETA;Valle del Cauca;1
ELECTRICO;ACTIVO;1/11/2016;2016;MOTOCICLETA;Antioquia;1
ELECTRICO;ACTIVO;25/10/2016;2016;MOTOCICLETA;Valle del Cauca;1
ELECTRICO;ACTIVO;2/07/2016;2016;CAMIONETA;Cundinamarca;1
ELECTRICO;ACTIVO;11/10/2016;2016;MOTOCARRO;Cundinamarca;1
ELECTRICO;ACTIVO;23/03/2016;2016;AUTOMOVIL;Bogota D.C.;1
ELECTRICO;ACTIVO;22/09/2016;2016;MOTOCICLETA;Huila;1
ELECTRICO;ACTIVO;6/02/2017;2017;MOTOCICLETA;Antioquia;1
ELECTRICO;ACTIVO;19/07/2017;2017;AUTOMOVIL;Bogota D.C.;1
ELECTRICO;ACTIVO;13/02/2017;2017;MOTOCARRO;Antioquia;1
ELECTRICO;ACTIVO;2/02/2017;2017;MOTOCICLETA;Huila;1
ELECTRICO;ACTIVO;10/03/2017;2017;AUTOMOVIL;Bogota D.C.;1
ELECTRICO;ACTIVO;10/05/2017;2017;BUS;Bogota D.C.;1
ELECTRICO;ACTIVO;30/09/2017;2017;AUTOMOVIL;Antioquia;1
ELECTRICO;ACTIVO;6/07/2017;2017;MOTOCICLETA;Antioquia;1
ELECTRICO;ACTIVO;6/02/2017;2017;MOTOCARRO;Antioquia;1
ELECTRICO;ACTIVO;4/01/2017;2017;AUTOMOVIL;Bogota D.C.;1
ELECTRICO;ACTIVO;30/05/2017;2017;CAMIONETA;Bogota D.C.;1
ELECTRICO;ACTIVO;7/11/2017;2017;AUTOMOVIL;Bogota D.C.;1
ELECTRICO;ACTIVO;3/05/2017;2017;MOTOCICLETA;Antioquia;1
ELECTRICO;ACTIVO;21/02/2017;2017;MOTOCICLETA;Antioquia;1
ELECTRICO;ACTIVO;18/04/2017;2017;MOTOCICLETA;Antioquia;1
ELECTRICO;ACTIVO;22/11/2016;2016;MOTOCICLETA;Antioquia;1
ELECTRICO;ACTIVO;28/12/2016;2016;MOTOCARRO;Cundinamarca;1
ELECTRICO;ACTIVO;15/03/2017;2017;AUTOMOVIL;Antioquia;1
ELECTRICO;ACTIVO;11/09/2017;2017;AUTOMOVIL;Antioquia;1
ELECTRICO;ACTIVO;22/08/2017;2017;MOTOCICLETA;Narino;1
ELECTRICO;ACTIVO;18/09/2018;2018;AUTOMOVIL;Antioquia;1
ELECTRICO;ACTIVO;21/01/2021;2021;MOTOCARRO;Valle del Cauca;1
ELECTRICO;ACTIVO;20/06/2018;2018;AUTOMOVIL;Antioquia;1
ELECTRICO;ACTIVO;17/02/2018;2018;AUTOMOVIL;Bogota D.C.;1
ELECTRICO;ACTIVO;15/12/2018;2018;AUTOMOVIL;Bogota D.C.;1
ELECTRICO;ACTIVO;22/01/2019;2019;AUTOMOVIL;Bogota D.C.;1
ELECTRICO;ACTIVO;27/09/2017;2017;AUTOMOVIL;Antioquia;1
ELECTRICO;ACTIVO;21/10/2017;2017;CUADRICICLO;Antioquia;1
ELECTRICO;ACTIVO;27/12/2017;2017;CUADRICICLO;Valle del Cauca;1
ELECTRICO;ACTIVO;19/07/2018;2018;AUTOMOVIL;Bogota D.C.;1
ELECTRICO;ACTIVO;31/07/2018;2018;CUADRICICLO;Antioquia;1
ELECTRICO;ACTIVO;17/01/2019;2019;MOTOCARRO;Atlantico;1
ELECTRICO;ACTIVO;28/03/2018;2018;AUTOMOVIL;Bogota D.C.;1
ELECTRICO;ACTIVO;7/11/2017;2017;AUTOMOVIL;Bogota D.C.;1
ELECTRICO;ACTIVO;29/06/2018;2018;AUTOMOVIL;Antioquia;1
ELECTRICO;ACTIVO;1/11/2018;2018;AUTOMOVIL;Tolima;1
ELECTRICO;ACTIVO;10/10/2018;2018;AUTOMOVIL;Cundinamarca;1
ELECTRICO;ACTIVO;8/05/2018;2018;AUTOMOVIL;Bogota D.C.;1
ELECTRICO;ACTIVO;31/05/2018;2018;CUADRICICLO;Antioquia;1
ELECTRICO;ACTIVO;27/11/2018;2018;AUTOMOVIL;Antioquia;1
ELECTRICO;ACTIVO;9/11/2017;2017;AUTOMOVIL;Antioquia;1
ELECTRICO;ACTIVO;9/11/2017;2017;AUTOMOVIL;Antioquia;1
ELECTRICO;ACTIVO;8/11/2018;2018;CAMIONETA;Bogota D.C.;1
ELECTRICO;ACTIVO;8/11/2018;2018;CAMIONETA;Bogota D.C.;1
ELECTRICO;ACTIVO;15/11/2018;2018;AUTOMOVIL;Bogota D.C.;1
ELECTRICO;ACTIVO;19/07/2018;2018;AUTOMOVIL;Bogota D.C.;1
ELECTRICO;ACTIVO;28/02/2019;2019;CUADRICICLO;Bogota D.C.;1
ELECTRICO;ACTIVO;4/04/2019;2019;AUTOMOVIL;Bogota D.C.;1
ELECTRICO;ACTIVO;1/03/2019;2019;AUTOMOVIL;Bogota D.C.;1
ELECTRICO;ACTIVO;30/03/2019;2019;AUTOMOVIL;Bogota D.C.;1
ELECTRICO;ACTIVO;13/01/2020;2020;AUTOMOVIL;Antioquia;1
ELECTRICO;ACTIVO;14/02/2019;2019;AUTOMOVIL;Antioquia;1
ELECTRICO;ACTIVO;4/10/2019;2019;AUTOMOVIL;Cundinamarca;1
ELECTRICO;ACTIVO;20/02/2019;2019;CAMIONETA;Cundinamarca;1
ELECTRICO;ACTIVO;26/06/2019;2019;CAMIONETA;Antioquia;1
ELECTRICO;ACTIVO;14/06/2018;2018;CUADRICICLO;Bogota D.C.;1
ELECTRICO;ACTIVO;3/12/2018;2018;AUTOMOVIL;Bogota D.C.;1
ELECTRICO;ACTIVO;31/01/2018;2018;AUTOMOVIL;Antioquia;1
ELECTRICO;ACTIVO;4/12/2018;2018;AUTOMOVIL;Norte de Santander;1
ELECTRICO;ACTIVO;30/04/2018;2018;CUADRICICLO;Antioquia;1
ELECTRICO;ACTIVO;30/11/2018;2018;AUTOMOVIL;Bogota D.C.;1
ELECTRICO;ACTIVO;7/03/2019;2019;CUADRICICLO;Bogota D.C.;1
ELECTRICO;ACTIVO;17/12/2018;2018;MOTOCICLETA;Valle del Cauca;1
ELECTRICO;ACTIVO;2/08/2019;2019;AUTOMOVIL;Antioquia;1
ELECTRICO;ACTIVO;28/09/2018;2018;AUTOMOVIL;Antioquia;1
ELECTRICO;ACTIVO;7/05/2019;2019;CAMION;Antioquia;1
ELECTRICO;ACTIVO;31/05/2018;2018;AUTOMOVIL;Risaralda;1
ELECTRICO;ACTIVO;18/10/2018;2018;AUTOMOVIL;Bogota D.C.;1
ELECTRICO;ACTIVO;13/06/2018;2018;AUTOMOVIL;Bogota D.C.;1
ELECTRICO;ACTIVO;8/11/2018;2018;CUADRICICLO;Antioquia;1
ELECTRICO;ACTIVO;1/11/2018;2018;CAMION;Antioquia;1
ELECTRICO;ACTIVO;31/05/2018;2018;AUTOMOVIL;Cundinamarca;1
ELECTRICO;ACTIVO;19/10/2017;2017;CUADRICICLO;Bogota D.C.;1
ELECTRICO;ACTIVO;25/06/2018;2018;AUTOMOVIL;Valle del Cauca;1
ELECTRICO;ACTIVO;10/04/2018;2018;MOTOCARRO;Antioquia;1
ELECTRICO;ACTIVO;29/09/2018;2018;AUTOMOVIL;Bogota D.C.;1
ELECTRICO;ACTIVO;15/01/2019;2019;CUADRICICLO;Antioquia;1
ELECTRICO;ACTIVO;26/10/2017;2017;AUTOMOVIL;Antioquia;1
ELECTRICO;ACTIVO;28/02/2018;2018;CUADRICICLO;Bogota D.C.;1
ELECTRICO;ACTIVO;27/11/2018;2018;AUTOMOVIL;Bogota D.C.;1
ELECTRICO;ACTIVO;21/11/2018;2018;AUTOMOVIL;Antioquia;1
ELECTRICO;ACTIVO;27/11/2018;2018;AUTOMOVIL;Bogota D.C.;1
ELECTRICO;ACTIVO;14/02/2018;2018;AUTOMOVIL;Bogota D.C.;1
ELECTRICO;ACTIVO;7/09/2018;2018;CUADRICICLO;Antioquia;1
ELECTRICO;ACTIVO;20/02/2018;2018;CUADRICICLO;Bogota D.C.;1
ELECTRICO;ACTIVO;21/03/2018;2018;CUADRICICLO;Caldas;1
ELECTRICO;ACTIVO;23/03/2018;2018;CUADRICICLO;Bogota D.C.;1
ELECTRICO;ACTIVO;21/09/2018;2018;AUTOMOVIL;Antioquia;1
ELECTRICO;ACTIVO;1/11/2018;2018;AUTOMOVIL;Antioquia;1
ELECTRICO;ACTIVO;19/09/2018;2018;AUTOMOVIL;Bogota D.C.;1
ELECTRICO;ACTIVO;24/08/2018;2018;AUTOMOVIL;Bogota D.C.;1
ELECTRICO;ACTIVO;21/03/2019;2019;CUADRICICLO;Bogota D.C.;1
ELECTRICO;ACTIVO;20/03/2019;2019;CUADRICICLO;Bogota D.C.;1
ELECTRICO;ACTIVO;3/10/2018;2018;CAMIONETA;Antioquia;1
ELECTRICO;ACTIVO;3/10/2018;2018;CAMIONETA;Antioquia;1
ELECTRICO;ACTIVO;31/01/2019;2019;AUTOMOVIL;Bogota D.C.;1
ELECTRICO;ACTIVO;22/03/2019;2019;AUTOMOVIL;Bogota D.C.;1
ELECTRICO;ACTIVO;5/02/2019;2019;AUTOMOVIL;Bogota D.C.;1
ELECTRICO;ACTIVO;7/05/2018;2018;CUADRICICLO;Bogota D.C.;1
ELECTRICO;ACTIVO;18/03/2019;2019;AUTOMOVIL;Cundinamarca;1
ELECTRICO;ACTIVO;6/12/2018;2018;AUTOMOVIL;Bogota D.C.;1
ELECTRICO;ACTIVO;28/12/2018;2018;CUADRICICLO;Antioquia;1
ELECTRICO;ACTIVO;18/02/2019;2019;CUADRICICLO;Bogota D.C.;1
ELECTRICO;ACTIVO;26/12/2018;2018;CAMIONETA;Bogota D.C.;1
ELECTRICO;ACTIVO;25/11/2016;2016;AUTOMOVIL;Antioquia;1
ELECTRICO;ACTIVO;11/02/2015;2015;MOTOCICLETA;Antioquia;1
ELECTRICO;ACTIVO;2/06/2011;2011;MOTOCICLETA;Antioquia;1
ELECTRICO;ACTIVO;28/11/2014;2014;MOTOCICLETA;Valle del Cauca;1
ELECTRICO;ACTIVO;12/09/2013;2013;MOTOCICLETA;Bogota D.C.;1
ELECTRICO;ACTIVO;13/08/2013;2013;MOTOCICLETA;Bogota D.C.;1
ELECTRICO;ACTIVO;15/03/2017;2017;AUTOMOVIL;Bogota D.C.;1
ELECTRICO;ACTIVO;1/03/2013;2013;CAMIONETA;Antioquia;1
ELECTRICO;ACTIVO;16/10/2014;2014;MOTOCICLETA;Bogota D.C.;1
ELECTRICO;ACTIVO;24/05/2013;2013;MOTOCICLETA;Bogota D.C.;1
ELECTRICO;ACTIVO;11/02/2021;2021;TRICIMOTO;Valle del Cauca;1
ELECTRICO;ACTIVO;11/11/2020;2020;BUS;Bogota D.C.;1
ELECTRICO;ACTIVO;11/11/2020;2020;BUS;Bogota D.C.;1
ELECTRICO;ACTIVO;19/11/2020;2020;BUS;Bogota D.C.;1
ELECTRICO;ACTIVO;11/11/2020;2020;BUS;Bogota D.C.;1
ELECTRICO;ACTIVO;11/11/2020;2020;BUS;Bogota D.C.;1
ELECTRICO;ACTIVO;11/11/2020;2020;BUS;Bogota D.C.;1
ELECTRICO;ACTIVO;24/03/2021;2021;CAMIONETA;Bogota D.C.;1
ELECTRICO;ACTIVO;29/05/2021;2021;CAMIONETA;Bogota D.C.;1
ELECTRICO;ACTIVO;21/07/2021;2021;AUTOMOVIL;Santander;1
ELECTRICO;ACTIVO;8/09/2021;2021;MOTOCICLETA;Cundinamarca;1
ELECTRICO;ACTIVO;29/10/2019;2019;AUTOMOVIL;Bogota D.C.;1
ELECTRICO;ACTIVO;13/03/2020;2020;AUTOMOVIL;Antioquia;1
ELECTRICO;ACTIVO;26/10/2019;2019;AUTOMOVIL;Antioquia;1
ELECTRICO;ACTIVO;30/10/2019;2019;AUTOMOVIL;Antioquia;1
ELECTRICO;ACTIVO;12/12/2019;2019;AUTOMOVIL;Bogota D.C.;1
ELECTRICO;ACTIVO;3/12/2019;2019;AUTOMOVIL;Bogota D.C.;1
ELECTRICO;ACTIVO;24/03/2021;2021;AUTOMOVIL;Bogota D.C.;1
ELECTRICO;ACTIVO;5/11/2020;2020;BUS;Bogota D.C.;1
ELECTRICO;ACTIVO;11/06/2021;2021;MOTOTRICICLO;Cundinamarca;1
ELECTRICO;ACTIVO;22/10/2020;2020;AUTOMOVIL;Cundinamarca;1
ELECTRICO;ACTIVO;10/02/2022;2022;AUTOMOVIL;Bogota D.C.;1
ELECTRICO;ACTIVO;1/10/2020;2020;CAMIONETA;Bogota D.C.;1
ELECTRICO;ACTIVO;19/02/2021;2021;AUTOMOVIL;Bogota D.C.;1
ELECTRICO;ACTIVO;24/02/2021;2021;AUTOMOVIL;Risaralda;1
ELECTRICO;ACTIVO;27/07/2021;2021;AUTOMOVIL;Antioquia;1
ELECTRICO;ACTIVO;10/08/2021;2021;AUTOMOVIL;Bogota D.C.;1
ELECTRICO;ACTIVO;13/03/2020;2020;CUADRICICLO;Antioquia;1
ELECTRICO;ACTIVO;7/01/2021;2021;AUTOMOVIL;Santander;1
ELECTRICO;ACTIVO;3/05/2021;2021;AUTOMOVIL;Bogota D.C.;1
ELECTRICO;ACTIVO;19/07/2021;2021;AUTOMOVIL;Meta;1
ELECTRICO;ACTIVO;18/09/2020;2020;MOTOCARRO;Antioquia;1
ELECTRICO;ACTIVO;16/03/2021;2021;CAMIONETA;Cundinamarca;1
ELECTRICO;ACTIVO;23/07/2019;2019;AUTOMOVIL;Antioquia;1
ELECTRICO;ACTIVO;24/11/2021;2021;CAMION;Antioquia;1
ELECTRICO;ACTIVO;1/06/2020;2020;CAMION;Antioquia;1
ELECTRICO;ACTIVO;25/11/2021;2021;CAMION;Antioquia;1
ELECTRICO;ACTIVO;23/08/2021;2021;CAMION;Cundinamarca;1
ELECTRICO;ACTIVO;1/06/2020;2020;CAMION;Antioquia;1
ELECTRICO;ACTIVO;5/03/2021;2021;CAMION;Valle del Cauca;1
ELECTRICO;ACTIVO;25/11/2021;2021;CAMION;Antioquia;1
ELECTRICO;ACTIVO;15/03/2021;2021;CAMION;Antioquia;1
ELECTRICO;ACTIVO;3/02/2021;2021;CAMION;Santander;1
ELECTRICO;ACTIVO;25/11/2021;2021;CAMION;Antioquia;1
ELECTRICO;ACTIVO;25/11/2021;2021;CAMION;Antioquia;1
ELECTRICO;ACTIVO;7/01/2021;2021;CAMION;Antioquia;1
ELECTRICO;ACTIVO;23/08/2021;2021;CAMION;Cundinamarca;1
ELECTRICO;ACTIVO;29/07/2019;2019;AUTOMOVIL;Antioquia;1
ELECTRICO;ACTIVO;25/10/2019;2019;AUTOMOVIL;Bogota D.C.;1
ELECTRICO;ACTIVO;20/11/2020;2020;CUADRICICLO;Antioquia;1
ELECTRICO;ACTIVO;25/06/2019;2019;AUTOMOVIL;Antioquia;1
ELECTRICO;ACTIVO;9/12/2019;2019;AUTOMOVIL;Bogota D.C.;1
ELECTRICO;ACTIVO;27/02/2020;2020;AUTOMOVIL;Antioquia;1
ELECTRICO;ACTIVO;20/02/2020;2020;AUTOMOVIL;Bogota D.C.;1
ELECTRICO;ACTIVO;11/07/2020;2020;CAMION;Cundinamarca;1
ELECTRICO;ACTIVO;24/01/2020;2020;AUTOMOVIL;Bogota D.C.;1
ELECTRICO;ACTIVO;30/01/2021;2021;CAMION;Cundinamarca;1
ELECTRICO;ACTIVO;5/12/2019;2019;CAMION;Cundinamarca;1
ELECTRICO;ACTIVO;21/01/2020;2020;CAMION;Cundinamarca;1
ELECTRICO;ACTIVO;19/12/2019;2019;CAMION;Antioquia;1
ELECTRICO;ACTIVO;22/05/2019;2019;AUTOMOVIL;Bogota D.C.;1
ELECTRICO;ACTIVO;10/11/2020;2020;AUTOMOVIL;Cundinamarca;1
ELECTRICO;ACTIVO;18/03/2020;2020;AUTOMOVIL;Antioquia;1
ELECTRICO;ACTIVO;26/08/2020;2020;AUTOMOVIL;Bogota D.C.;1
ELECTRICO;ACTIVO;30/12/2019;2019;AUTOMOVIL;Bogota D.C.;1
ELECTRICO;ACTIVO;19/09/2019;2019;AUTOMOVIL;Antioquia;1
ELECTRICO;ACTIVO;29/02/2020;2020;AUTOMOVIL;Bogota D.C.;1
ELECTRICO;ACTIVO;19/02/2020;2020;AUTOMOVIL;Bogota D.C.;1
ELECTRICO;ACTIVO;18/06/2020;2020;BUS;Antioquia;1
ELECTRICO;ACTIVO;9/11/2020;2020;BUS;Bogota D.C.;1
ELECTRICO;ACTIVO;9/11/2020;2020;BUS;Bogota D.C.;1
ELECTRICO;ACTIVO;9/11/2020;2020;BUS;Bogota D.C.;1
ELECTRICO;ACTIVO;10/11/2020;2020;BUS;Bogota D.C.;1
ELECTRICO;ACTIVO;25/03/2021;2021;CAMIONETA;Bogota D.C.;1
ELECTRICO;ACTIVO;20/11/2019;2019;CAMIONETA;Bogota D.C.;1
ELECTRICO;ACTIVO;27/11/2019;2019;AUTOMOVIL;Valle del Cauca;1
ELECTRICO;ACTIVO;14/11/2019;2019;AUTOMOVIL;Bogota D.C.;1
ELECTRICO;ACTIVO;14/11/2019;2019;AUTOMOVIL;Bogota D.C.;1
ELECTRICO;ACTIVO;22/11/2019;2019;AUTOMOVIL;Bogota D.C.;1
ELECTRICO;ACTIVO;26/02/2019;2019;MOTOCICLETA;Risaralda;1
ELECTRICO;ACTIVO;15/07/2019;2019;AUTOMOVIL;Bogota D.C.;1
ELECTRICO;ACTIVO;17/06/2019;2019;AUTOMOVIL;Bogota D.C.;1
ELECTRICO;ACTIVO;19/09/2019;2019;AUTOMOVIL;Cundinamarca;1
ELECTRICO;ACTIVO;20/09/2019;2019;AUTOMOVIL;Antioquia;1
ELECTRICO;ACTIVO;12/02/2019;2019;MOTOCICLETA;Valle del Cauca;1
ELECTRICO;ACTIVO;5/09/2018;2018;CUADRICICLO;Antioquia;1
ELECTRICO;ACTIVO;31/01/2018;2018;AUTOMOVIL;Bogota D.C.;1
ELECTRICO;ACTIVO;30/11/2019;2019;AUTOMOVIL;Bogota D.C.;1
ELECTRICO;ACTIVO;14/08/2019;2019;AUTOMOVIL;Antioquia;1
ELECTRICO;ACTIVO;9/08/2019;2019;AUTOMOVIL;Bogota D.C.;1
ELECTRICO;ACTIVO;11/10/2019;2019;CUADRICICLO;Bogota D.C.;1
ELECTRICO;ACTIVO;26/04/2019;2019;CUADRICICLO;Bogota D.C.;1
ELECTRICO;ACTIVO;22/04/2019;2019;CUADRICICLO;Bogota D.C.;1
ELECTRICO;ACTIVO;22/04/2019;2019;CUADRICICLO;Antioquia;1
ELECTRICO;ACTIVO;12/04/2019;2019;CUADRICICLO;Antioquia;1
ELECTRICO;ACTIVO;4/04/2019;2019;CUADRICICLO;Antioquia;1
ELECTRICO;ACTIVO;18/06/2019;2019;CUADRICICLO;Bogota D.C.;1
ELECTRICO;ACTIVO;12/08/2019;2019;MOTOCICLETA;Cesar;1
ELECTRICO;ACTIVO;23/09/2019;2019;CAMION;Cundinamarca;1
ELECTRICO;ACTIVO;13/09/2019;2019;CAMION;Cundinamarca;1
ELECTRICO;ACTIVO;13/09/2019;2019;CAMION;Cundinamarca;1
ELECTRICO;ACTIVO;23/05/2019;2019;AUTOMOVIL;Atlantico;1
ELECTRICO;ACTIVO;11/07/2019;2019;AUTOMOVIL;Antioquia;1
ELECTRICO;ACTIVO;16/07/2019;2019;AUTOMOVIL;Bogota D.C.;1
ELECTRICO;ACTIVO;11/03/2020;2020;AUTOMOVIL;Antioquia;1
ELECTRICO;ACTIVO;4/07/2019;2019;AUTOMOVIL;Cundinamarca;1
ELECTRICO;ACTIVO;10/08/2021;2021;MOTOCARRO;Antioquia;1
ELECTRICO;ACTIVO;7/07/2021;2021;MOTOCARRO;Valle del Cauca;1
ELECTRICO;ACTIVO;27/02/2021;2021;AUTOMOVIL;Bogota D.C.;1
ELECTRICO;ACTIVO;13/09/2019;2019;AUTOMOVIL;Bogota D.C.;1
ELECTRICO;ACTIVO;16/09/2019;2019;AUTOMOVIL;Antioquia;1
ELECTRICO;ACTIVO;5/09/2019;2019;AUTOMOVIL;Antioquia;1
ELECTRICO;ACTIVO;16/04/2019;2019;AUTOMOVIL;Bogota D.C.;1
ELECTRICO;ACTIVO;13/08/2019;2019;AUTOMOVIL;Antioquia;1
ELECTRICO;ACTIVO;8/06/2019;2019;AUTOMOVIL;Antioquia;1
ELECTRICO;ACTIVO;8/06/2019;2019;AUTOMOVIL;Antioquia;1
ELECTRICO;ACTIVO;9/09/2019;2019;BUS;Valle del Cauca;1
ELECTRICO;ACTIVO;9/09/2019;2019;BUS;Valle del Cauca;1
ELECTRICO;ACTIVO;9/09/2019;2019;BUS;Valle del Cauca;1
ELECTRICO;ACTIVO;11/11/2020;2020;BUS;Bogota D.C.;1
ELECTRICO;ACTIVO;16/05/2019;2019;AUTOMOVIL;Bogota D.C.;1
ELECTRICO;ACTIVO;7/05/2019;2019;AUTOMOVIL;Antioquia;1
ELECTRICO;ACTIVO;25/09/2020;2020;CUADRICICLO;Cundinamarca;1
ELECTRICO;ACTIVO;29/08/2019;2019;MOTOCICLETA;Cundinamarca;1
ELECTRICO;ACTIVO;9/11/2017;2017;AUTOMOVIL;Antioquia;1
ELECTRICO;ACTIVO;26/02/2021;2021;AUTOMOVIL;Antioquia;1
ELECTRICO;ACTIVO;12/02/2021;2021;AUTOMOVIL;Antioquia;1
ELECTRICO;ACTIVO;5/10/2020;2020;AUTOMOVIL;Antioquia;1
ELECTRICO;ACTIVO;29/04/2019;2019;AUTOMOVIL;Bogota D.C.;1
ELECTRICO;ACTIVO;11/04/2019;2019;AUTOMOVIL;Antioquia;1
ELECTRICO;ACTIVO;24/02/2021;2021;AUTOMOVIL;Cundinamarca;1
ELECTRICO;ACTIVO;26/11/2021;2021;AUTOMOVIL;Cundinamarca;1
ELECTRICO;ACTIVO;11/05/2021;2021;CAMIONETA;Antioquia;1
ELECTRICO;ACTIVO;21/12/2020;2020;TRICIMOTO;Valle del Cauca;1
ELECTRICO;ACTIVO;18/06/2021;2021;CUADRICICLO;Bogota D.C.;1
ELECTRICO;ACTIVO;5/06/2021;2021;CUADRICICLO;Bogota D.C.;1
ELECTRICO;ACTIVO;19/06/2021;2021;CUADRICICLO;Antioquia;1
ELECTRICO;ACTIVO;31/05/2021;2021;CUADRICICLO;Risaralda;1
ELECTRICO;ACTIVO;29/02/2020;2020;AUTOMOVIL;Bogota D.C.;1
ELECTRICO;ACTIVO;16/07/2019;2019;AUTOMOVIL;Bogota D.C.;1
ELECTRICO;ACTIVO;23/07/2019;2019;AUTOMOVIL;Bogota D.C.;1
ELECTRICO;ACTIVO;8/07/2019;2019;AUTOMOVIL;Bogota D.C.;1
ELECTRICO;ACTIVO;27/08/2020;2020;TRICIMOTO;Valle del Cauca;1
ELECTRICO;ACTIVO;2/06/2021;2021;CAMIONETA;Bogota D.C.;1
ELECTRICO;ACTIVO;19/07/2021;2021;AUTOMOVIL;Antioquia;1
ELECTRICO;ACTIVO;6/09/2021;2021;CAMIONETA;Cundinamarca;1
ELECTRICO;ACTIVO;3/09/2021;2021;TRICIMOTO;Valle del Cauca;1
ELECTRICO;ACTIVO;21/07/2021;2021;AUTOMOVIL;Santander;1
ELECTRICO;ACTIVO;22/06/2021;2021;TRICIMOTO;Valle del Cauca;1
ELECTRICO;ACTIVO;14/12/2021;2021;TRICIMOTO;Magdalena;1
ELECTRICO;ACTIVO;20/10/2021;2021;CAMIONETA;Bogota D.C.;1
ELECTRICO;ACTIVO;30/09/2021;2021;CAMIONETA;Bogota D.C.;1
ELECTRICO;ACTIVO;12/10/2021;2021;CUADRICICLO;Antioquia;1
ELECTRICO;ACTIVO;11/10/2021;2021;CUADRICICLO;Antioquia;1
ELECTRICO;ACTIVO;13/10/2021;2021;CUADRICICLO;Antioquia;1
ELECTRICO;ACTIVO;23/09/2021;2021;CUADRICICLO;Antioquia;1
ELECTRICO;ACTIVO;28/09/2020;2020;CAMIONETA;Bogota D.C.;1
ELECTRICO;ACTIVO;5/11/2020;2020;CAMIONETA;Bogota D.C.;1
ELECTRICO;ACTIVO;12/10/2021;2021;AUTOMOVIL;Cundinamarca;1
ELECTRICO;ACTIVO;29/05/2020;2020;AUTOMOVIL;Bogota D.C.;1
ELECTRICO;ACTIVO;22/09/2021;2021;CAMIONETA;Antioquia;1
ELECTRICO;ACTIVO;22/10/2021;2021;CAMIONETA;Antioquia;1
ELECTRICO;ACTIVO;22/10/2021;2021;CAMIONETA;Antioquia;1
ELECTRICO;ACTIVO;6/08/2019;2019;AUTOMOVIL;Valle del Cauca;1
ELECTRICO;ACTIVO;16/08/2019;2019;AUTOMOVIL;Cundinamarca;1
ELECTRICO;ACTIVO;4/09/2020;2020;CUADRICICLO;Bogota D.C.;1
ELECTRICO;ACTIVO;22/05/2020;2020;CUADRICICLO;Boyaca;1
ELECTRICO;ACTIVO;18/09/2020;2020;CUADRICICLO;Antioquia;1
ELECTRICO;ACTIVO;8/07/2020;2020;CUADRICICLO;Antioquia;1
ELECTRICO;ACTIVO;1/06/2021;2021;CUADRICICLO;Bogota D.C.;1
ELECTRICO;ACTIVO;31/05/2021;2021;CUADRICICLO;Bogota D.C.;1
ELECTRICO;ACTIVO;21/01/2021;2021;CUADRICICLO;Antioquia;1
ELECTRICO;ACTIVO;17/03/2021;2021;CUADRICICLO;Bogota D.C.;1
ELECTRICO;ACTIVO;12/09/2019;2019;AUTOMOVIL;Antioquia;1
ELECTRICO;ACTIVO;31/07/2019;2019;CUADRICICLO;Santander;1
ELECTRICO;ACTIVO;29/05/2019;2019;CUADRICICLO;Santander;1
ELECTRICO;ACTIVO;11/09/2019;2019;CUADRICICLO;Bogota D.C.;1
ELECTRICO;ACTIVO;6/12/2019;2019;BUS;Antioquia;1
ELECTRICO;ACTIVO;6/12/2019;2019;BUS;Antioquia;1
ELECTRICO;ACTIVO;28/11/2019;2019;BUS;Antioquia;1
ELECTRICO;ACTIVO;31/08/2020;2020;TRICIMOTO;Valle del Cauca;1
ELECTRICO;ACTIVO;6/12/2019;2019;BUS;Antioquia;1
ELECTRICO;ACTIVO;28/11/2019;2019;BUS;Antioquia;1
ELECTRICO;ACTIVO;6/12/2019;2019;BUS;Antioquia;1
ELECTRICO;ACTIVO;6/12/2019;2019;BUS;Antioquia;1
ELECTRICO;ACTIVO;28/11/2019;2019;BUS;Antioquia;1
ELECTRICO;ACTIVO;4/03/2020;2020;AUTOMOVIL;Antioquia;1
ELECTRICO;ACTIVO;29/07/2020;2020;CUADRICICLO;Quindio;1
ELECTRICO;ACTIVO;31/01/2022;2022;CUADRICICLO;Cundinamarca;1
ELECTRICO;ACTIVO;22/07/2021;2021;AUTOMOVIL;Antioquia;1
ELECTRICO;ACTIVO;19/12/2019;2019;AUTOMOVIL;Caldas;1
ELECTRICO;ACTIVO;23/02/2022;2022;CAMIONETA;Antioquia;1
ELECTRICO;ACTIVO;12/03/2021;2021;CAMIONETA;Antioquia;1
ELECTRICO;ACTIVO;13/03/2020;2020;CUADRICICLO;Antioquia;1
ELECTRICO;ACTIVO;28/10/2021;2021;AUTOMOVIL;Antioquia;1
ELECTRICO;ACTIVO;16/07/2020;2020;AUTOMOVIL;Bogota D.C.;1
ELECTRICO;ACTIVO;6/03/2020;2020;CAMIONETA;Antioquia;1
ELECTRICO;ACTIVO;11/03/2020;2020;CAMIONETA;Antioquia;1
ELECTRICO;ACTIVO;3/09/2021;2021;TRICIMOTO;Valle del Cauca;1
ELECTRICO;ACTIVO;31/07/2020;2020;CUADRICICLO;Antioquia;1
ELECTRICO;ACTIVO;30/07/2020;2020;CUADRICICLO;Antioquia;1
ELECTRICO;ACTIVO;31/07/2020;2020;CUADRICICLO;Antioquia;1
ELECTRICO;ACTIVO;31/07/2020;2020;CUADRICICLO;Antioquia;1
ELECTRICO;ACTIVO;30/07/2020;2020;CUADRICICLO;Antioquia;1
ELECTRICO;ACTIVO;9/02/2022;2022;CAMIONETA;Bogota D.C.;1
ELECTRICO;ACTIVO;31/07/2020;2020;CUADRICICLO;Antioquia;1
ELECTRICO;ACTIVO;15/09/2021;2021;CAMIONETA;Bogota D.C.;1
ELECTRICO;ACTIVO;10/12/2021;2021;CAMIONETA;Bogota D.C.;1
ELECTRICO;ACTIVO;5/10/2021;2021;CUADRICICLO;Valle del Cauca;1
ELECTRICO;ACTIVO;12/05/2021;2021;CUADRICICLO;Antioquia;1
ELECTRICO;ACTIVO;13/05/2021;2021;CUADRICICLO;Antioquia;1
ELECTRICO;ACTIVO;13/05/2021;2021;CUADRICICLO;Antioquia;1
ELECTRICO;ACTIVO;25/03/2021;2021;CUADRICICLO;Bogota D.C.;1
ELECTRICO;ACTIVO;7/10/2021;2021;AUTOMOVIL;Bogota D.C.;1
ELECTRICO;ACTIVO;21/02/2022;2022;AUTOMOVIL;Bogota D.C.;1
ELECTRICO;ACTIVO;26/03/2022;2022;AUTOMOVIL;Bogota D.C.;1
ELECTRICO;ACTIVO;15/03/2022;2022;AUTOMOVIL;Bogota D.C.;1
ELECTRICO;ACTIVO;31/01/2022;2022;AUTOMOVIL;Bogota D.C.;1
ELECTRICO;ACTIVO;7/02/2022;2022;CAMIONETA;Cauca;1
ELECTRICO;ACTIVO;27/12/2021;2021;CAMIONETA;Bogota D.C.;1
ELECTRICO;ACTIVO;8/02/2022;2022;CAMIONETA;Cauca;1
ELECTRICO;ACTIVO;7/02/2022;2022;CAMIONETA;Cauca;1
ELECTRICO;ACTIVO;7/02/2022;2022;CAMIONETA;Cauca;1
ELECTRICO;ACTIVO;11/05/2021;2021;CAMIONETA;Bogota D.C.;1
ELECTRICO;ACTIVO;29/04/2021;2021;AUTOMOVIL;Santander;1
ELECTRICO;ACTIVO;2/10/2021;2021;CAMIONETA;Bogota D.C.;1
ELECTRICO;ACTIVO;9/09/2019;2019;BUS;Valle del Cauca;1
ELECTRICO;ACTIVO;4/05/2021;2021;CAMIONETA;Antioquia;1
ELECTRICO;ACTIVO;23/10/2021;2021;CAMIONETA;Valle del Cauca;1
ELECTRICO;ACTIVO;31/07/2021;2021;TRICIMOTO;Valle del Cauca;1
ELECTRICO;ACTIVO;29/05/2019;2019;AUTOMOVIL;Bogota D.C.;1
ELECTRICO;ACTIVO;2/08/2019;2019;AUTOMOVIL;Bogota D.C.;1
ELECTRICO;ACTIVO;17/02/2021;2021;CAMIONETA;Bolivar;1
ELECTRICO;ACTIVO;29/07/2019;2019;CAMIONETA;Antioquia;1
ELECTRICO;ACTIVO;11/05/2021;2021;CUADRICICLO;Antioquia;1
ELECTRICO;ACTIVO;14/03/2022;2022;AUTOMOVIL;Antioquia;1
ELECTRICO;ACTIVO;27/10/2021;2021;AUTOMOVIL;Bogota D.C.;1
ELECTRICO;ACTIVO;30/01/2021;2021;AUTOMOVIL;Bogota D.C.;1
ELECTRICO;ACTIVO;11/02/2021;2021;AUTOMOVIL;Antioquia;1
ELECTRICO;ACTIVO;11/11/2020;2020;AUTOMOVIL;Bogota D.C.;1
ELECTRICO;ACTIVO;2/02/2021;2021;BUS;Bogota D.C.;1
ELECTRICO;ACTIVO;2/02/2021;2021;BUS;Bogota D.C.;1
ELECTRICO;ACTIVO;1/02/2021;2021;BUS;Bogota D.C.;1
ELECTRICO;ACTIVO;2/02/2021;2021;BUS;Bogota D.C.;1
ELECTRICO;ACTIVO;24/05/2021;2021;AUTOMOVIL;Cundinamarca;1
ELECTRICO;ACTIVO;6/02/2021;2021;CAMIONETA;Bogota D.C.;1
ELECTRICO;ACTIVO;30/07/2019;2019;CAMIONETA;Antioquia;1
ELECTRICO;ACTIVO;30/07/2019;2019;CAMIONETA;Antioquia;1
ELECTRICO;ACTIVO;28/08/2019;2019;CAMIONETA;Antioquia;1
ELECTRICO;ACTIVO;28/08/2019;2019;CAMIONETA;Antioquia;1
ELECTRICO;ACTIVO;29/02/2020;2020;CAMIONETA;Cundinamarca;1
ELECTRICO;ACTIVO;5/01/2021;2021;CAMIONETA;Cundinamarca;1
ELECTRICO;ACTIVO;25/11/2020;2020;CAMIONETA;Bogota D.C.;1
ELECTRICO;ACTIVO;1/02/2021;2021;BUS;Bogota D.C.;1
ELECTRICO;ACTIVO;1/02/2021;2021;BUS;Bogota D.C.;1
ELECTRICO;ACTIVO;1/02/2021;2021;BUS;Bogota D.C.;1
ELECTRICO;ACTIVO;28/12/2020;2020;MOTOCICLETA;Antioquia;1
ELECTRICO;ACTIVO;24/06/2021;2021;TRICIMOTO;Valle del Cauca;1
ELECTRICO;ACTIVO;9/03/2020;2020;CAMIONETA;Antioquia;1
ELECTRICO;ACTIVO;20/12/2019;2019;AUTOMOVIL;Bogota D.C.;1
ELECTRICO;ACTIVO;4/08/2020;2020;AUTOMOVIL;Bogota D.C.;1
ELECTRICO;ACTIVO;26/02/2020;2020;AUTOMOVIL;Antioquia;1
ELECTRICO;ACTIVO;12/03/2020;2020;AUTOMOVIL;Antioquia;1
ELECTRICO;ACTIVO;16/07/2021;2021;AUTOMOVIL;Bogota D.C.;1
ELECTRICO;ACTIVO;27/07/2020;2020;MOTOCICLETA;Caldas;1
ELECTRICO;ACTIVO;12/05/2020;2020;CAMIONETA;Antioquia;1
ELECTRICO;ACTIVO;31/07/2021;2021;CUADRICICLO;Antioquia;1
ELECTRICO;ACTIVO;28/12/2020;2020;MOTOCICLETA;Antioquia;1
ELECTRICO;ACTIVO;27/09/2019;2019;AUTOMOVIL;Antioquia;1
ELECTRICO;ACTIVO;13/09/2019;2019;AUTOMOVIL;Bogota D.C.;1
ELECTRICO;ACTIVO;28/12/2020;2020;CUADRICICLO;Antioquia;1
ELECTRICO;ACTIVO;12/02/2021;2021;CUADRICICLO;Bogota D.C.;1
ELECTRICO;ACTIVO;14/12/2020;2020;AUTOMOVIL;Antioquia;1
ELECTRICO;ACTIVO;13/03/2020;2020;CUADRICICLO;Bogota D.C.;1
ELECTRICO;ACTIVO;13/05/2021;2021;CUADRICICLO;Bogota D.C.;1
ELECTRICO;ACTIVO;20/04/2021;2021;CUADRICICLO;Cundinamarca;1
ELECTRICO;ACTIVO;29/02/2020;2020;CUADRICICLO;Antioquia;1
ELECTRICO;ACTIVO;22/10/2020;2020;MOTOCICLETA;Cundinamarca;1
ELECTRICO;ACTIVO;6/07/2021;2021;CAMIONETA;Bogota D.C.;1
ELECTRICO;ACTIVO;17/09/2019;2019;AUTOMOVIL;Bogota D.C.;1
ELECTRICO;ACTIVO;29/08/2019;2019;AUTOMOVIL;Bogota D.C.;1
ELECTRICO;ACTIVO;30/08/2019;2019;AUTOMOVIL;Valle del Cauca;1
ELECTRICO;ACTIVO;29/08/2019;2019;AUTOMOVIL;Antioquia;1
ELECTRICO;ACTIVO;30/03/2021;2021;TRICIMOTO;Valle del Cauca;1
ELECTRICO;ACTIVO;27/09/2019;2019;AUTOMOVIL;Bogota D.C.;1
ELECTRICO;ACTIVO;27/09/2019;2019;AUTOMOVIL;Bogota D.C.;1
ELECTRICO;ACTIVO;16/10/2019;2019;AUTOMOVIL;Bogota D.C.;1
ELECTRICO;ACTIVO;20/09/2019;2019;AUTOMOVIL;Bogota D.C.;1
ELECTRICO;ACTIVO;6/08/2021;2021;AUTOMOVIL;Cundinamarca;1
ELECTRICO;ACTIVO;30/05/2020;2020;AUTOMOVIL;Bogota D.C.;1
ELECTRICO;ACTIVO;15/05/2020;2020;AUTOMOVIL;Bogota D.C.;1
ELECTRICO;ACTIVO;31/01/2022;2022;CAMION;Antioquia;1
ELECTRICO;ACTIVO;31/01/2022;2022;CAMION;Antioquia;1
ELECTRICO;ACTIVO;31/01/2022;2022;CAMION;Antioquia;1
ELECTRICO;ACTIVO;10/12/2021;2021;CAMION;Cundinamarca;1
ELECTRICO;ACTIVO;31/03/2022;2022;CAMION;Antioquia;1
ELECTRICO;ACTIVO;6/07/2021;2021;CAMIONETA;Antioquia;1
ELECTRICO;ACTIVO;19/01/2022;2022;CAMIONETA;Valle del Cauca;1
ELECTRICO;ACTIVO;26/05/2021;2021;CAMIONETA;Antioquia;1
ELECTRICO;ACTIVO;17/07/2020;2020;AUTOMOVIL;Bogota D.C.;1
ELECTRICO;ACTIVO;7/12/2021;2021;CAMIONETA;Caldas;1
ELECTRICO;ACTIVO;1/12/2021;2021;CAMIONETA;Bogota D.C.;1
ELECTRICO;ACTIVO;5/11/2020;2020;BUS;Bogota D.C.;1
ELECTRICO;ACTIVO;3/11/2021;2021;CAMION;Antioquia;1
ELECTRICO;ACTIVO;24/11/2021;2021;CAMION;Antioquia;1
ELECTRICO;ACTIVO;9/09/2019;2019;BUS;Valle del Cauca;1
ELECTRICO;ACTIVO;17/03/2021;2021;MOTOCARRO;Cundinamarca;1
ELECTRICO;ACTIVO;31/01/2022;2022;BUS;Bogota D.C.;1
ELECTRICO;ACTIVO;3/02/2022;2022;BUS;Bogota D.C.;1
ELECTRICO;ACTIVO;7/05/2021;2021;CAMIONETA;Antioquia;1
ELECTRICO;ACTIVO;27/05/2020;2020;AUTOMOVIL;Bogota D.C.;1
ELECTRICO;ACTIVO;20/01/2022;2022;AUTOMOVIL;Risaralda;1
ELECTRICO;ACTIVO;25/01/2022;2022;AUTOMOVIL;Bogota D.C.;1
ELECTRICO;ACTIVO;29/12/2021;2021;AUTOMOVIL;Cundinamarca;1
ELECTRICO;ACTIVO;28/12/2021;2021;AUTOMOVIL;Bogota D.C.;1
ELECTRICO;ACTIVO;30/12/2021;2021;AUTOMOVIL;Bogota D.C.;1
ELECTRICO;ACTIVO;24/11/2021;2021;AUTOMOVIL;Valle del Cauca;1
ELECTRICO;ACTIVO;6/11/2021;2021;AUTOMOVIL;Bogota D.C.;1
ELECTRICO;ACTIVO;17/03/2021;2021;AUTOMOVIL;Antioquia;1
ELECTRICO;ACTIVO;9/11/2020;2020;BUS;Bogota D.C.;1
ELECTRICO;ACTIVO;9/11/2020;2020;BUS;Bogota D.C.;1
ELECTRICO;ACTIVO;14/05/2021;2021;MOTOCARRO;Cundinamarca;1
ELECTRICO;ACTIVO;10/11/2020;2020;BUS;Bogota D.C.;1
ELECTRICO;ACTIVO;3/11/2020;2020;BUS;Bogota D.C.;1
ELECTRICO;ACTIVO;10/11/2020;2020;BUS;Bogota D.C.;1
ELECTRICO;ACTIVO;10/11/2020;2020;BUS;Bogota D.C.;1
ELECTRICO;ACTIVO;12/01/2022;2022;CAMIONETA;Bogota D.C.;1
ELECTRICO;ACTIVO;20/01/2022;2022;CAMIONETA;Bogota D.C.;1
ELECTRICO;ACTIVO;28/12/2021;2021;AUTOMOVIL;Bogota D.C.;1
ELECTRICO;ACTIVO;27/12/2021;2021;AUTOMOVIL;Bogota D.C.;1
ELECTRICO;ACTIVO;14/01/2022;2022;AUTOMOVIL;Bogota D.C.;1
ELECTRICO;ACTIVO;21/01/2022;2022;AUTOMOVIL;Bogota D.C.;1
ELECTRICO;ACTIVO;19/11/2021;2021;CAMIONETA;Cundinamarca;1
ELECTRICO;ACTIVO;4/12/2020;2020;BUS;Bogota D.C.;1
ELECTRICO;ACTIVO;14/11/2020;2020;BUS;Bogota D.C.;1
ELECTRICO;ACTIVO;4/12/2020;2020;BUS;Bogota D.C.;1
ELECTRICO;ACTIVO;19/11/2020;2020;BUS;Bogota D.C.;1
ELECTRICO;ACTIVO;4/12/2020;2020;BUS;Bogota D.C.;1
ELECTRICO;ACTIVO;21/01/2022;2022;MOTOCARRO;Cundinamarca;1
ELECTRICO;ACTIVO;24/02/2021;2021;TRICIMOTO;Valle del Cauca;1
ELECTRICO;ACTIVO;13/11/2020;2020;MOTOCARRO;Valle del Cauca;1
ELECTRICO;ACTIVO;10/12/2020;2020;MOTOCARRO;Valle del Cauca;1
ELECTRICO;ACTIVO;9/12/2020;2020;MOTOCARRO;Valle del Cauca;1
ELECTRICO;ACTIVO;28/12/2020;2020;CUADRICICLO;Antioquia;1
ELECTRICO;ACTIVO;13/05/2021;2021;CUADRICICLO;Antioquia;1
ELECTRICO;ACTIVO;23/02/2022;2022;CAMIONETA;Bogota D.C.;1
ELECTRICO;ACTIVO;24/02/2022;2022;CAMIONETA;Antioquia;1
ELECTRICO;ACTIVO;15/07/2021;2021;CAMIONETA;Bogota D.C.;1
ELECTRICO;ACTIVO;27/10/2021;2021;AUTOMOVIL;Bogota D.C.;1
ELECTRICO;ACTIVO;11/10/2021;2021;AUTOMOVIL;Bogota D.C.;1
ELECTRICO;ACTIVO;29/09/2021;2021;TRICIMOTO;Bogota D.C.;1
ELECTRICO;ACTIVO;19/01/2022;2022;BUS;Bogota D.C.;1
ELECTRICO;ACTIVO;19/01/2022;2022;BUS;Bogota D.C.;1
ELECTRICO;ACTIVO;19/01/2022;2022;BUS;Bogota D.C.;1
ELECTRICO;ACTIVO;19/01/2022;2022;BUS;Bogota D.C.;1
ELECTRICO;ACTIVO;19/01/2022;2022;BUS;Bogota D.C.;1
ELECTRICO;ACTIVO;25/06/2020;2020;CAMIONETA;Bogota D.C.;1
ELECTRICO;ACTIVO;28/12/2020;2020;CAMIONETA;Antioquia;1
ELECTRICO;ACTIVO;19/01/2022;2022;BUS;Bogota D.C.;1
ELECTRICO;ACTIVO;19/02/2022;2022;BUS;Bogota D.C.;1
ELECTRICO;ACTIVO;19/02/2022;2022;BUS;Bogota D.C.;1
ELECTRICO;ACTIVO;29/01/2022;2022;BUS;Bogota D.C.;1
ELECTRICO;ACTIVO;31/01/2022;2022;BUS;Bogota D.C.;1
ELECTRICO;ACTIVO;26/01/2022;2022;BUS;Bogota D.C.;1
ELECTRICO;ACTIVO;21/01/2022;2022;BUS;Bogota D.C.;1
ELECTRICO;ACTIVO;21/01/2022;2022;BUS;Bogota D.C.;1
ELECTRICO;ACTIVO;21/01/2022;2022;BUS;Bogota D.C.;1
ELECTRICO;ACTIVO;21/01/2022;2022;BUS;Bogota D.C.;1
ELECTRICO;ACTIVO;25/01/2022;2022;BUS;Bogota D.C.;1
ELECTRICO;ACTIVO;18/02/2022;2022;BUS;Bogota D.C.;1
ELECTRICO;ACTIVO;9/02/2022;2022;BUS;Bogota D.C.;1
ELECTRICO;ACTIVO;23/08/2021;2021;AUTOMOVIL;Bogota D.C.;1
ELECTRICO;ACTIVO;19/03/2022;2022;AUTOMOVIL;Bogota D.C.;1
ELECTRICO;ACTIVO;28/01/2022;2022;AUTOMOVIL;Bogota D.C.;1
ELECTRICO;ACTIVO;25/11/2021;2021;AUTOMOVIL;Antioquia;1
ELECTRICO;ACTIVO;26/01/2022;2022;BUS;Bogota D.C.;1
ELECTRICO;ACTIVO;1/02/2022;2022;BUS;Bogota D.C.;1
ELECTRICO;ACTIVO;1/02/2022;2022;CAMIONETA;Cundinamarca;1
ELECTRICO;ACTIVO;11/02/2022;2022;CAMIONETA;Bogota D.C.;1
ELECTRICO;ACTIVO;18/02/2020;2020;CAMIONETA;Antioquia;1
ELECTRICO;ACTIVO;28/04/2021;2021;CAMIONETA;Bogota D.C.;1
ELECTRICO;ACTIVO;22/05/2020;2020;TRICIMOTO;Antioquia;1
ELECTRICO;ACTIVO;5/02/2022;2022;BUS;Bogota D.C.;1
ELECTRICO;ACTIVO;19/02/2022;2022;BUS;Bogota D.C.;1
ELECTRICO;ACTIVO;24/02/2022;2022;BUS;Bogota D.C.;1
ELECTRICO;ACTIVO;26/02/2022;2022;BUS;Bogota D.C.;1
ELECTRICO;ACTIVO;24/01/2022;2022;BUS;Bogota D.C.;1
ELECTRICO;ACTIVO;31/01/2022;2022;BUS;Bogota D.C.;1
ELECTRICO;ACTIVO;23/02/2022;2022;BUS;Bogota D.C.;1
ELECTRICO;ACTIVO;1/02/2022;2022;BUS;Bogota D.C.;1
ELECTRICO;ACTIVO;18/02/2022;2022;BUS;Bogota D.C.;1
ELECTRICO;ACTIVO;9/02/2021;2021;CAMIONETA;Bogota D.C.;1
ELECTRICO;ACTIVO;28/12/2021;2021;AUTOMOVIL;Bogota D.C.;1
ELECTRICO;ACTIVO;5/11/2021;2021;CAMIONETA;Bogota D.C.;1
ELECTRICO;ACTIVO;18/02/2022;2022;BUS;Bogota D.C.;1
ELECTRICO;ACTIVO;29/01/2022;2022;BUS;Bogota D.C.;1
ELECTRICO;ACTIVO;2/02/2022;2022;BUS;Bogota D.C.;1
ELECTRICO;ACTIVO;18/02/2022;2022;BUS;Bogota D.C.;1
ELECTRICO;ACTIVO;19/02/2022;2022;BUS;Bogota D.C.;1
ELECTRICO;ACTIVO;18/02/2022;2022;BUS;Bogota D.C.;1
ELECTRICO;ACTIVO;24/01/2022;2022;BUS;Bogota D.C.;1
ELECTRICO;ACTIVO;3/12/2021;2021;MOTOCARRO;Cundinamarca;1
ELECTRICO;ACTIVO;10/11/2021;2021;MOTOCARRO;Cundinamarca;1
ELECTRICO;ACTIVO;30/10/2021;2021;AUTOMOVIL;Antioquia;1
ELECTRICO;ACTIVO;26/11/2021;2021;AUTOMOVIL;Antioquia;1
ELECTRICO;ACTIVO;24/01/2022;2022;BUS;Bogota D.C.;1
ELECTRICO;ACTIVO;24/01/2022;2022;BUS;Bogota D.C.;1
ELECTRICO;ACTIVO;24/01/2022;2022;BUS;Bogota D.C.;1
ELECTRICO;ACTIVO;1/02/2022;2022;BUS;Bogota D.C.;1
ELECTRICO;ACTIVO;24/01/2022;2022;BUS;Bogota D.C.;1
ELECTRICO;ACTIVO;5/02/2022;2022;BUS;Bogota D.C.;1
ELECTRICO;ACTIVO;11/11/2020;2020;BUS;Bogota D.C.;1
ELECTRICO;ACTIVO;11/11/2020;2020;BUS;Bogota D.C.;1
ELECTRICO;ACTIVO;11/11/2020;2020;BUS;Bogota D.C.;1
ELECTRICO;ACTIVO;11/11/2020;2020;BUS;Bogota D.C.;1
ELECTRICO;ACTIVO;13/11/2020;2020;BUS;Bogota D.C.;1
ELECTRICO;ACTIVO;11/11/2020;2020;BUS;Bogota D.C.;1
ELECTRICO;ACTIVO;11/11/2020;2020;BUS;Bogota D.C.;1
ELECTRICO;ACTIVO;29/12/2020;2020;BUS;Valle del Cauca;1
ELECTRICO;ACTIVO;26/11/2021;2021;CAMION;Antioquia;1
ELECTRICO;ACTIVO;4/11/2021;2021;MOTOCARRO;Antioquia;1
ELECTRICO;ACTIVO;30/06/2020;2020;AUTOMOVIL;Bogota D.C.;1
ELECTRICO;ACTIVO;13/03/2020;2020;AUTOMOVIL;Bogota D.C.;1
ELECTRICO;ACTIVO;14/04/2021;2021;AUTOMOVIL;Santander;1
ELECTRICO;ACTIVO;21/07/2021;2021;AUTOMOVIL;Santander;1
ELECTRICO;ACTIVO;13/01/2022;2022;CAMIONETA;Antioquia;1
ELECTRICO;ACTIVO;15/01/2022;2022;BUS;Bogota D.C.;1
ELECTRICO;ACTIVO;15/01/2022;2022;BUS;Bogota D.C.;1
ELECTRICO;ACTIVO;15/01/2022;2022;BUS;Bogota D.C.;1
ELECTRICO;ACTIVO;15/01/2022;2022;BUS;Bogota D.C.;1
ELECTRICO;ACTIVO;19/01/2022;2022;BUS;Bogota D.C.;1
ELECTRICO;ACTIVO;19/01/2022;2022;BUS;Bogota D.C.;1
ELECTRICO;ACTIVO;19/01/2022;2022;BUS;Bogota D.C.;1
ELECTRICO;ACTIVO;4/01/2022;2022;CAMION;Antioquia;1
ELECTRICO;ACTIVO;29/12/2021;2021;CAMION;Antioquia;1
ELECTRICO;ACTIVO;29/12/2021;2021;AUTOMOVIL;Cundinamarca;1
ELECTRICO;ACTIVO;12/03/2021;2021;CAMION;Cundinamarca;1
ELECTRICO;ACTIVO;25/11/2021;2021;AUTOMOVIL;Bogota D.C.;1
ELECTRICO;ACTIVO;25/11/2021;2021;CAMION;Antioquia;1
ELECTRICO;ACTIVO;30/06/2021;2021;AUTOMOVIL;Antioquia;1
ELECTRICO;ACTIVO;13/11/2020;2020;BUS;Bogota D.C.;1
ELECTRICO;ACTIVO;13/11/2020;2020;BUS;Bogota D.C.;1
ELECTRICO;ACTIVO;13/11/2020;2020;BUS;Bogota D.C.;1
ELECTRICO;ACTIVO;31/07/2020;2020;CUADRICICLO;Antioquia;1
ELECTRICO;ACTIVO;26/11/2021;2021;CUADRICICLO;Cundinamarca;1
ELECTRICO;ACTIVO;18/12/2021;2021;CAMIONETA;Antioquia;1
ELECTRICO;ACTIVO;26/11/2021;2021;CAMIONETA;Bogota D.C.;1
ELECTRICO;ACTIVO;14/05/2021;2021;MOTOCARRO;Cundinamarca;1
ELECTRICO;ACTIVO;7/04/2021;2021;MOTOCARRO;Cundinamarca;1
ELECTRICO;ACTIVO;28/12/2020;2020;CUADRICICLO;Antioquia;1
ELECTRICO;ACTIVO;28/12/2020;2020;CUADRICICLO;Antioquia;1
ELECTRICO;ACTIVO;28/12/2020;2020;CUADRICICLO;Antioquia;1
ELECTRICO;ACTIVO;28/12/2020;2020;CUADRICICLO;Antioquia;1
ELECTRICO;ACTIVO;28/12/2020;2020;CUADRICICLO;Antioquia;1
ELECTRICO;ACTIVO;28/12/2020;2020;CUADRICICLO;Antioquia;1
ELECTRICO;ACTIVO;28/12/2020;2020;CUADRICICLO;Antioquia;1
ELECTRICO;ACTIVO;29/12/2020;2020;CUADRICICLO;Antioquia;1
ELECTRICO;ACTIVO;30/07/2020;2020;CUADRICICLO;Antioquia;1
ELECTRICO;ACTIVO;30/07/2020;2020;CUADRICICLO;Antioquia;1
ELECTRICO;ACTIVO;30/07/2020;2020;CUADRICICLO;Antioquia;1
ELECTRICO;ACTIVO;30/07/2020;2020;CUADRICICLO;Antioquia;1
ELECTRICO;ACTIVO;31/07/2020;2020;CUADRICICLO;Antioquia;1
ELECTRICO;ACTIVO;28/12/2020;2020;CUADRICICLO;Antioquia;1
ELECTRICO;ACTIVO;29/11/2021;2021;CAMIONETA;Valle del Cauca;1
ELECTRICO;ACTIVO;4/12/2020;2020;BUS;Bogota D.C.;1
ELECTRICO;ACTIVO;3/12/2020;2020;BUS;Bogota D.C.;1
ELECTRICO;ACTIVO;3/12/2020;2020;BUS;Bogota D.C.;1
ELECTRICO;ACTIVO;3/12/2020;2020;BUS;Bogota D.C.;1
ELECTRICO;ACTIVO;3/12/2020;2020;BUS;Bogota D.C.;1
ELECTRICO;ACTIVO;3/12/2020;2020;BUS;Bogota D.C.;1
ELECTRICO;ACTIVO;4/01/2022;2022;CUADRICICLO;Valle del Cauca;1
ELECTRICO;ACTIVO;3/12/2020;2020;BUS;Bogota D.C.;1
ELECTRICO;ACTIVO;3/12/2020;2020;BUS;Bogota D.C.;1
ELECTRICO;ACTIVO;3/12/2020;2020;BUS;Bogota D.C.;1
ELECTRICO;ACTIVO;3/12/2020;2020;BUS;Bogota D.C.;1
ELECTRICO;ACTIVO;4/12/2020;2020;BUS;Bogota D.C.;1
ELECTRICO;ACTIVO;3/12/2020;2020;BUS;Bogota D.C.;1
ELECTRICO;ACTIVO;4/12/2020;2020;BUS;Bogota D.C.;1
ELECTRICO;ACTIVO;4/12/2020;2020;BUS;Bogota D.C.;1
ELECTRICO;ACTIVO;3/12/2020;2020;BUS;Bogota D.C.;1
ELECTRICO;ACTIVO;14/05/2021;2021;MOTOCARRO;Cundinamarca;1
ELECTRICO;ACTIVO;5/03/2021;2021;AUTOMOVIL;Bogota D.C.;1
ELECTRICO;ACTIVO;29/04/2021;2021;AUTOMOVIL;Bogota D.C.;1
ELECTRICO;ACTIVO;17/12/2020;2020;AUTOMOVIL;Bogota D.C.;1
ELECTRICO;ACTIVO;1/12/2020;2020;AUTOMOVIL;Antioquia;1
ELECTRICO;ACTIVO;13/01/2022;2022;AUTOMOVIL;Bogota D.C.;1
ELECTRICO;ACTIVO;31/01/2022;2022;CAMIONETA;Cundinamarca;1
ELECTRICO;ACTIVO;12/03/2021;2021;CAMION;Cundinamarca;1
ELECTRICO;ACTIVO;3/03/2022;2022;CAMIONETA;Bogota D.C.;1
ELECTRICO;ACTIVO;19/01/2022;2022;CAMIONETA;Valle del Cauca;1
ELECTRICO;ACTIVO;13/03/2020;2020;CUADRICICLO;Antioquia;1
ELECTRICO;ACTIVO;8/11/2021;2021;CAMIONETA;Norte de Santander;1
ELECTRICO;ACTIVO;6/10/2021;2021;CAMIONETA;Cundinamarca;1
ELECTRICO;ACTIVO;4/01/2022;2022;CAMIONETA;Santander;1
ELECTRICO;ACTIVO;20/10/2021;2021;TRICIMOTO;Valle del Cauca;1
ELECTRICO;ACTIVO;7/03/2022;2022;CAMIONETA;Bogota D.C.;1
ELECTRICO;ACTIVO;15/12/2021;2021;CAMIONETA;Bogota D.C.;1
ELECTRICO;ACTIVO;13/12/2021;2021;CAMIONETA;Bogota D.C.;1
ELECTRICO;ACTIVO;18/12/2021;2021;CAMIONETA;Antioquia;1
ELECTRICO;ACTIVO;12/02/2022;2022;MOTOCARRO;Meta;1
ELECTRICO;ACTIVO;28/01/2022;2022;AUTOMOVIL;Antioquia;1
ELECTRICO;ACTIVO;20/08/2021;2021;CAMION;Cundinamarca;1
ELECTRICO;ACTIVO;20/01/2022;2022;CAMION;Cundinamarca;1
ELECTRICO;ACTIVO;20/08/2021;2021;CAMION;Cundinamarca;1
ELECTRICO;ACTIVO;9/03/2020;2020;CAMION;Cundinamarca;1
ELECTRICO;ACTIVO;25/11/2021;2021;CAMION;Antioquia;1
ELECTRICO;ACTIVO;9/03/2020;2020;CAMION;Cundinamarca;1
ELECTRICO;ACTIVO;20/01/2022;2022;CAMION;Antioquia;1
ELECTRICO;ACTIVO;23/07/2020;2020;CAMION;Antioquia;1
ELECTRICO;ACTIVO;28/12/2021;2021;CAMIONETA;Cundinamarca;1
ELECTRICO;ACTIVO;5/01/2022;2022;CUADRICICLO;Cundinamarca;1
ELECTRICO;ACTIVO;14/12/2021;2021;AUTOMOVIL;Bogota D.C.;1
ELECTRICO;ACTIVO;14/03/2022;2022;AUTOMOVIL;Antioquia;1
ELECTRICO;ACTIVO;19/01/2022;2022;CUADRICICLO;Bogota D.C.;1
ELECTRICO;ACTIVO;30/12/2021;2021;AUTOMOVIL;Antioquia;1
ELECTRICO;ACTIVO;28/12/2020;2020;AUTOMOVIL;Bogota D.C.;1
ELECTRICO;ACTIVO;28/10/2020;2020;AUTOMOVIL;Bogota D.C.;1
ELECTRICO;ACTIVO;27/11/2021;2021;AUTOMOVIL;Antioquia;1
ELECTRICO;ACTIVO;2/06/2020;2020;MOTOCICLETA;Antioquia;1
ELECTRICO;ACTIVO;25/01/2022;2022;CUADRICICLO;Bogota D.C.;1
ELECTRICO;ACTIVO;30/12/2020;2020;AUTOMOVIL;Antioquia;1
ELECTRICO;ACTIVO;29/07/2021;2021;CUADRICICLO;Antioquia;1
ELECTRICO;ACTIVO;31/03/2022;2022;CAMIONETA;Cundinamarca;1
ELECTRICO;ACTIVO;2/11/2021;2021;AUTOMOVIL;Bogota D.C.;1
ELECTRICO;ACTIVO;2/11/2021;2021;AUTOMOVIL;Bogota D.C.;1
ELECTRICO;ACTIVO;21/10/2020;2020;AUTOMOVIL;Antioquia;1
ELECTRICO;ACTIVO;14/01/2022;2022;AUTOMOVIL;Antioquia;1
ELECTRICO;ACTIVO;7/03/2022;2022;CAMIONETA;Bogota D.C.;1
ELECTRICO;ACTIVO;14/02/2022;2022;AUTOMOVIL;Cundinamarca;1
ELECTRICO;ACTIVO;27/02/2022;2022;BUS;Bogota D.C.;1
ELECTRICO;ACTIVO;17/01/2022;2022;AUTOMOVIL;Bogota D.C.;1
ELECTRICO;ACTIVO;11/03/2022;2022;CAMIONETA;Antioquia;1
ELECTRICO;ACTIVO;18/01/2022;2022;CAMIONETA;Antioquia;1
ELECTRICO;ACTIVO;14/01/2022;2022;AUTOMOVIL;Bogota D.C.;1
ELECTRICO;ACTIVO;15/01/2022;2022;AUTOMOVIL;Antioquia;1
ELECTRICO;ACTIVO;2/02/2022;2022;TRICIMOTO;Valle del Cauca;1
ELECTRICO;ACTIVO;4/02/2022;2022;AUTOMOVIL;Santander;1
ELECTRICO;ACTIVO;25/03/2022;2022;BUS;Bogota D.C.;1
ELECTRICO;ACTIVO;17/03/2022;2022;BUS;Bogota D.C.;1
ELECTRICO;ACTIVO;26/02/2022;2022;BUS;Bogota D.C.;1
ELECTRICO;ACTIVO;12/03/2022;2022;BUS;Bogota D.C.;1
ELECTRICO;ACTIVO;12/03/2022;2022;BUS;Bogota D.C.;1
ELECTRICO;ACTIVO;26/02/2022;2022;BUS;Bogota D.C.;1
ELECTRICO;ACTIVO;16/03/2022;2022;BUS;Bogota D.C.;1
ELECTRICO;ACTIVO;15/02/2022;2022;AUTOMOVIL;Bogota D.C.;1
ELECTRICO;ACTIVO;11/03/2022;2022;CAMIONETA;Antioquia;1
ELECTRICO;ACTIVO;11/03/2022;2022;CAMIONETA;Antioquia;1
ELECTRICO;ACTIVO;11/03/2022;2022;CAMIONETA;Antioquia;1
ELECTRICO;ACTIVO;25/03/2022;2022;CUADRICICLO;Antioquia;1
ELECTRICO;ACTIVO;22/03/2022;2022;CUADRICICLO;Bogota D.C.;1
ELECTRICO;ACTIVO;14/03/2022;2022;BUS;Bogota D.C.;1
ELECTRICO;ACTIVO;14/03/2022;2022;BUS;Bogota D.C.;1
ELECTRICO;ACTIVO;14/03/2022;2022;BUS;Bogota D.C.;1
ELECTRICO;ACTIVO;15/03/2022;2022;BUS;Bogota D.C.;1
ELECTRICO;ACTIVO;14/03/2022;2022;BUS;Bogota D.C.;1
ELECTRICO;ACTIVO;14/03/2022;2022;BUS;Bogota D.C.;1
ELECTRICO;ACTIVO;15/03/2022;2022;BUS;Bogota D.C.;1
ELECTRICO;ACTIVO;11/03/2022;2022;CAMIONETA;Antioquia;1
ELECTRICO;ACTIVO;25/02/2022;2022;TRICIMOTO;Atlantico;1
ELECTRICO;ACTIVO;11/03/2022;2022;BUS;Bogota D.C.;1
ELECTRICO;ACTIVO;25/02/2022;2022;BUS;Bogota D.C.;1
ELECTRICO;ACTIVO;23/03/2022;2022;BUS;Bogota D.C.;1
ELECTRICO;ACTIVO;19/03/2022;2022;CUADRICICLO;Bogota D.C.;1
ELECTRICO;ACTIVO;15/02/2022;2022;CUADRICICLO;Bogota D.C.;1
ELECTRICO;ACTIVO;25/03/2022;2022;CUADRICICLO;Antioquia;1
ELECTRICO;ACTIVO;22/02/2022;2022;CUADRICICLO;Bogota D.C.;1
ELECTRICO;ACTIVO;11/02/2022;2022;AUTOMOVIL;Bogota D.C.;1
ELECTRICO;ACTIVO;14/02/2022;2022;CAMIONETA;Antioquia;1
ELECTRICO;ACTIVO;11/03/2022;2022;MOTOCICLETA;Bogota D.C.;1
ELECTRICO;ACTIVO;14/03/2022;2022;BUS;Bogota D.C.;1
ELECTRICO;ACTIVO;22/02/2022;2022;AUTOMOVIL;Bogota D.C.;1
ELECTRICO;ACTIVO;24/02/2022;2022;BUS;Bogota D.C.;1
ELECTRICO;ACTIVO;11/03/2022;2022;BUS;Bogota D.C.;1
ELECTRICO;ACTIVO;11/03/2022;2022;BUS;Bogota D.C.;1
ELECTRICO;ACTIVO;11/03/2022;2022;BUS;Bogota D.C.;1
ELECTRICO;ACTIVO;24/02/2022;2022;BUS;Bogota D.C.;1
ELECTRICO;ACTIVO;25/02/2022;2022;BUS;Bogota D.C.;1
ELECTRICO;ACTIVO;24/02/2022;2022;BUS;Bogota D.C.;1
ELECTRICO;ACTIVO;15/03/2022;2022;CUADRICICLO;Antioquia;1
ELECTRICO;ACTIVO;30/03/2022;2022;CUADRICICLO;Antioquia;1
ELECTRICO;ACTIVO;22/03/2022;2022;CAMIONETA;Santander;1
ELECTRICO;ACTIVO;22/03/2022;2022;CAMIONETA;Santander;1
ELECTRICO;ACTIVO;26/01/2022;2022;BUS;Bogota D.C.;1
ELECTRICO;ACTIVO;30/03/2022;2022;CAMIONETA;Bogota D.C.;1
ELECTRICO;ACTIVO;28/02/2022;2022;AUTOMOVIL;Cundinamarca;1
ELECTRICO;ACTIVO;30/03/2022;2022;CUADRICICLO;Antioquia;1
ELECTRICO;ACTIVO;30/03/2022;2022;CUADRICICLO;Antioquia;1
ELECTRICO;ACTIVO;30/03/2022;2022;CUADRICICLO;Antioquia;1
ELECTRICO;ACTIVO;30/03/2022;2022;CUADRICICLO;Antioquia;1
ELECTRICO;ACTIVO;30/03/2022;2022;CUADRICICLO;Antioquia;1
ELECTRICO;ACTIVO;30/03/2022;2022;CUADRICICLO;Antioquia;1
ELECTRICO;ACTIVO;30/03/2022;2022;CUADRICICLO;Antioquia;1
ELECTRICO;ACTIVO;30/03/2022;2022;CUADRICICLO;Antioquia;1
ELECTRICO;ACTIVO;30/03/2022;2022;CUADRICICLO;Antioquia;1
